"","LR pairs","organ","gender","regulate","logFC","FDR"
"1","PLG-LRP2","Kidney","Male","Up",-3.28311600773004,4.5964362230855e-23
"2","LTB-TNFRSF1A","Kidney","Male","Down",4.27487977282209,1.31143566115959e-22
"3","COL6A1-SDC1","Kidney","Male","Up",-2.33666479888959,4.03301542015283e-22
"4","LAMC2-ITGA3","Kidney","Male","Down",4.07198438488836,4.03301542015283e-22
"5","TIMP3-KDR","Kidney","Male","Up",-2.18001323602639,4.03301542015283e-22
"6","COMP-SDC1","Kidney","Male","Up",-5.67351232067133,1.00383317617976e-21
"7","LTB-LTBR","Kidney","Male","Down",4.36589941878472,2.11881820815005e-20
"8","ANXA2-CD44","Kidney","Male","Down",1.81016232437641,2.96877231865706e-20
"9","COL1A2-CD44","Kidney","Male","Down",2.58150702659601,4.48647656920261e-20
"10","FN1-SDC1","Kidney","Male","Up",-1.872234821969,5.90113601234153e-20
"11","COL3A1-ADGRG1","Kidney","Male","Down",1.52204137621613,6.05382423339648e-20
"12","APOE-SDC1","Kidney","Male","Up",-1.4496914010997,6.8618896374899e-20
"13","COL1A2-ITGA2","Kidney","Male","Down",2.30208351878835,1.06738053511554e-19
"14","ALB-LRP2","Kidney","Male","Up",-2.70643714744778,1.58992274782409e-19
"15","LAMC2-ITGB1","Kidney","Male","Down",3.44540366192273,1.70457262721759e-19
"16","ICAM1-MUC1","Kidney","Male","Down",1.26788263920024,3.28341327098782e-19
"17","TNC-ITGB6","Kidney","Male","Down",3.16019526579215,5.34231582539407e-19
"18","TNC-SDC1","Kidney","Male","Up",-1.87280534229317,1.1038060841043e-18
"19","PLTP-ABCA1","Kidney","Male","Up",-3.89234788659883,2.84897882829243e-18
"20","COL6A3-SDC4","Kidney","Male","Down",2.35777166325897,3.82972479401539e-18
"21","VIM-CD44","Kidney","Male","Down",1.4465186554134,4.3173687797366e-18
"22","LPL-LRP2","Kidney","Male","Up",-3.26433272085703,4.39406988623032e-18
"23","TNXB-SDC1","Kidney","Male","Up",-1.98144152127538,4.88192891051218e-18
"24","BGN-CD44","Kidney","Male","Down",1.63141508357239,5.93643345470091e-18
"25","POSTN-ITGB1","Kidney","Male","Down",1.54398094881689,9.50089270427965e-18
"26","VEGFA-PTPRB","Kidney","Male","Up",-1.57318784704235,1.50061666491356e-17
"27","GNAS-PTH1R","Kidney","Male","Up",-0.970362759678518,1.50573428185745e-17
"28","LAMC2-CD44","Kidney","Male","Down",5.10675157329767,1.60218383975451e-17
"29","THBS3-SDC1","Kidney","Male","Up",-2.23268821213661,2.19389541868721e-17
"30","EGF-ERBB2","Kidney","Male","Up",-2.27183343160721,2.23100546673755e-17
"31","COL4A1-CD44","Kidney","Male","Down",1.93219559745737,2.54128479295891e-17
"32","SERPINE2-PLAUR","Kidney","Male","Down",4.74387791567371,2.68946065570169e-17
"33","COL1A1-ITGA2","Kidney","Male","Down",2.4378971593567,4.41403757950211e-17
"34","COL1A1-CD44","Kidney","Male","Down",2.78709333532627,4.95272513760811e-17
"35","COL6A2-SDC1","Kidney","Male","Up",-1.59053167954013,5.23724412695814e-17
"36","COL4A2-CD44","Kidney","Male","Down",1.80377761667169,5.55343819292745e-17
"37","MIF-CD44","Kidney","Male","Down",1.10424208372731,8.67686767649809e-17
"38","PODXL-SELL","Kidney","Male","Up",-2.06626420448617,1.05695248015745e-16
"39","SELL-PODXL","Kidney","Male","Up",-2.06626420448617,1.05695248015745e-16
"40","SPP1-CD44","Kidney","Male","Down",1.93157984706221,1.05695248015745e-16
"41","SERPINE2-LRP1","Kidney","Male","Down",2.49052021575612,1.08433245594182e-16
"42","LAMC2-DAG1","Kidney","Male","Down",2.88147078685788,1.3982566421075e-16
"43","HGF-ITGB1","Kidney","Male","Down",1.88367627970501,1.77342835207023e-16
"44","BSG-ITGB2","Kidney","Male","Up",-1.20824502375421,1.95974878584756e-16
"45","HGF-ST14","Kidney","Male","Down",2.32075544397102,2.21586326058734e-16
"46","C1QB-LRP1","Kidney","Male","Up",-1.79070803063243,2.86946190984929e-16
"47","CCN2-ITGAM","Kidney","Male","Up",-1.72418073459449,3.91957735960027e-16
"48","LGALS9-P4HB","Kidney","Male","Down",1.7900319399064,3.96393130009843e-16
"49","COL3A1-DDR1","Kidney","Male","Down",1.32049225866349,4.21535869324805e-16
"50","BSG-SLC16A7","Kidney","Male","Up",-1.22617385842736,8.02037540117283e-16
"51","COL6A3-CD44","Kidney","Male","Down",3.7014093919936,9.59121673614416e-16
"52","LAMB2-CD44","Kidney","Male","Down",1.30486502070179,1.08231172546231e-15
"53","LAMC2-ITGA6","Kidney","Male","Down",3.05801388129863,1.18327944445829e-15
"54","COL6A2-CD44","Kidney","Male","Down",1.72956613364305,1.18327944445829e-15
"55","CALR-ITGA3","Kidney","Male","Down",0.827612679856096,1.18327944445829e-15
"56","COL1A2-ITGB1","Kidney","Male","Down",1.07043571848548,1.6415215650472e-15
"57","APOE-SORL1","Kidney","Male","Up",-0.866820219366361,1.64863109351066e-15
"58","HGF-MET","Kidney","Male","Down",2.99403239677559,2.03440452222534e-15
"59","APP-SORCS1","Kidney","Male","Up",-4.56666770072395,2.10795921299683e-15
"60","VCAM1-ITGB1","Kidney","Male","Down",1.0167530140869,2.76615249462317e-15
"61","TIMP1-ITGB1","Kidney","Male","Down",0.844829317561701,6.3545774661275e-15
"62","POSTN-EGFR","Kidney","Male","Down",1.82530478107785,6.51874122471794e-15
"63","HGF-PLXNB1","Kidney","Male","Down",1.75201242384195,6.98522997471978e-15
"64","APOM-LRP2","Kidney","Male","Up",-1.50026547614047,7.18572898778119e-15
"65","HSP90AA1-EGFR","Kidney","Male","Down",0.894824222430725,8.09591317120998e-15
"66","PLAT-LRP1","Kidney","Male","Up",-1.29367403995995,8.23393954502239e-15
"67","VEGFA-KDR","Kidney","Male","Up",-1.18357064750186,8.40051569228699e-15
"68","HGF-SDC2","Kidney","Male","Down",1.78681101896248,9.72653506507788e-15
"69","CYP27B1-VDR","Kidney","Male","Up",-4.624856072482,1.06799276333547e-14
"70","THBS2-ITGB1","Kidney","Male","Down",1.57610259512433,1.17946546175872e-14
"71","GNAS-GCGR","Kidney","Male","Up",-1.16291128652063,1.32741812101063e-14
"72","LAMC1-CD44","Kidney","Male","Down",1.77823422514993,1.48771396539936e-14
"73","GNAS-VIPR1","Kidney","Male","Up",-1.67962833260007,2.37194455169428e-14
"74","TCN2-LRP2","Kidney","Male","Up",-0.957151367048041,2.41207973203125e-14
"75","GAS6-MERTK","Kidney","Male","Up",-1.75152581281248,2.61750508260387e-14
"76","LGALS9-CD44","Kidney","Male","Down",3.33995971304593,3.07116672337076e-14
"77","BSG-SLC16A1","Kidney","Male","Up",-1.31163218759254,3.28075658607161e-14
"78","COL1A2-CD93","Kidney","Male","Down",1.07660590750925,3.32366513518847e-14
"79","EGF-NRP1","Kidney","Male","Up",-1.52558388584421,4.90060198173784e-14
"80","EGF-ERBB3","Kidney","Male","Up",-2.30286655739557,5.21907345986666e-14
"81","COL4A1-ITGB8","Kidney","Male","Down",1.06082335793157,6.21058061539817e-14
"82","S100A10-TRPV5","Kidney","Male","Down",2.79843961198263,6.57046045855375e-14
"83","THBS2-CD47","Kidney","Male","Down",2.35460731001559,8.22549179316576e-14
"84","COL3A1-ITGB1","Kidney","Male","Down",1.04793435757759,8.48553942681332e-14
"85","THBS2-NOTCH3","Kidney","Male","Down",1.65436256641556,8.92799141977637e-14
"86","COL4A4-CD44","Kidney","Male","Down",1.67166986571554,1.0387740544849e-13
"87","EGF-ERBB4","Kidney","Male","Up",-2.7241509925801,1.06463032220203e-13
"88","COL4A6-SDC1","Kidney","Male","Up",-1.4877448633153,1.07823393760109e-13
"89","FGF2-SDC1","Kidney","Male","Up",-1.42116017905841,1.09688166500052e-13
"90","CALM1-SELL","Kidney","Male","Up",-2.15781302217238,1.11763303296011e-13
"91","LAMA5-CD44","Kidney","Male","Down",1.31800117054152,1.2993707095779e-13
"92","LAMB1-CD44","Kidney","Male","Down",1.40445458398567,1.44937320733959e-13
"93","CCL2-CCR2","Kidney","Male","Down",3.3710623265966,1.73309879603803e-13
"94","CALM1-KCNQ1","Kidney","Male","Up",-0.90361369386528,1.86662033509384e-13
"95","FN1-ITGA3","Kidney","Male","Down",0.756548089373965,1.9221690239645e-13
"96","ANGPTL4-SDC2","Kidney","Male","Down",1.93391983477715,1.96849429002175e-13
"97","COL1A2-SDC1","Kidney","Male","Up",-0.829828522841352,2.03296103880973e-13
"98","FN1-CD44","Kidney","Male","Down",1.25443448773513,2.06873617832568e-13
"99","FGF2-ITGAV","Kidney","Male","Down",1.19811738796344,2.74622094882568e-13
"100","LTB-CD40","Kidney","Male","Down",5.12591490565756,2.92742541950069e-13
"101","IGFBP3-TMEM219","Kidney","Male","Up",-0.931262825276382,3.5139661554447e-13
"102","C1QA-CD93","Kidney","Male","Up",-0.898368203014801,3.85022420965622e-13
"103","TNC-PTPRB","Kidney","Male","Up",-1.41919340984418,4.96775501669885e-13
"104","LAMC2-ITGB4","Kidney","Male","Down",3.99562621211042,6.18121438444161e-13
"105","LAMB3-DAG1","Kidney","Male","Down",1.86187894003812,6.35479269813341e-13
"106","EGF-EGFR","Kidney","Male","Up",-2.11963811031674,7.73155364816352e-13
"107","TIMP1-CD63","Kidney","Male","Down",0.655597624490077,7.78115296864324e-13
"108","LRPAP1-SORT1","Kidney","Male","Up",-0.919202052429388,7.78115296864324e-13
"109","SEMA6D-KDR","Kidney","Male","Up",-2.29845671782875,8.78204985799955e-13
"110","FGF2-CD44","Kidney","Male","Down",2.37242049602958,1.6503823654004e-12
"111","FN1-ITGA2","Kidney","Male","Down",1.01532363974933,1.89724495924943e-12
"112","CXCL12-DPP4","Kidney","Male","Down",1.24755549950884,2.48095596748733e-12
"113","COL1A2-ITGB3","Kidney","Male","Down",3.00891928565125,2.55197349818995e-12
"114","S100A10-TRPV6","Kidney","Male","Down",1.32645411862038,2.62178126924654e-12
"115","SPP1-ITGB1","Kidney","Male","Down",0.630725523847738,3.3248460992691e-12
"116","CALR-ITGAV","Kidney","Male","Down",0.624169681089473,4.03776736942338e-12
"117","ARF4-LRP2","Kidney","Male","Up",-0.728844010240633,4.25228287165666e-12
"118","LRPAP1-LDLR","Kidney","Male","Up",-1.09509421406968,4.59643119292628e-12
"119","MIF-ACKR3","Kidney","Male","Up",-0.909162106712502,6.89199342382505e-12
"120","PLAU-PLAUR","Kidney","Male","Down",2.6770149292423,8.61716325382541e-12
"121","TIMP2-ITGA3","Kidney","Male","Down",0.679865693349675,9.01092036106743e-12
"122","DCN-TLR4","Kidney","Male","Up",-0.844814341829047,1.13886250749726e-11
"123","LAMC3-CD44","Kidney","Male","Down",1.864917286473,1.1466335478692e-11
"124","CLU-LRP8","Kidney","Male","Down",1.34586070123971,1.16636431180479e-11
"125","LAMA4-CD44","Kidney","Male","Down",3.38765967806147,1.57149265625507e-11
"126","SEMA4D-MET","Kidney","Male","Down",1.3858320122726,1.60382486331234e-11
"127","BSG-CD44","Kidney","Male","Down",0.812005470877997,1.67995627843093e-11
"128","PLAT-ITGAM","Kidney","Male","Up",-1.79713831993954,1.6918162535038e-11
"129","SEMA4B-DCBLD2","Kidney","Male","Down",1.35352312683533,2.10622530514531e-11
"130","C1QA-CSPG4","Kidney","Male","Up",-0.943331710821239,2.37454964802433e-11
"131","HSP90AA1-CFTR","Kidney","Male","Down",1.77833852931558,2.43795729112315e-11
"132","VCAM1-ITGA4","Kidney","Male","Down",1.36607124820095,2.89398376771426e-11
"133","ANGPTL4-CDH11","Kidney","Male","Down",2.35569759529059,3.53887051814539e-11
"134","ANGPTL4-CDH5","Kidney","Male","Down",1.87607230365902,4.67337440580279e-11
"135","EGF-CAV1","Kidney","Male","Up",-2.35194857085662,5.5036408986695e-11
"136","PTN-NRP1","Kidney","Male","Down",1.25780216687686,6.06824301507264e-11
"137","ANXA1-DYSF","Kidney","Male","Down",1.06601016133116,9.5652574167414e-11
"138","F8-LRP1","Kidney","Male","Up",-1.81308332751686,1.01508840253695e-10
"139","LGALS9-HAVCR2","Kidney","Male","Down",2.62326589138989,1.22689432271699e-10
"140","FGF1-CD44","Kidney","Male","Down",1.03936826052692,1.32809357328668e-10
"141","COL1A1-ITGA5","Kidney","Male","Down",1.43031153762325,1.35681472954487e-10
"142","COL3A1-DDR2","Kidney","Male","Down",1.49382423469522,1.54297282962726e-10
"143","SEMA6D-TYROBP","Kidney","Male","Up",-2.16706735472894,1.74415832265954e-10
"144","F13A1-ITGB1","Kidney","Male","Up",-0.946880253664858,2.22588981099834e-10
"145","COL6A1-CD44","Kidney","Male","Down",0.92953082115178,2.48458985230107e-10
"146","CLCF1-IL6ST","Kidney","Male","Down",1.19405290239771,2.56514668522133e-10
"147","COL1A2-ITGA11","Kidney","Male","Down",1.06878142481912,2.73187318568751e-10
"148","CFH-SELL","Kidney","Male","Up",-3.06102729142063,2.85549916249925e-10
"149","FBN1-ITGAV","Kidney","Male","Down",0.878030500202422,2.96317357442872e-10
"150","FN1-TNFRSF11B","Kidney","Male","Down",0.945170862546621,3.00794003998122e-10
"151","ICAM1-AHR","Kidney","Male","Down",1.34805373655244,3.1552958951272e-10
"152","HBEGF-ERBB2","Kidney","Male","Up",-1.12864422071224,3.41181388627401e-10
"153","CXCL12-ITGA5","Kidney","Male","Down",1.13042048421259,3.43917232293454e-10
"154","LTF-LRP1","Kidney","Male","Down",1.23009124314242,3.61463599678838e-10
"155","NRXN2-DAG1","Kidney","Male","Up",-1.09203761392122,3.66528222929684e-10
"156","EFNB1-ERBB2","Kidney","Male","Up",-0.772890218364569,4.00584038191021e-10
"157","COL1A1-DDR1","Kidney","Male","Down",1.38063357828261,5.13128323160111e-10
"158","CD47-SIRPA","Kidney","Male","Down",0.989758855611734,5.19063009721178e-10
"159","SIRPA-CD47","Kidney","Male","Down",0.989758855611734,5.19063009721178e-10
"160","SELL-CD34","Kidney","Male","Up",-2.50052508002257,5.21863616455203e-10
"161","CD34-SELL","Kidney","Male","Up",-2.50052508002257,5.21863616455203e-10
"162","RARRES2-CMKLR1","Kidney","Male","Up",-1.33274561572993,5.94941312790169e-10
"163","CEACAM1-SDC4","Kidney","Male","Up",-0.633191114859087,6.33806170201422e-10
"164","CLSTN1-NRXN2","Kidney","Male","Up",-0.923983035828412,6.8561418486783e-10
"165","CD14-ITGB2","Kidney","Male","Up",-0.896774951355105,6.85892551910357e-10
"166","COL4A3-CD44","Kidney","Male","Down",1.09195029527672,7.14100399136672e-10
"167","C3-NRP1","Kidney","Male","Down",0.716416064156005,8.81331734364792e-10
"168","COL1A1-CD93","Kidney","Male","Down",1.10186240076929,9.65803315580132e-10
"169","FGG-ITGB2","Kidney","Male","Up",-2.14084445885972,1.04256679849661e-09
"170","SERPING1-LRP1","Kidney","Male","Up",-0.725526306407574,1.07690116362951e-09
"171","PTGES3-PTGER1","Kidney","Male","Down",0.73028249655192,1.23163896323772e-09
"172","TGFB1-ITGB8","Kidney","Male","Down",0.885335587282966,1.54733387981599e-09
"173","TLN1-ITGB2","Kidney","Male","Up",-0.768317257728516,1.55516006312407e-09
"174","SEMA7A-ITGB1","Kidney","Male","Down",1.2212267400319,1.57275911082223e-09
"175","PTMA-VIPR1","Kidney","Male","Up",-0.750425564993018,1.63665175787089e-09
"176","VEGFA-NPR1","Kidney","Male","Up",-0.752314927377733,2.11840515204281e-09
"177","FGG-TLR4","Kidney","Male","Up",-2.53182251870071,2.17677727204018e-09
"178","SPINT1-ST14","Kidney","Male","Down",0.668391248773345,2.62667328709662e-09
"179","COL14A1-CD44","Kidney","Male","Down",2.02357594616662,2.639153074883e-09
"180","CALM1-KCNQ3","Kidney","Male","Down",2.38425341473873,3.21597072981686e-09
"181","DCN-TLR2","Kidney","Male","Up",-1.0649857493231,3.93710038903891e-09
"182","C1QA-CD33","Kidney","Male","Up",-1.72276669832299,4.64575503607781e-09
"183","HSPG2-DAG1","Kidney","Male","Up",-0.56848504402543,5.17973158172354e-09
"184","ACE-BDKRB2","Kidney","Male","Up",-2.76397530722548,5.31410985936338e-09
"185","SEMA3F-NRP1","Kidney","Male","Down",0.659857726474344,6.20785706571444e-09
"186","ADAM17-CD9","Kidney","Male","Up",-0.750046740450481,6.22694141328465e-09
"187","CALM2-KCNQ3","Kidney","Male","Down",2.39421529186786,7.47749198070545e-09
"188","ICAM1-ITGAL","Kidney","Male","Down",2.06296639658697,7.59282108336933e-09
"189","SERPINE1-VLDLR","Kidney","Male","Down",1.73126161727077,7.91318585264675e-09
"190","F8-LDLR","Kidney","Male","Up",-1.65075197049358,7.9705459052693e-09
"191","SPON2-ITGB1","Kidney","Male","Down",0.734521591868264,8.35233319077997e-09
"192","SRPX2-PLAUR","Kidney","Male","Down",3.67063128097176,8.49790716638374e-09
"193","FGF2-GPC4","Kidney","Male","Down",1.25214394457209,9.17308540667147e-09
"194","THBS1-VLDLR","Kidney","Male","Down",0.693325320294561,9.82330140505385e-09
"195","C1QB-CD33","Kidney","Male","Up",-2.51169606768366,1.01245957413922e-08
"196","SEMA3F-PLXNA3","Kidney","Male","Down",1.18124043773922,1.48048404977184e-08
"197","FN1-PLAUR","Kidney","Male","Down",1.22457483611768,1.56759602172472e-08
"198","TNC-ITGAV","Kidney","Male","Down",0.620939154155316,1.63295338227016e-08
"199","CD14-TLR4","Kidney","Male","Up",-0.917752455248136,1.80547609161999e-08
"200","COL4A5-CD44","Kidney","Male","Down",1.29318022021026,2.05199236962854e-08
"201","ALOX5AP-ALOX5","Kidney","Male","Up",-1.9321615324116,2.29183172261064e-08
"202","APP-SORL1","Kidney","Male","Up",-0.502679739629377,2.46823707640598e-08
"203","FGF2-NRP1","Kidney","Male","Down",0.909530911218339,2.49081530503334e-08
"204","CALM1-FAS","Kidney","Male","Down",0.777105618335453,3.35928093997359e-08
"205","COL1A1-DDR2","Kidney","Male","Down",1.59108717020013,3.42150702994349e-08
"206","THBS1-ITGB3","Kidney","Male","Down",1.31867519704628,3.44327083487043e-08
"207","EBI3-IL6ST","Kidney","Male","Up",-2.37475276582507,3.53000605052668e-08
"208","ANGPT2-ITGAV","Kidney","Male","Down",1.34385613184375,4.03464031361097e-08
"209","LIF-IL6ST","Kidney","Male","Down",1.70819177129503,4.46975796086794e-08
"210","GJA5-GJA5","Kidney","Male","Up",-0.827702184069966,4.86964225021976e-08
"211","CXCL12-ITGB3","Kidney","Male","Down",2.33732439708741,5.09495858241458e-08
"212","LGI3-FLOT1","Kidney","Male","Up",-6.93061949798357,5.57906027123171e-08
"213","EFNA1-EPHA1","Kidney","Male","Down",1.25685945847717,6.04857502347631e-08
"214","ANGPTL4-SDC3","Kidney","Male","Down",1.61024914250441,6.12841251835361e-08
"215","BSG-CAV1","Kidney","Male","Up",-0.660176184141582,6.19672914318219e-08
"216","PLAU-LRP1","Kidney","Male","Down",1.02955091660979,7.0571376482067e-08
"217","LAMA3-CD44","Kidney","Male","Down",2.27285427952184,9.09532572664919e-08
"218","PTPRC-MRC1","Kidney","Male","Up",-1.42136075027437,9.09532572664919e-08
"219","MRC1-PTPRC","Kidney","Male","Up",-1.42136075027437,9.09532572664919e-08
"220","MMP9-TLR4","Kidney","Male","Up",-3.20404755054609,9.86340169417164e-08
"221","LGALS9-CD40","Kidney","Male","Down",2.23844094285063,1.07784959398199e-07
"222","LAMA1-CD44","Kidney","Male","Down",1.73106187280692,1.08157000237973e-07
"223","APP-TSPAN15","Kidney","Male","Up",-0.594133910923482,1.10375234565904e-07
"224","FGF9-FGFR2","Kidney","Male","Up",-1.44251362019306,1.14350995035544e-07
"225","FGF2-SDC2","Kidney","Male","Down",0.925691489615246,1.21000282450821e-07
"226","WNT2-SFRP1","Kidney","Male","Up",-6.86286128659381,1.29720037093168e-07
"227","CD14-TLR2","Kidney","Male","Up",-1.20755020847027,1.33248343196904e-07
"228","TGFB3-TGFBR2","Kidney","Male","Up",-0.873073239099113,1.48356651968697e-07
"229","HMGB1-TLR2","Kidney","Male","Up",-0.956308797382891,1.52632254339938e-07
"230","SULT1A1-PPARA","Kidney","Male","Up",-1.21440016300131,1.61777629541017e-07
"231","ITGAV-THY1","Kidney","Male","Down",0.549421866745356,1.69457853446167e-07
"232","LIF-LIFR","Kidney","Male","Down",2.0792190365583,1.70677943642578e-07
"233","RTN4-CNTNAP1","Kidney","Male","Down",0.808877310880401,1.71251310879617e-07
"234","MMP9-ITGB2","Kidney","Male","Up",-2.52774612701308,1.71926382697609e-07
"235","HBEGF-ERBB3","Kidney","Male","Up",-1.12236022943474,1.76159468782873e-07
"236","CALM3-KCNQ3","Kidney","Male","Down",2.52723804173312,2.03311408853678e-07
"237","THBS2-ITGA4","Kidney","Male","Down",1.88988689360877,2.5402204413263e-07
"238","BGN-P2RX7","Kidney","Male","Down",1.2552120425678,2.66392742270987e-07
"239","SLIT2-APP","Kidney","Male","Up",-0.604600644418096,2.80059193883683e-07
"240","TIMP1-LRP1","Kidney","Male","Down",0.525831286784569,2.83126086028177e-07
"241","SLIT2-ROBO4","Kidney","Male","Up",-1.24659196159013,2.93211557030162e-07
"242","INHBA-ENG","Kidney","Male","Down",1.10829573433737,3.02633624787249e-07
"243","SHH-GPC1","Kidney","Male","Down",1.87681794671837,3.1095594757089e-07
"244","ITGB2-ICAM2","Kidney","Male","Up",-0.915610912356419,3.21654608154953e-07
"245","ICAM2-ITGB2","Kidney","Male","Up",-0.915610912356419,3.21654608154953e-07
"246","VWF-LRP1","Kidney","Male","Up",-1.01738245314565,3.34510173503248e-07
"247","APP-CD47","Kidney","Male","Down",0.466452072479775,3.51724527636293e-07
"248","APP-NGFR","Kidney","Male","Up",-0.948002708792984,3.61090602284473e-07
"249","COL5A1-SDC3","Kidney","Male","Down",1.53927458397836,3.77571706761835e-07
"250","COL1A1-SDC1","Kidney","Male","Up",-0.797624086366294,4.02992258456986e-07
"251","EFNB1-EPHB4","Kidney","Male","Up",-0.69722111978794,6.27500491949269e-07
"252","APP-VLDLR","Kidney","Male","Down",0.492656408178146,6.44833853421056e-07
"253","LPL-VLDLR","Kidney","Male","Up",-1.83001402698091,6.52096427041997e-07
"254","CALM1-KCNN4","Kidney","Male","Down",1.73296854347581,7.1370895752469e-07
"255","DHCR7-RORC","Kidney","Male","Up",-1.74193102369599,8.09726323125127e-07
"256","HSPG2-COL13A1","Kidney","Male","Up",-1.31186750439059,8.28013616463825e-07
"257","DLK1-NOTCH3","Kidney","Male","Down",6.13524859571063,8.41204277977954e-07
"258","RTN4-NGFR","Kidney","Male","Up",-0.879744371616485,8.77802798326322e-07
"259","PLAU-MRC2","Kidney","Male","Down",1.18345004662519,9.17157670182443e-07
"260","BMP7-ENG","Kidney","Male","Up",-0.718282904844255,1.017366693209e-06
"261","VEGFA-FLT1","Kidney","Male","Up",-0.539749733528182,1.02216877763008e-06
"262","C1QTNF1-AVPR2","Kidney","Male","Up",-1.4538381350914,1.03692748295843e-06
"263","JAG2-NOTCH3","Kidney","Male","Down",0.755332474300806,1.07962415109058e-06
"264","AFDN-EPHB6","Kidney","Male","Up",-1.33308138802616,1.12579921906047e-06
"265","MMP9-LRP1","Kidney","Male","Up",-2.5075205852887,1.1282860818542e-06
"266","DLL1-NOTCH1","Kidney","Male","Up",-1.42808953309742,1.1420123379812e-06
"267","FGF2-FGFR4","Kidney","Male","Down",0.938229837288518,1.39059330626846e-06
"268","DHCR7-RORA","Kidney","Male","Up",-1.27153647021884,1.5412311674188e-06
"269","F13A1-ITGA9","Kidney","Male","Up",-1.5738860579051,1.8033192526917e-06
"270","ANGPT1-TEK","Kidney","Male","Up",-1.19894465585058,1.82655063987189e-06
"271","WNT2-FZD4","Kidney","Male","Up",-6.45280440370419,2.16144724526306e-06
"272","COL1A1-ITGA11","Kidney","Male","Down",1.05809011860056,2.17903642956011e-06
"273","DHCR7-NR1H2","Kidney","Male","Up",-0.702461607520121,2.26245785558892e-06
"274","COL4A2-ADGRG6","Kidney","Male","Down",0.932014262929661,2.43930301300745e-06
"275","INHBA-TGFBR3","Kidney","Male","Down",1.49312975970348,2.70744765667781e-06
"276","CXCL12-ITGA4","Kidney","Male","Down",1.08657873395599,2.71261512799358e-06
"277","CLU-VLDLR","Kidney","Male","Down",0.492480851569394,3.05861960321283e-06
"278","SHH-PVR","Kidney","Male","Down",2.21330702729799,3.09464247010102e-06
"279","EFNB1-EGFR","Kidney","Male","Up",-0.643069926865495,3.41364802964479e-06
"280","FGA-TLR4","Kidney","Male","Up",-1.51953272014933,3.54579360317449e-06
"281","EFNA4-EPHA2","Kidney","Male","Down",1.62842315389413,3.63796066499292e-06
"282","CLCF1-LIFR","Kidney","Male","Down",1.00366807936187,3.70180014824695e-06
"283","S100A4-EGFR","Kidney","Male","Down",0.559460179643515,3.70970566886559e-06
"284","GNAI2-C5AR1","Kidney","Male","Up",-0.796671991052695,3.70970566886559e-06
"285","CDH1-PTPRM","Kidney","Male","Up",-0.613410830724401,3.83945130607688e-06
"286","CX3CL1-ITGB3","Kidney","Male","Down",1.4084231306374,3.87284615128993e-06
"287","HBEGF-CD44","Kidney","Male","Down",0.987227668634662,4.00146962674282e-06
"288","PTN-SDC1","Kidney","Male","Up",-1.18597011616222,5.66697773211528e-06
"289","CD44-TYROBP","Kidney","Male","Down",0.767338407733226,5.83955632036482e-06
"290","CXCL14-CXCR4","Kidney","Male","Up",-0.68965005596685,5.8620386196138e-06
"291","VCAN-ITGB1","Kidney","Male","Down",0.552741940494501,6.07908878140875e-06
"292","ANGPTL4-GPIHBP1","Kidney","Male","Down",1.67965914004387,6.40071829999049e-06
"293","TENM1-ADGRL2","Kidney","Male","Up",-1.37866388554936,6.43104136336798e-06
"294","LAMA1-ITGB8","Kidney","Male","Down",0.973714668421974,7.19668707599803e-06
"295","COL4A1-ADGRG6","Kidney","Male","Down",0.895642516423355,7.22456158303097e-06
"296","CDH1-PTPRJ","Kidney","Male","Up",-0.707342004129095,7.4433447196468e-06
"297","COL4A6-ITGB1","Kidney","Male","Down",0.684784417134179,8.27672974235289e-06
"298","RTN4-LINGO1","Kidney","Male","Up",-0.604805034424519,9.16482837526122e-06
"299","BMP7-BMPR2","Kidney","Male","Up",-0.960160751055898,9.66954110197208e-06
"300","FGF2-FGFR1","Kidney","Male","Down",0.934181042770652,9.77548411777856e-06
"301","MMP12-PLAUR","Kidney","Male","Down",5.7171245632539,9.9299013250307e-06
"302","BMP7-BMPR1B","Kidney","Male","Up",-1.62980840223947,9.94936895008048e-06
"303","CXCL9-DPP4","Kidney","Male","Up",-1.5598269509332,9.94936895008048e-06
"304","CDH1-ITGB7","Kidney","Male","Up",-1.1658924521985,1.07810762262965e-05
"305","L1CAM-ITGB3","Kidney","Male","Down",1.69191548117901,1.15229371796289e-05
"306","HBEGF-CD82","Kidney","Male","Up",-1.03431557144211,1.25804064652549e-05
"307","PTN-SDC2","Kidney","Male","Down",0.77405553590497,1.30853303159685e-05
"308","ITGB2-THY1","Kidney","Male","Up",-0.589919242952718,1.34986463679178e-05
"309","LGALS9-IGHM","Kidney","Male","Up",-2.57451052930167,1.51426412104883e-05
"310","BMP2-RGMB","Kidney","Male","Down",1.38563680109521,1.58617915717038e-05
"311","TAX1BP3-ADGRB2","Kidney","Male","Down",1.02714283762096,1.60016504169638e-05
"312","ANGPTL3-ITGB3","Kidney","Male","Down",2.02012248962162,1.65370447708717e-05
"313","HMGB1-ITGAM","Kidney","Male","Up",-0.919922184286816,1.86594850130535e-05
"314","OXT-AVPR2","Kidney","Male","Up",-3.02916746153315,2.0188210855848e-05
"315","DLK1-NOTCH2","Kidney","Male","Down",5.50545091237624,2.03767307792379e-05
"316","RTN4-RTN4RL2","Kidney","Male","Up",-0.848530867098395,2.1522861921025e-05
"317","TENM4-ADGRL2","Kidney","Male","Down",1.55804142557456,2.15996590756952e-05
"318","LAMB2-SV2C","Kidney","Male","Up",-5.49238092827242,2.46715221467406e-05
"319","MDK-TSPAN1","Kidney","Male","Down",0.902150546681106,2.5839421310426e-05
"320","DCN-ERBB4","Kidney","Male","Up",-0.540492909058431,2.90893864426883e-05
"321","TGFB3-ACVRL1","Kidney","Male","Up",-0.989391385700674,2.9140780924227e-05
"322","GJA1-GJA5","Kidney","Male","Up",-0.609049856809781,3.08931724669861e-05
"323","NECTIN3-PVR","Kidney","Male","Down",1.15278238637622,3.22278198075962e-05
"324","PVR-NECTIN3","Kidney","Male","Down",1.15278238637622,3.22278198075962e-05
"325","ALCAM-CD6","Kidney","Male","Down",2.28975733697586,3.26479683022285e-05
"326","CD6-ALCAM","Kidney","Male","Down",2.28975733697586,3.26479683022285e-05
"327","VEGFC-KDR","Kidney","Male","Up",-1.12383084234738,3.56172680504899e-05
"328","NTN4-DCC","Kidney","Male","Up",-5.53619475570691,3.93980392822548e-05
"329","PTGES-PTGER1","Kidney","Male","Down",1.00739078510155,4.25252692396956e-05
"330","SOSTDC1-LRP6","Kidney","Male","Up",-1.51002940740992,4.4804724017205e-05
"331","PLAU-ITGB2","Kidney","Male","Down",0.647747779742608,5.07348741363434e-05
"332","CDH1-CDH1","Kidney","Male","Up",-0.529443526391244,5.23920334367171e-05
"333","JAM3-ITGAL","Kidney","Male","Down",1.44558127673534,5.42457870085455e-05
"334","NPNT-ITGA8","Kidney","Male","Up",-0.643923017048871,5.91479850234405e-05
"335","CXCL10-TLR4","Kidney","Male","Down",1.54819417660896,6.05936683476781e-05
"336","FGA-ITGB2","Kidney","Male","Up",-1.01565010408566,6.6311016226451e-05
"337","TGFB3-ENG","Kidney","Male","Up",-0.598603304444628,7.5375747411351e-05
"338","FGF9-FGFR1","Kidney","Male","Up",-0.825428516015607,8.30443628887701e-05
"339","CSF1-CSF1R","Kidney","Male","Up",-0.929915710088229,8.40010509032648e-05
"340","IL27-IL6ST","Kidney","Male","Up",-5.34557820222389,8.46956260727309e-05
"341","FN1-ITGB8","Kidney","Male","Down",0.488138426093997,8.46956260727309e-05
"342","TLN1-ITGAL","Kidney","Male","Down",0.738305094810183,9.5681525141359e-05
"343","IGF1-INSR","Kidney","Male","Up",-1.65327761044671,9.83368814471472e-05
"344","THBS3-CD47","Kidney","Male","Down",0.717136826062035,0.000101347051272312
"345","SEMA3F-NRP2","Kidney","Male","Down",0.739599675164891,0.000103390405577855
"346","ADM-CALCRL","Kidney","Male","Up",-0.689792789934702,0.000106493164361015
"347","WNT2-LRP5","Kidney","Male","Up",-5.5126899044929,0.000119429711848047
"348","ADAM12-SDC4","Kidney","Male","Down",0.8742264177269,0.000133739436949312
"349","APOE-LRP8","Kidney","Male","Down",0.791991310468209,0.000144145165027003
"350","CFH-ITGAM","Kidney","Male","Up",-1.07128954208763,0.000150998638331993
"351","NECTIN1-NECTIN3","Kidney","Male","Down",1.60355866726229,0.000164522626884002
"352","NECTIN3-NECTIN1","Kidney","Male","Down",1.60355866726229,0.000164522626884002
"353","LAMB1-DAG1","Kidney","Male","Up",-0.445480109701392,0.000167089374275474
"354","FGF11-FGFR2","Kidney","Male","Up",-2.18793451868054,0.000202677923966707
"355","EFEMP1-EGFR","Kidney","Male","Down",0.496055238489774,0.000208718998480531
"356","LGALS3-LAG3","Kidney","Male","Up",-1.71224213982363,0.000228839926043864
"357","ANGPT2-ITGB1","Kidney","Male","Down",0.742537359200145,0.000233248487837159
"358","ADAM15-ITGB3","Kidney","Male","Down",1.61706577404524,0.000255878925559442
"359","MDK-NCL","Kidney","Male","Down",0.587093484767427,0.000255878925559442
"360","SHH-SMO","Kidney","Male","Down",1.59486732193542,0.000257574439692711
"361","HSP90B1-TLR2","Kidney","Male","Up",-0.503443756755344,0.000274430940385874
"362","CCL5-SDC1","Kidney","Male","Up",-2.11839431286532,0.000288865959145675
"363","PCSK9-SORT1","Kidney","Male","Up",-5.16402696949956,0.000312343066983752
"364","APP-DCC","Kidney","Male","Up",-7.26483391508077,0.000330311834480757
"365","SELPLG-VSIR","Kidney","Male","Up",-0.993885475655021,0.000334934143337323
"366","FN1-ITGA9","Kidney","Male","Up",-0.679939755303765,0.000334934143337323
"367","PCSK9-APLP2","Kidney","Male","Up",-7.23756624344657,0.000374718983478937
"368","LGALS3-MAG","Kidney","Male","Up",-1.59722432359395,0.000389665994797504
"369","TBXAS1-TBXA2R","Kidney","Male","Up",-0.848229551449864,0.000408421423491854
"370","C3-C3AR1","Kidney","Male","Down",0.582990190671848,0.000465985536923892
"371","COL6A1-SDC4","Kidney","Male","Up",-0.371058447796266,0.000492023696307475
"372","INHBA-TGFBR1","Kidney","Male","Down",1.21828323798546,0.000524452638543635
"373","IL11-IL6ST","Kidney","Male","Down",1.58544738060896,0.00059655060867268
"374","PTN-SDC3","Kidney","Male","Down",0.874028644681127,0.000605695052277037
"375","SERPING1-SELP","Kidney","Male","Up",-0.6321513223341,0.000638693049049552
"376","MMRN2-CD248","Kidney","Male","Up",-0.662815822072499,0.000688542114111815
"377","S100A1-RYR2","Kidney","Male","Up",-4.8958841872423,0.000709499443898279
"378","TNC-TLR4","Kidney","Male","Up",-0.616084135614211,0.000796953768251361
"379","CADM1-CADM1","Kidney","Male","Down",0.587710123115256,0.000810259949500391
"380","ANGPTL3-ITGA5","Kidney","Male","Down",0.720913521767818,0.000848455033959523
"381","VASP-ITGA4","Kidney","Male","Down",0.791180792828471,0.000858485134962164
"382","ICAM1-ITGAX","Kidney","Male","Down",1.08623464520358,0.000935262329583957
"383","SEMA4G-PLXNB2","Kidney","Male","Up",-0.533325656541681,0.000955557272886668
"384","VEGFB-FLT1","Kidney","Male","Up",-0.431955096599268,0.00101676124172438
"385","FN1-ITGB3","Kidney","Male","Down",1.15394394901344,0.00102861865972056
"386","LAMA5-SV2B","Kidney","Male","Down",1.13198331487565,0.00103992248807578
"387","VCAM1-ITGB2","Kidney","Male","Down",0.419120664640482,0.00105831338235888
"388","HSP90B1-LRP6","Kidney","Male","Down",0.373812936782156,0.00106559409685848
"389","CALCA-RAMP1","Kidney","Male","Up",-2.1414517087081,0.00111109451187541
"390","THBS4-CD47","Kidney","Male","Down",1.42722995566742,0.00129771115798139
"391","GNAS-ADRB2","Kidney","Male","Down",0.767953218544394,0.00139338474922841
"392","BMP7-ACVR2B","Kidney","Male","Up",-1.46573213286684,0.00139377371894123
"393","C4B-CD46","Kidney","Male","Up",-1.06220733748725,0.00141578103891318
"394","LMAN1-MCFD2","Kidney","Male","Up",-0.437973275541343,0.00183093387261401
"395","BGN-P2RX4","Kidney","Male","Down",0.400783520969241,0.00200717936995055
"396","WNT2-FZD7","Kidney","Male","Up",-4.65236401902935,0.00202936531534072
"397","LAMA3-ITGB4","Kidney","Male","Down",1.24308598380146,0.00218755978741334
"398","PTN-PTPRB","Kidney","Male","Up",-0.569913108594339,0.00233207185810171
"399","PSEN1-ERBB4","Kidney","Male","Up",-0.525352824159487,0.00243235600141517
"400","IL1B-IL1R1","Kidney","Male","Up",-1.64663793647384,0.00245845546306319
"401","LAMC2-SV2A","Kidney","Male","Down",2.53046038704657,0.00253243044705271
"402","HMGB1-THBD","Kidney","Male","Up",-0.419978152995159,0.0025510253505982
"403","BMP7-ACVR1","Kidney","Male","Up",-0.870851942124003,0.00282019278967378
"404","FBN1-ITGB3","Kidney","Male","Down",1.49007109046209,0.00291291511431321
"405","DLL1-NOTCH2","Kidney","Male","Up",-0.671146597591802,0.00319526726957457
"406","FBN1-ITGA5","Kidney","Male","Down",0.636984555839102,0.00349382931744178
"407","BMP7-BMPR1A","Kidney","Male","Up",-0.778961493477639,0.00362930098160903
"408","SHH-GAS1","Kidney","Male","Down",1.44090083574046,0.00442808074365658
"409","JAM3-ITGB2","Kidney","Male","Up",-0.565817063128284,0.00453811135810757
"410","APOC1-VLDLR","Kidney","Male","Up",-1.03155631365158,0.00457727870842968
"411","ADAM17-APLP2","Kidney","Male","Up",-0.380082490118726,0.0049193736995832
"412","NECTIN1-NECTIN1","Kidney","Male","Down",0.956598036471822,0.0049193736995832
"413","PSEN1-EPHB2","Kidney","Male","Down",0.70107862107089,0.00494729477107297
"414","BSG-SPN","Kidney","Male","Up",-0.548094356152631,0.00504647138414275
"415","LAMA1-ITGA7","Kidney","Male","Up",-0.94484781703841,0.00509284218676282
"416","LIPC-LRP1","Kidney","Male","Down",0.856743180257149,0.00569757416850404
"417","LAMC1-SV2B","Kidney","Male","Down",1.372921518271,0.00592948919991788
"418","SEMA4A-PLXND1","Kidney","Male","Up",-0.650458378260547,0.00615676093272697
"419","SHH-LRP2","Kidney","Male","Down",0.635506492107704,0.00639679495695739
"420","FN1-ITGB7","Kidney","Male","Up",-0.639513756255595,0.00668053211169681
"421","VWF-ITGB3","Kidney","Male","Down",1.39640696874777,0.00686360130937916
"422","C3-ITGAX","Kidney","Male","Down",0.727134307002083,0.00706731234451028
"423","TNFSF12-EGFR","Kidney","Male","Up",-0.513218155821054,0.00753655970851882
"424","BMP7-ACVR2A","Kidney","Male","Up",-0.826120750458363,0.00757239768844706
"425","CD14-CD55","Kidney","Male","Up",-0.418107855537158,0.0076359550119383
"426","TGFB2-TGFBR2","Kidney","Male","Up",-0.903008278688376,0.00777749852881526
"427","ICAM1-SPN","Kidney","Male","Down",0.800970737391083,0.00851705633169859
"428","SLPI-PLSCR1","Kidney","Male","Down",0.395592128299155,0.00860379169571806
"429","ANGPT1-ITGB1","Kidney","Male","Up",-0.486630589097881,0.00860508717073304
"430","APP-LRP4","Kidney","Male","Down",0.491554147877099,0.00868054719987477
"431","BMP8B-BMPR2","Kidney","Male","Down",0.949485090475995,0.00878654034631791
"432","MCAM-MCAM","Kidney","Male","Up",-0.373016201886215,0.00887352858018325
"433","LAMA5-DAG1","Kidney","Male","Up",-0.350569776868283,0.00944396150988764
"434","FN1-CD79A","Kidney","Male","Up",-2.02844262412688,0.00996928237024341
"435","COL3A1-MAG","Kidney","Male","Down",1.42718839651862,0.0102238164170888
"436","CD55-ADGRE5","Kidney","Male","Up",-0.489627079449013,0.0105171728071417
"437","ADGRE5-CD55","Kidney","Male","Up",-0.489627079449013,0.0105171728071417
"438","SPON1-LRP8","Kidney","Male","Down",1.13587838095853,0.0105447625839375
"439","VCAM1-ITGB7","Kidney","Male","Down",0.545623711320763,0.0106277935824769
"440","HBEGF-EGFR","Kidney","Male","Up",-0.55596555392112,0.0113027436027752
"441","SEMA4A-PLXNB1","Kidney","Male","Up",-0.486239588805078,0.0116197513963348
"442","SOST-LRP6","Kidney","Male","Down",0.652686978822018,0.0120596187779759
"443","BMP6-BMPR2","Kidney","Male","Up",-0.638878244548342,0.0121692173449776
"444","BMP4-BMPR1A","Kidney","Male","Down",0.734935165128731,0.012573882675593
"445","CD14-LY96","Kidney","Male","Up",-0.590454609347575,0.0129218272081638
"446","COL4A2-SDC4","Kidney","Male","Down",0.322357230718843,0.0134608846527199
"447","LGALS1-PTPRC","Kidney","Male","Down",0.376937965684657,0.0142708465325389
"448","TNC-ITGA7","Kidney","Male","Up",-0.526419078854144,0.0143543897964276
"449","ADAM17-ERBB4","Kidney","Male","Up",-0.61017898348999,0.0148594774665111
"450","ADAM10-NOTCH3","Kidney","Male","Down",0.362344175229651,0.0157795076290504
"451","CCL5-CCRL2","Kidney","Male","Up",-2.54065918744751,0.0158275808853588
"452","EFNB2-PECAM1","Kidney","Male","Up",-0.365771400513893,0.0160830969968078
"453","SHH-BOC","Kidney","Male","Down",1.77672336927231,0.0162376935133999
"454","THBS1-ITGA4","Kidney","Male","Down",0.409446101015725,0.0164037191901633
"455","SEMA6A-PLXNA2","Kidney","Male","Up",-0.950126274520498,0.016517129260659
"456","LAMB3-SV2A","Kidney","Male","Down",1.62597175725475,0.0177278635030059
"457","INHBA-ACVR1","Kidney","Male","Down",1.37860348094911,0.0186533018041791
"458","ADAM17-TNFRSF1A","Kidney","Male","Down",0.387659558137187,0.0188412947635937
"459","MMRN2-CLEC14A","Kidney","Male","Up",-0.458488512567452,0.0193280522418674
"460","HMGB1-LY96","Kidney","Male","Up",-0.495577982878696,0.0210158925893626
"461","CXCL12-AVPR1A","Kidney","Male","Down",0.491123231265542,0.0211160313876145
"462","CNTN2-NRP1","Kidney","Male","Down",1.40482384769233,0.0219763284675825
"463","TNC-SDC4","Kidney","Male","Down",0.333512105846274,0.0237641214405971
"464","ANGPTL4-SDC1","Kidney","Male","Up",-0.486147708038126,0.024018402884896
"465","PTPRK-PTPRK","Kidney","Male","Down",0.52522166045444,0.0247017968876549
"466","NRG2-ERBB3","Kidney","Male","Up",-1.03991541985893,0.0248006722974893
"467","ICAM2-ITGAM","Kidney","Male","Up",-0.674678862787167,0.025203457737844
"468","MMRN2-CD93","Kidney","Male","Up",-0.394230729812289,0.0252978984049823
"469","SLIT2-ROBO2","Kidney","Male","Up",-1.22306364940893,0.026552902124975
"470","YBX1-NOTCH1","Kidney","Male","Up",-0.394307973756157,0.0273317000410146
"471","FYN-THY1","Kidney","Male","Up",-0.415501905579272,0.0279463862439985
"472","ADAM10-TSPAN15","Kidney","Male","Up",-0.457286855235209,0.0282546961225494
"473","MFGE8-ITGB3","Kidney","Male","Down",0.669358220851548,0.0287811709033313
"474","LTC4S-CYSLTR1","Kidney","Male","Up",-2.08820647011733,0.0288906363317599
"475","CX3CL1-ITGA4","Kidney","Male","Down",0.515088252907141,0.0290805751033096
"476","EDN1-EDNRA","Kidney","Male","Down",0.910891285124067,0.029166438642676
"477","THBS4-SDC4","Kidney","Male","Down",0.515690004199801,0.0298975771788674
"478","NRXN2-ADGRL1","Kidney","Male","Up",-0.558472830233624,0.0305443734832892
"479","BGN-TLR2","Kidney","Male","Up",-0.410449313042936,0.0308627703205126
"480","TNC-ITGA9","Kidney","Male","Up",-0.565287940588457,0.0315864317917375
"481","MPZL1-MPZL1","Kidney","Male","Down",0.397650319681395,0.032210620324645
"482","NGF-NTRK3","Kidney","Male","Up",-1.08275300008635,0.0325953225436285
"483","S100A1-RYR1","Kidney","Male","Up",-1.59025745363228,0.0335819993182206
"484","SEMA4A-PLXNB2","Kidney","Male","Up",-0.400927669983743,0.0351014937429366
"485","COL4A6-CD93","Kidney","Male","Down",0.465191073643883,0.0353294145070791
"486","COL4A3-CD47","Kidney","Male","Down",0.362788046782638,0.0379761005113743
"487","TFPI-VLDLR","Kidney","Male","Down",0.406053213059444,0.0396958006487734
"488","LAMB2-SV2B","Kidney","Male","Down",0.612835721080231,0.040066502791503
"489","GNAI2-CCR5","Kidney","Male","Down",0.592906845825206,0.041417240356747
"490","CDH1-IGF1R","Kidney","Male","Up",-0.361195652313263,0.0438659468371817
"491","VEGFA-ITGB3","Kidney","Male","Down",0.491029436308697,0.0439526020098216
"492","SEMA4D-CD72","Kidney","Male","Down",1.1006146972522,0.0459284557086521
"493","WNT9B-SFRP1","Kidney","Male","Down",0.440321699859168,0.0461245573703794
"494","CLSTN3-NRXN3","Kidney","Male","Down",0.640481015922438,0.0464039935877928
"495","TENM1-ADGRL1","Kidney","Male","Up",-0.878071603797743,0.0490483485988731
"496","HRAS-TLR2","Kidney","Male","Up",-0.528468107109272,0.049896792454772
"497","PLG-LRP2","Kidney","Female","Down",3.27344308923596,1.45485942984037e-33
"498","LTB-TNFRSF1A","Kidney","Female","Up",-4.28463665452492,1.45485942984037e-33
"499","SPP1-CD44","Kidney","Female","Up",-1.93938453365422,1.46711524885191e-32
"500","TIMP3-KDR","Kidney","Female","Down",2.1704025332206,2.29005587245322e-31
"501","LAMC2-ITGA3","Kidney","Female","Up",-4.08169276753506,2.46648567688588e-31
"502","COL6A1-SDC1","Kidney","Female","Down",2.32648326975826,2.46648567688588e-31
"503","COMP-SDC1","Kidney","Female","Down",5.66422401421134,3.33909455943684e-31
"504","ALB-LRP2","Kidney","Female","Down",2.69717070860486,1.53214651895384e-30
"505","LTB-LTBR","Kidney","Female","Up",-4.37565237933603,1.70804996970269e-29
"506","FN1-SDC1","Kidney","Female","Down",1.8618763513259,1.48688724862294e-28
"507","APOE-SDC1","Kidney","Female","Down",1.43991788386736,1.48688724862294e-28
"508","COL1A2-ITGA2","Kidney","Female","Up",-2.31163580849388,9.25744280769077e-28
"509","ANXA2-CD44","Kidney","Female","Up",-1.8193852062247,1.2917457125074e-27
"510","COL1A2-CD44","Kidney","Female","Up",-2.59122998684413,1.32907639922846e-27
"511","LAMC2-ITGB1","Kidney","Female","Up",-3.45485822860188,2.74433288293478e-27
"512","COL3A1-ADGRG1","Kidney","Female","Up",-1.53121558561723,1.50007974400092e-26
"513","TNC-ITGB6","Kidney","Female","Up",-3.16965575883349,1.8172237181941e-26
"514","PLTP-ABCA1","Kidney","Female","Down",3.88260544699586,5.07604181897144e-26
"515","TNXB-SDC1","Kidney","Female","Down",1.97152508230231,5.95257092996984e-26
"516","LPL-LRP2","Kidney","Female","Down",3.25466131226539,6.26452045374336e-26
"517","COL6A2-SDC1","Kidney","Female","Down",1.58016854717391,9.92217253602917e-26
"518","POSTN-ITGB1","Kidney","Female","Up",-1.55361258186374,1.77045722126229e-25
"519","LAMC2-CD44","Kidney","Female","Up",-5.11648406522957,2.46217263361973e-25
"520","TNC-SDC1","Kidney","Female","Down",1.862734649521,7.30288368113474e-25
"521","COL6A3-SDC4","Kidney","Female","Up",-2.36707848275599,2.52428343570956e-24
"522","THBS3-SDC1","Kidney","Female","Down",2.22314917209564,2.99678280754674e-24
"523","COL4A1-CD44","Kidney","Female","Up",-1.94178465660403,2.99678280754674e-24
"524","COL4A2-CD44","Kidney","Female","Up",-1.81323532598453,3.19175375709387e-24
"525","COL1A1-CD44","Kidney","Female","Up",-2.79655369196738,6.24676095221289e-24
"526","COL1A1-ITGA2","Kidney","Female","Up",-2.44731543068075,8.37781315201977e-24
"527","HGF-ITGB1","Kidney","Female","Up",-1.89318090605811,1.01609368529262e-23
"528","LAMC2-DAG1","Kidney","Female","Up",-2.89107308940492,1.14513893823417e-23
"529","EGF-ERBB2","Kidney","Female","Down",2.26220688386289,1.53686205423294e-23
"530","ICAM1-MUC1","Kidney","Female","Up",-1.27688042969973,1.9934470598258e-23
"531","VEGFA-PTPRB","Kidney","Female","Down",1.56356366970783,3.30671993366949e-23
"532","HGF-MET","Kidney","Female","Up",-3.00389458982293,3.56992607987362e-23
"533","GNAS-PTH1R","Kidney","Female","Down",0.960710924360603,6.1130236676346e-23
"534","LTB-CD40","Kidney","Female","Up",-5.13568846685689,6.5515370546042e-23
"535","SERPINE2-PLAUR","Kidney","Female","Up",-4.75339984853239,9.71081401453873e-23
"536","LGALS9-P4HB","Kidney","Female","Up",-1.79970257231081,1.78648791175028e-22
"537","CCN2-ITGAM","Kidney","Female","Down",1.71447130678564,2.80833601604259e-22
"538","BGN-CD44","Kidney","Female","Up",-1.64119812303947,2.8201107667669e-22
"539","C1QB-LRP1","Kidney","Female","Down",1.78104530746519,2.90363211022441e-22
"540","VIM-CD44","Kidney","Female","Up",-1.45612455100378,3.60603161774955e-22
"541","LAMC2-ITGA6","Kidney","Female","Up",-3.06736533252733,4.18738025286228e-22
"542","HGF-ST14","Kidney","Female","Up",-2.33037780072301,4.54645457916437e-22
"543","SERPINE2-LRP1","Kidney","Female","Up",-2.50029942157754,5.64208915326766e-22
"544","MIF-CD44","Kidney","Female","Up",-1.11315315180725,1.03880838710582e-21
"545","COL6A2-CD44","Kidney","Female","Up",-1.73914483648649,2.04516707511063e-21
"546","BSG-ITGB2","Kidney","Female","Down",1.1987768532573,2.7566735242106e-21
"547","COL6A3-CD44","Kidney","Female","Up",-3.7109201773097,3.29304512657961e-21
"548","POSTN-EGFR","Kidney","Female","Up",-1.83498339207434,4.63126553024935e-21
"549","COL1A2-ITGB1","Kidney","Female","Up",-1.07997408285271,5.26461003356335e-21
"550","VCAM1-ITGB1","Kidney","Female","Up",-1.02590251513345,5.9821311790068e-21
"551","COL3A1-DDR1","Kidney","Female","Up",-1.33007172575561,6.32386398813598e-21
"552","GNAS-GCGR","Kidney","Female","Down",1.15324149554052,2.00416492916655e-20
"553","LAMB2-CD44","Kidney","Female","Up",-1.31440632195615,2.06324874764659e-20
"554","HGF-PLXNB1","Kidney","Female","Up",-1.76153075247028,2.16647735814013e-20
"555","HGF-SDC2","Kidney","Female","Up",-1.79653953523238,3.3962239761588e-20
"556","PLAT-LRP1","Kidney","Female","Down",1.28430626922291,5.8096370457643e-20
"557","APOM-LRP2","Kidney","Female","Down",1.49051274447763,5.9492350462572e-20
"558","THBS2-ITGB1","Kidney","Female","Up",-1.58574143038967,9.71095671222643e-20
"559","BSG-SLC16A7","Kidney","Female","Down",1.21671279138961,1.13369678709433e-19
"560","COL1A1-DDR1","Kidney","Female","Up",-1.39007507202348,1.1433187653498e-19
"561","THBS2-CD47","Kidney","Female","Up",-2.36405015881437,1.20690310962483e-19
"562","CYP27B1-VDR","Kidney","Female","Down",4.6153561823833,1.23464762567683e-19
"563","BSG-SLC16A1","Kidney","Female","Down",1.30247355841937,2.14734209167446e-19
"564","HSP90AA1-EGFR","Kidney","Female","Up",-0.904373882376425,2.17476200901331e-19
"565","GNAS-VIPR1","Kidney","Female","Down",1.67017807257858,2.7955835681807e-19
"566","CALR-ITGA3","Kidney","Female","Up",-0.836925104334854,3.03173621282737e-19
"567","LGALS9-CD44","Kidney","Female","Up",-3.34952680034658,3.04412019889158e-19
"568","APOE-SORL1","Kidney","Female","Down",0.857120701391834,6.72529491797923e-19
"569","GAS6-MERTK","Kidney","Female","Down",1.74182811011593,7.23318956454425e-19
"570","APP-SORCS1","Kidney","Female","Down",4.55725256863087,8.98455884002142e-19
"571","FGF2-SDC1","Kidney","Female","Down",1.411769342166,9.46277466783752e-19
"572","LAMC1-CD44","Kidney","Female","Up",-1.78777376466884,1.04650013120198e-18
"573","THBS2-NOTCH3","Kidney","Female","Up",-1.66415818795756,1.10515715233706e-18
"574","TIMP1-ITGB1","Kidney","Female","Up",-0.854391639127783,1.14367139377759e-18
"575","ANGPTL4-SDC2","Kidney","Female","Up",-1.9436293360303,1.28151146171844e-18
"576","VEGFA-KDR","Kidney","Female","Down",1.17409090965438,1.48208799282001e-18
"577","COL3A1-ITGB1","Kidney","Female","Up",-1.05735267934495,1.63445915658789e-18
"578","EGF-NRP1","Kidney","Female","Down",1.51588539721635,2.24768017260243e-18
"579","EGF-ERBB4","Kidney","Female","Down",2.71480460067115,2.36021318091532e-18
"580","COL4A6-SDC1","Kidney","Female","Down",1.47837811558611,2.37568135784293e-18
"581","CCL2-CCR2","Kidney","Female","Up",-3.38061119916052,2.59405930152267e-18
"582","LAMA5-CD44","Kidney","Female","Up",-1.32731459026711,4.37217002238967e-18
"583","COL4A1-ITGB8","Kidney","Female","Up",-1.07047986800181,4.99240441250764e-18
"584","HSP90AA1-CFTR","Kidney","Female","Up",-1.78779941205404,6.19107629014047e-18
"585","EGF-ERBB3","Kidney","Female","Down",2.29320800601059,9.05921086840463e-18
"586","COL1A2-CD93","Kidney","Female","Up",-1.08627892851295,1.19296099158385e-17
"587","PLAU-PLAUR","Kidney","Female","Up",-2.68658970773418,1.19573942379972e-17
"588","COL4A4-CD44","Kidney","Female","Up",-1.68129521062797,1.32571615534592e-17
"589","CALM1-SELL","Kidney","Female","Down",2.14831215507846,1.34232448249442e-17
"590","LAMC2-ITGB4","Kidney","Female","Up",-4.00513561781678,1.36270854520917e-17
"591","LAMB3-DAG1","Kidney","Female","Up",-1.87171982924473,1.56780667015274e-17
"592","S100A10-TRPV6","Kidney","Female","Up",-1.33585329959391,1.66476179581666e-17
"593","LAMB1-CD44","Kidney","Female","Up",-1.41403106674531,2.20326296886948e-17
"594","TCN2-LRP2","Kidney","Female","Down",0.947217827860365,2.41503701762785e-17
"595","PLAT-ITGAM","Kidney","Female","Down",1.78774798688006,2.69289805885714e-17
"596","FN1-CD44","Kidney","Female","Up",-1.26407257736106,3.51990985624126e-17
"597","LRPAP1-SORT1","Kidney","Female","Down",0.909086347892903,4.52381666569671e-17
"598","CXCL12-DPP4","Kidney","Female","Up",-1.25700512939911,6.73432554801529e-17
"599","TNC-PTPRB","Kidney","Female","Down",1.40970348805343,7.61631414443713e-17
"600","FGF2-CD44","Kidney","Female","Up",-2.38195892470822,8.55297707314104e-17
"601","LRPAP1-LDLR","Kidney","Female","Down",1.08535667421865,8.70420500437343e-17
"602","COL1A2-SDC1","Kidney","Female","Down",0.819918492707954,1.30650225022738e-16
"603","S100A10-TRPV5","Kidney","Female","Up",-2.80797926720665,1.59483626660097e-16
"604","SEMA6D-KDR","Kidney","Female","Down",2.28900945483182,1.60248851508761e-16
"605","CALM1-KCNQ1","Kidney","Female","Down",0.894122787927508,1.79027000486661e-16
"606","FGF2-ITGAV","Kidney","Female","Up",-1.20786338227719,1.95454787690671e-16
"607","EGF-EGFR","Kidney","Female","Down",2.10984481822537,2.02704104621658e-16
"608","COL1A2-ITGB3","Kidney","Female","Up",-3.01849827364436,2.31267111430305e-16
"609","SEMA4D-MET","Kidney","Female","Up",-1.3954207072423,2.64349724468746e-16
"610","C1QA-CD93","Kidney","Female","Down",0.888324084237419,4.62447659665177e-16
"611","CCL5-SDC1","Kidney","Female","Down",2.108878269265,9.19827700570046e-16
"612","LAMA4-CD44","Kidney","Female","Up",-3.39715458542617,1.06822457576117e-15
"613","TIMP1-CD63","Kidney","Female","Up",-0.664953663336132,1.29598950982588e-15
"614","IGFBP3-TMEM219","Kidney","Female","Down",0.921913382603815,2.06388203384534e-15
"615","CLU-LRP8","Kidney","Female","Up",-1.35525150320864,2.57059959778917e-15
"616","SPP1-ITGB1","Kidney","Female","Up",-0.639755806419705,3.05923353454126e-15
"617","COL1A1-ITGA5","Kidney","Female","Up",-1.4397302906222,3.21681835193684e-15
"618","FN1-ITGA3","Kidney","Female","Up",-0.766335863430783,3.63820441825259e-15
"619","ANGPTL4-CDH11","Kidney","Female","Up",-2.36528099015246,4.16612355673245e-15
"620","LAMC3-CD44","Kidney","Female","Up",-1.87450231151025,5.27646850246739e-15
"621","PTN-SDC1","Kidney","Female","Down",1.17619150315987,6.92453880129221e-15
"622","BSG-CD44","Kidney","Female","Up",-0.821378198747003,8.66491951158903e-15
"623","C1QA-CSPG4","Kidney","Female","Down",0.933764864261103,9.55770775149817e-15
"624","SEMA4B-DCBLD2","Kidney","Female","Up",-1.36321314981182,1.15150739001805e-14
"625","TIMP2-ITGA3","Kidney","Female","Up",-0.689688407193221,1.26357777865421e-14
"626","ANGPTL4-CDH5","Kidney","Female","Up",-1.88556263404499,1.30278579193455e-14
"627","FN1-ITGA2","Kidney","Female","Up",-1.02505934489006,1.4550425205495e-14
"628","C1QB-CD33","Kidney","Female","Down",2.50215013570455,2.0412647889581e-14
"629","MIF-ACKR3","Kidney","Female","Down",0.899429416900587,2.35988502844972e-14
"630","COL3A1-DDR2","Kidney","Female","Up",-1.50319176231609,3.62304612559883e-14
"631","VCAM1-ITGA4","Kidney","Female","Up",-1.37557124808704,5.4400627090868e-14
"632","EGF-CAV1","Kidney","Female","Down",2.34243766840862,5.79393672137641e-14
"633","PTN-NRP1","Kidney","Female","Up",-1.26752358449038,6.80218054027826e-14
"634","COL1A1-CD93","Kidney","Female","Up",-1.11137567120435,8.73611094656452e-14
"635","CALR-ITGAV","Kidney","Female","Up",-0.63410799649533,8.98308648572152e-14
"636","CFH-SELL","Kidney","Female","Down",3.05150713796124,1.01394499331165e-13
"637","F13A1-ITGB1","Kidney","Female","Down",0.937306798878934,1.10311790557125e-13
"638","LGALS9-HAVCR2","Kidney","Female","Up",-2.63281938566102,1.40426976415122e-13
"639","NRXN2-DAG1","Kidney","Female","Down",1.08248714828391,1.46877444873974e-13
"640","CD47-SIRPA","Kidney","Female","Up",-0.999330704718603,1.53745667652211e-13
"641","SIRPA-CD47","Kidney","Female","Up",-0.999330704718603,1.53745667652211e-13
"642","ANXA1-DYSF","Kidney","Female","Up",-1.07549870325613,1.7743096720871e-13
"643","ARF4-LRP2","Kidney","Female","Down",0.719021979206904,2.27502958657638e-13
"644","COL4A3-CD44","Kidney","Female","Up",-1.10159572279963,2.44662929520286e-13
"645","COL14A1-CD44","Kidney","Female","Up",-2.03318085118474,3.05480944712795e-13
"646","F8-LRP1","Kidney","Female","Down",1.80355370343467,3.35216557767761e-13
"647","SEMA6D-TYROBP","Kidney","Female","Down",2.15751249830846,3.37633851606476e-13
"648","C1QA-CD33","Kidney","Female","Down",1.71322106409605,3.93124216881458e-13
"649","COL6A1-CD44","Kidney","Female","Up",-0.939198283593686,4.46184198043722e-13
"650","ICAM1-AHR","Kidney","Female","Up",-1.35759844140647,4.51284140322748e-13
"651","FGF1-CD44","Kidney","Female","Up",-1.04896967436471,5.03735891367356e-13
"652","LTF-LRP1","Kidney","Female","Up",-1.23961421517051,5.35157501198292e-13
"653","FN1-TNFRSF11B","Kidney","Female","Up",-0.954799442959114,5.63710537760057e-13
"654","CLCF1-IL6ST","Kidney","Female","Up",-1.20357185652559,6.1189625875802e-13
"655","RARRES2-CMKLR1","Kidney","Female","Down",1.32309319976567,6.4031517291186e-13
"656","DCN-TLR4","Kidney","Female","Down",0.835206393258937,8.79263568594361e-13
"657","FGG-ITGB2","Kidney","Female","Down",2.13128307371515,9.10223525836099e-13
"658","CXCL12-ITGA5","Kidney","Female","Up",-1.14010699418695,1.06469676626258e-12
"659","FN1-PLAUR","Kidney","Female","Up",-1.23428032938846,1.25986730770574e-12
"660","COL1A1-SDC1","Kidney","Female","Down",0.788137053465399,1.52089548998707e-12
"661","APP-NGFR","Kidney","Female","Down",0.938478932332079,2.1037488356739e-12
"662","FGG-TLR4","Kidney","Female","Down",2.52229743627487,2.37941298319537e-12
"663","TGFB1-ITGB8","Kidney","Female","Up",-0.89496768277813,2.74524426125827e-12
"664","FBN1-ITGAV","Kidney","Female","Up",-0.887654232282494,3.47552415656406e-12
"665","APOE-TREM2","Kidney","Female","Down",1.21182097002738,4.29780449498721e-12
"666","C3-NRP1","Kidney","Female","Up",-0.726092655934555,5.13572862299904e-12
"667","SELL-CD34","Kidney","Female","Down",2.49099032017192,6.20871347430086e-12
"668","CD34-SELL","Kidney","Female","Down",2.49099032017192,6.20871347430086e-12
"669","CLSTN1-NRXN2","Kidney","Female","Down",0.914467030775175,6.45620248476557e-12
"670","HBEGF-ERBB2","Kidney","Female","Down",1.11901149399825,7.95960239607191e-12
"671","LIF-IL6ST","Kidney","Female","Up",-1.71776438198414,1.18496712695912e-11
"672","SERPINE1-VLDLR","Kidney","Female","Up",-1.74082337235872,1.501826568896e-11
"673","COL1A2-ITGA11","Kidney","Female","Up",-1.07838092502024,1.96398342141264e-11
"674","EFNB1-ERBB2","Kidney","Female","Down",0.763362125379973,2.00226781774068e-11
"675","F8-LDLR","Kidney","Female","Down",1.64122255968657,2.26415812120597e-11
"676","ACE-BDKRB2","Kidney","Female","Down",2.75450052972799,2.26784196647444e-11
"677","COL1A1-DDR2","Kidney","Female","Up",-1.60058105747501,2.42590292329233e-11
"678","SRPX2-PLAUR","Kidney","Female","Up",-3.67993110670621,2.47302164387948e-11
"679","CD14-ITGB2","Kidney","Female","Down",0.887219672008056,2.68817983791791e-11
"680","EBI3-IL6ST","Kidney","Female","Down",2.36525154064701,2.79533319629126e-11
"681","THBS1-ITGB3","Kidney","Female","Up",-1.32816710264987,2.79533319629126e-11
"682","CALM1-KCNQ3","Kidney","Female","Up",-2.39380110789521,3.2000379298738e-11
"683","CALM2-KCNQ3","Kidney","Female","Up",-2.40377045859875,3.29402720739732e-11
"684","CEACAM1-SDC4","Kidney","Female","Down",0.623511645303305,3.30026589640486e-11
"685","MDK-TSPAN1","Kidney","Female","Up",-0.911703485415899,3.54511170444858e-11
"686","VEGFA-NPR1","Kidney","Female","Down",0.742694022579063,4.51522584070871e-11
"687","TLN1-ITGB2","Kidney","Female","Down",0.758852353733851,5.3284484380792e-11
"688","FGF2-GPC4","Kidney","Female","Up",-1.26181561111921,5.7130149118083e-11
"689","ADAM17-CD9","Kidney","Female","Down",0.740431772930498,5.91505635745744e-11
"690","SPON2-ITGB1","Kidney","Female","Up",-0.74371232775486,7.33901460666615e-11
"691","DCN-TLR2","Kidney","Female","Down",1.05531630722528,8.51950306832612e-11
"692","LAMA3-CD44","Kidney","Female","Up",-2.28235089646904,9.43763496221162e-11
"693","SEMA3F-PLXNA3","Kidney","Female","Up",-1.19105631755882,1.02115364637539e-10
"694","CXCL12-ITGB3","Kidney","Female","Up",-2.34685648509953,1.12850347358925e-10
"695","LAMA1-CD44","Kidney","Female","Up",-1.74060942108881,1.15380840783309e-10
"696","APOE-LRP8","Kidney","Female","Up",-0.801570610591838,1.34145744483639e-10
"697","FGF2-NRP1","Kidney","Female","Up",-0.919197260725701,1.4576406868329e-10
"698","ALOX5AP-ALOX5","Kidney","Female","Down",1.92262401576655,1.58334386873024e-10
"699","ICAM1-ITGAL","Kidney","Female","Up",-2.072523076011,2.08164050904074e-10
"700","SERPING1-LRP1","Kidney","Female","Down",0.715495071457122,2.21901335922733e-10
"701","CD14-TLR4","Kidney","Female","Down",0.90801340102423,2.4335607962924e-10
"702","PTGES3-PTGER1","Kidney","Female","Up",-0.739750729794287,2.56144944803475e-10
"703","LGALS9-CD40","Kidney","Female","Up",-2.24795856883401,3.12844338464013e-10
"704","SPINT1-ST14","Kidney","Female","Up",-0.677810777301216,3.33146839155172e-10
"705","COL4A5-CD44","Kidney","Female","Up",-1.30268069576904,3.8908151459587e-10
"706","CALM1-FAS","Kidney","Female","Up",-0.786739388627359,4.34168971069644e-10
"707","EFNA1-EPHA1","Kidney","Female","Up",-1.26659446808681,5.57389874242037e-10
"708","SEMA3F-NRP1","Kidney","Female","Up",-0.669851734740677,9.08559848158963e-10
"709","SULT1A1-PPARA","Kidney","Female","Down",1.20502790472391,1.12808169378349e-09
"710","LGI3-FLOT1","Kidney","Female","Down",6.92673179184677,1.13237817930421e-09
"711","PLAU-LRP1","Kidney","Female","Up",-1.03919249168509,1.29607169814686e-09
"712","WNT2-SFRP1","Kidney","Female","Down",6.85897741772543,1.38230995442714e-09
"713","HSPG2-COL13A1","Kidney","Female","Down",1.30236990680107,1.55137715298562e-09
"714","THBS1-VLDLR","Kidney","Female","Up",-0.702890536929058,1.92324443372706e-09
"715","TNC-ITGAV","Kidney","Female","Up",-0.630641928188921,2.03312128926373e-09
"716","ANGPTL4-SDC3","Kidney","Female","Up",-1.61981473671378,2.20790311458326e-09
"717","CD14-TLR2","Kidney","Female","Down",1.19783299451762,2.2911590562473e-09
"718","HSPG2-DAG1","Kidney","Female","Down",0.558948445902005,2.29389806283142e-09
"719","FGF2-SDC2","Kidney","Female","Up",-0.93533018742246,2.36627498712092e-09
"720","APP-DCC","Kidney","Female","Down",7.26094195819208,2.57555453848651e-09
"721","PLAU-MRC2","Kidney","Female","Up",-1.19306952199179,2.61548126293731e-09
"722","SEMA7A-ITGB1","Kidney","Female","Up",-1.23076633773394,3.11884835280392e-09
"723","ITGB2-ICAM2","Kidney","Female","Down",0.906129793994108,3.93564775016055e-09
"724","ICAM2-ITGB2","Kidney","Female","Down",0.906129793994108,3.93564775016055e-09
"725","RTN4-CNTNAP1","Kidney","Female","Up",-0.818618850301213,4.03330026808719e-09
"726","MMP9-ITGB2","Kidney","Female","Down",2.51832610253479,4.11541164654747e-09
"727","LIF-LIFR","Kidney","Female","Up",-2.08872021475157,5.15429619305037e-09
"728","CALM3-KCNQ3","Kidney","Female","Up",-2.53669657046417,6.00859438937648e-09
"729","RTN4-NGFR","Kidney","Female","Down",0.870210890381778,1.07434313904664e-08
"730","SLIT2-APP","Kidney","Female","Down",0.595023658061365,1.2752579326792e-08
"731","MMP9-TLR4","Kidney","Female","Down",3.19477638795678,1.44406362839475e-08
"732","SLIT2-ROBO4","Kidney","Female","Down",1.23699781984125,1.51277135524888e-08
"733","DHCR7-RORA","Kidney","Female","Down",1.26196888108008,1.5256936617684e-08
"734","THBS2-ITGA4","Kidney","Female","Up",-1.89940026028733,1.53990874161725e-08
"735","TGFB3-TGFBR2","Kidney","Female","Down",0.863379460053562,1.62875872614658e-08
"736","HMGB1-TLR2","Kidney","Female","Down",0.946648310092614,1.68461527648681e-08
"737","FGF9-FGFR2","Kidney","Female","Down",1.43297027711541,1.69982780079844e-08
"738","MMP9-LRP1","Kidney","Female","Down",2.49811769014526,1.72858494062232e-08
"739","GJA5-GJA5","Kidney","Female","Down",0.817937181929847,1.73756113518617e-08
"740","ITGAV-THY1","Kidney","Female","Up",-0.559847285408831,1.99464794955315e-08
"741","COL5A1-SDC3","Kidney","Female","Up",-1.5488224035157,2.47501899975984e-08
"742","JAG2-NOTCH3","Kidney","Female","Up",-0.76518849898518,3.02280140623325e-08
"743","WNT2-FZD4","Kidney","Female","Down",6.44892991501119,3.33473951608546e-08
"744","COL1A1-ITGA11","Kidney","Female","Up",-1.06763139174019,3.40321675330642e-08
"745","BGN-P2RX7","Kidney","Female","Up",-1.26480383852647,3.45504194892215e-08
"746","DHCR7-RORC","Kidney","Female","Down",1.73240574082996,3.48703432808161e-08
"747","PTPRC-MRC1","Kidney","Female","Down",1.41178533376878,3.68481213198008e-08
"748","MRC1-PTPRC","Kidney","Female","Down",1.41178533376878,3.68481213198008e-08
"749","DLL1-NOTCH1","Kidney","Female","Down",1.41852886237326,4.28652444751007e-08
"750","BMP7-ENG","Kidney","Female","Down",0.708920460131882,4.32087115922094e-08
"751","VWF-LRP1","Kidney","Female","Down",1.00783345848029,4.67224157008554e-08
"752","DLK1-NOTCH3","Kidney","Female","Up",-6.14086640668916,5.45886081941073e-08
"753","LPL-VLDLR","Kidney","Female","Down",1.82050926923947,5.63029436464191e-08
"754","SHH-GPC1","Kidney","Female","Up",-1.88633827641196,7.08728709228845e-08
"755","EFNB1-EPHB4","Kidney","Female","Down",0.687644852712821,7.15228906403206e-08
"756","APP-TSPAN15","Kidney","Female","Down",0.5847278203596,7.58973301158946e-08
"757","APP-SORL1","Kidney","Female","Down",0.493600916308829,7.70801130319245e-08
"758","AFDN-EPHB6","Kidney","Female","Down",1.32350042136623,7.89471750617277e-08
"759","ADAM15-ITGB3","Kidney","Female","Up",-1.62657714858825,8.18040618422899e-08
"760","FGF2-FGFR4","Kidney","Female","Up",-0.947763853714104,9.1715816330442e-08
"761","HBEGF-ERBB3","Kidney","Female","Down",1.11274951133234,9.20287246035334e-08
"762","APP-CD47","Kidney","Female","Up",-0.476438134713149,9.4209118293852e-08
"763","BSG-CAV1","Kidney","Female","Down",0.650764516017424,9.97045070575777e-08
"764","CLCF1-LIFR","Kidney","Female","Up",-1.01332446845946,9.97045070575777e-08
"765","CXCL12-ITGA4","Kidney","Female","Up",-1.09616979590565,1.06171827961237e-07
"766","CALM1-KCNN4","Kidney","Female","Up",-1.74249535789527,1.45431391672874e-07
"767","ANGPT1-TEK","Kidney","Female","Down",1.18937144458111,1.50635292078844e-07
"768","FN1-ITGB3","Kidney","Female","Up",-1.16350631765955,1.50635292078844e-07
"769","COL4A6-ITGB1","Kidney","Female","Up",-0.694165689591608,1.70124836964145e-07
"770","COL4A2-ADGRG6","Kidney","Female","Up",-0.941587174884368,2.06074738486293e-07
"771","CX3CL1-ITGB3","Kidney","Female","Up",-1.41796639775808,2.31521944844577e-07
"772","HBEGF-CD44","Kidney","Female","Up",-0.996845056736004,2.60313751786105e-07
"773","SHH-PVR","Kidney","Female","Up",-2.22276299546651,2.89351518209939e-07
"774","GNAI2-C5AR1","Kidney","Female","Down",0.787177738795293,3.00628294550617e-07
"775","C1QTNF1-AVPR2","Kidney","Female","Down",1.44428678589848,3.01792397285188e-07
"776","F13A1-ITGA9","Kidney","Female","Down",1.56434527594868,3.27366142657571e-07
"777","PTN-SDC2","Kidney","Female","Up",-0.783811821301228,3.42809044447376e-07
"778","EFNA4-EPHA2","Kidney","Female","Up",-1.63794203302215,3.58283774713978e-07
"779","CXCL9-DPP4","Kidney","Female","Down",1.5503121863925,3.58283774713978e-07
"780","APP-VLDLR","Kidney","Female","Up",-0.50231159491389,4.1385199085571e-07
"781","BMP7-BMPR2","Kidney","Female","Down",0.950933818769337,4.48917789288289e-07
"782","TENM1-ADGRL2","Kidney","Female","Down",1.3691256202732,4.56469475301918e-07
"783","FGA-TLR4","Kidney","Female","Down",1.50999242999595,4.64292706458333e-07
"784","MMP12-PLAUR","Kidney","Female","Up",-5.72270041850006,5.07206863580245e-07
"785","PCSK9-APLP2","Kidney","Female","Down",7.2336630934568,6.07223389850326e-07
"786","TIMP1-LRP1","Kidney","Female","Up",-0.535534593156422,6.36318098134417e-07
"787","VEGFA-FLT1","Kidney","Female","Down",0.530506495401918,6.62313219291298e-07
"788","HMGB1-ITGAM","Kidney","Female","Down",0.910374830337838,6.99317528903879e-07
"789","LAMA1-ITGB8","Kidney","Female","Up",-0.983283400770533,7.20026593108429e-07
"790","FGF2-FGFR1","Kidney","Female","Up",-0.943746058993296,8.31093478162283e-07
"791","DHCR7-NR1H2","Kidney","Female","Down",0.692807842597975,8.84273894761858e-07
"792","CD44-TYROBP","Kidney","Female","Up",-0.777024930548018,9.30502288293326e-07
"793","PODXL-SELL","Kidney","Female","Down",2.05628540281063,9.5226801971462e-07
"794","SELL-PODXL","Kidney","Female","Down",2.05628540281063,9.5226801971462e-07
"795","LGALS9-IGHM","Kidney","Female","Down",2.56518560762966,9.79210546935447e-07
"796","S100A4-EGFR","Kidney","Female","Up",-0.569108924639146,1.02644627167309e-06
"797","CDH1-PTPRM","Kidney","Female","Down",0.603905510726975,1.05249070327376e-06
"798","ALCAM-CD6","Kidney","Female","Up",-2.29915926048548,1.1193956907725e-06
"799","CD6-ALCAM","Kidney","Female","Up",-2.29915926048548,1.1193956907725e-06
"800","CLU-VLDLR","Kidney","Female","Up",-0.502026907830785,1.20290543728283e-06
"801","VEGFC-KDR","Kidney","Female","Down",1.11428590060473,1.34887776917402e-06
"802","ANGPTL4-GPIHBP1","Kidney","Female","Up",-1.68916980444714,1.43952726998869e-06
"803","CDH1-ITGB7","Kidney","Female","Down",1.15635949994592,1.43988185911007e-06
"804","BMP7-BMPR1B","Kidney","Female","Down",1.62030517727625,1.46033346477199e-06
"805","NECTIN3-PVR","Kidney","Female","Up",-1.16236734984483,1.5406691575326e-06
"806","PVR-NECTIN3","Kidney","Female","Up",-1.16236734984483,1.5406691575326e-06
"807","PTGES-PTGER1","Kidney","Female","Up",-1.01698568044946,1.60965116002092e-06
"808","BMP2-RGMB","Kidney","Female","Up",-1.3951924777375,1.93695647495053e-06
"809","TENM4-ADGRL2","Kidney","Female","Up",-1.56754179778003,2.01068534838764e-06
"810","CDH1-PTPRJ","Kidney","Female","Down",0.697643229188554,2.01387826631679e-06
"811","VCAN-ITGB1","Kidney","Female","Up",-0.562305802029748,2.25483170826489e-06
"812","INHBA-ENG","Kidney","Female","Up",-1.11789578152702,2.58454905579846e-06
"813","HBEGF-CD82","Kidney","Female","Down",1.02475630426162,2.63909642260837e-06
"814","L1CAM-ITGB3","Kidney","Female","Up",-1.70144508923858,3.1758561690714e-06
"815","TAX1BP3-ADGRB2","Kidney","Female","Up",-1.03671120488252,3.39887455381242e-06
"816","COL4A1-ADGRG6","Kidney","Female","Up",-0.905216008847745,3.4111895504167e-06
"817","ANGPTL3-ITGB3","Kidney","Female","Up",-2.02955634880107,3.92437247694168e-06
"818","EFNB1-EGFR","Kidney","Female","Down",0.633385083305536,3.98895150550315e-06
"819","CXCL14-CXCR4","Kidney","Female","Down",0.680094073387178,5.63184920255133e-06
"820","NPNT-ITGA8","Kidney","Female","Down",0.634384257589052,5.71094071961864e-06
"821","RTN4-RTN4RL2","Kidney","Female","Down",0.839122369197661,8.30416196182856e-06
"822","INHBA-TGFBR3","Kidney","Female","Up",-1.50270094344559,8.66962945417833e-06
"823","ITGB2-THY1","Kidney","Female","Down",0.580130693956429,9.9009595060936e-06
"824","SEMA3F-NRP2","Kidney","Female","Up",-0.749376086329803,1.42097220821222e-05
"825","DCN-ERBB4","Kidney","Female","Down",0.531004061570989,1.43398872792317e-05
"826","TGFB3-ACVRL1","Kidney","Female","Down",0.97982128023854,1.45422191520576e-05
"827","JAM3-ITGAL","Kidney","Female","Up",-1.45510140206642,1.53935663916175e-05
"828","CDH1-CDH1","Kidney","Female","Down",0.519834094522035,1.71797693711792e-05
"829","NTN4-DCC","Kidney","Female","Down",5.53237024746536,1.77426367515045e-05
"830","TLN1-ITGAL","Kidney","Female","Up",-0.74802830576511,1.99934482657733e-05
"831","OXT-AVPR2","Kidney","Female","Down",3.02021683034361,2.01863713920037e-05
"832","WNT2-LRP5","Kidney","Female","Down",5.50885918776103,2.08812696467758e-05
"833","SOSTDC1-LRP6","Kidney","Female","Down",1.50051315627043,2.67830745899236e-05
"834","GJA1-GJA5","Kidney","Female","Down",0.599372267571663,2.68114703483266e-05
"835","FN1-ITGB8","Kidney","Female","Up",-0.497965831019006,3.33301834150412e-05
"836","THBS3-CD47","Kidney","Female","Up",-0.726655345955555,3.6579918077424e-05
"837","PLA2G5-PLA2R1","Kidney","Female","Down",5.42553931793341,3.68836313654441e-05
"838","CSF1-CSF1R","Kidney","Female","Down",0.920373957337632,3.75683227588494e-05
"839","PLAU-ITGB2","Kidney","Female","Up",-0.657356636193472,4.1176860966918e-05
"840","CXCL10-TLR4","Kidney","Female","Up",-1.5577008312941,5.22330724639712e-05
"841","FGA-ITGB2","Kidney","Female","Down",1.00609889579399,5.25007634613506e-05
"842","IGF1-INSR","Kidney","Female","Down",1.64380331254927,5.97216358043503e-05
"843","IL27-IL6ST","Kidney","Female","Down",5.341754056374,6.31797710580412e-05
"844","TGFB3-ENG","Kidney","Female","Down",0.588909970252883,6.37242197856912e-05
"845","CFH-ITGAM","Kidney","Female","Down",1.06172107628341,6.50463209106401e-05
"846","ADAM12-SDC4","Kidney","Female","Up",-0.883830937480615,7.06767334853872e-05
"847","ANGPT2-ITGAV","Kidney","Female","Up",-1.35325505198936,7.86966157783149e-05
"848","FGF9-FGFR1","Kidney","Female","Down",0.815961988429734,8.2825747875195e-05
"849","ANGPT2-ITGB1","Kidney","Female","Up",-0.75207871375698,8.3512386010711e-05
"850","NECTIN1-NECTIN3","Kidney","Female","Up",-1.6130302855743,0.000115879901840284
"851","NECTIN3-NECTIN1","Kidney","Female","Up",-1.6130302855743,0.000115879901840284
"852","ADM-CALCRL","Kidney","Female","Down",0.680188712332234,0.000119271970008645
"853","LGALS3-MAG","Kidney","Female","Down",1.58778084998757,0.000131067047513458
"854","RTN4-LINGO1","Kidney","Female","Down",0.595230088746488,0.000131777785042081
"855","COL9A3-SDC4","Kidney","Female","Down",1.00459129294719,0.000142971088191427
"856","FN1-ITGA9","Kidney","Female","Down",0.670281202813334,0.00014840886013486
"857","MDK-NCL","Kidney","Female","Up",-0.5966146991455,0.000149418961766739
"858","EFEMP1-EGFR","Kidney","Female","Up",-0.505682098713323,0.000180739608973586
"859","PCSK9-SORT1","Kidney","Female","Down",5.16021842131666,0.000182887801732554
"860","PTMA-VIPR1","Kidney","Female","Down",0.740742604267212,0.000191784455361094
"861","FGF11-FGFR2","Kidney","Female","Down",2.17867379746117,0.000210190060772876
"862","SHH-SMO","Kidney","Female","Up",-1.60432867339498,0.000228330363749709
"863","LGALS3-LAG3","Kidney","Female","Down",1.70281686593759,0.000242410611413983
"864","LAMB1-DAG1","Kidney","Female","Down",0.436187625655102,0.000245448519850592
"865","SELPLG-VSIR","Kidney","Female","Down",0.984333817986657,0.00025962330444673
"866","PTN-SDC3","Kidney","Female","Up",-0.883599614224926,0.00026582871926655
"867","C3-C3AR1","Kidney","Female","Up",-0.59251114101236,0.000332520026558688
"868","ICAM1-ITGAX","Kidney","Female","Up",-1.09577197591246,0.000456259565698754
"869","SERPING1-SELP","Kidney","Female","Down",0.622600053471217,0.000458451236391349
"870","FGF14-FGFR4","Kidney","Female","Down",4.98443376697029,0.000460124855848525
"871","TBXAS1-TBXA2R","Kidney","Female","Down",0.838651518333251,0.000478971328039584
"872","IL11-IL6ST","Kidney","Female","Up",-1.59489988015487,0.000537344268288918
"873","CADM1-CADM1","Kidney","Female","Up",-0.597341226831852,0.000596462368050434
"874","INHBA-TGFBR1","Kidney","Female","Up",-1.22781795754475,0.000641566597140256
"875","VCAM1-ITGB2","Kidney","Female","Up",-0.428543351258283,0.000665098878604755
"876","ANGPTL3-ITGA5","Kidney","Female","Up",-0.730499779958597,0.000680623412461251
"877","VASP-ITGA4","Kidney","Female","Up",-0.800745530678154,0.00070866415239599
"878","HSP90B1-TLR2","Kidney","Female","Down",0.493679823025365,0.000725386125920248
"879","BGN-P2RX4","Kidney","Female","Up",-0.410539085354163,0.000747398687572029
"880","MMRN2-CD248","Kidney","Female","Down",0.653267402017565,0.000750650038785453
"881","TNC-TLR4","Kidney","Female","Down",0.606508388577021,0.000798253339101524
"882","LAMA5-SV2B","Kidney","Female","Up",-1.14151813117866,0.000915278706696528
"883","GNAS-ADRB2","Kidney","Female","Up",-0.777538715656227,0.00107175670624191
"884","CALCA-RAMP1","Kidney","Female","Down",2.13226262637331,0.00116960376084357
"885","THBS4-CD47","Kidney","Female","Up",-1.4366806709977,0.00118334159633959
"886","SEMA4G-PLXNB2","Kidney","Female","Down",0.523810984452429,0.00130506472235911
"887","ANGPTL4-SDC1","Kidney","Female","Down",0.476411024870546,0.00132552920144683
"888","VEGFB-FLT1","Kidney","Female","Down",0.422426527313104,0.00135527038888616
"889","C4B-CD46","Kidney","Female","Down",1.05268338653906,0.00143307816986648
"890","BMP7-ACVR2B","Kidney","Female","Down",1.45628933315071,0.0014955305799496
"891","LMAN1-MCFD2","Kidney","Female","Down",0.428290373525906,0.00150853964727274
"892","SHH-LRP2","Kidney","Female","Up",-0.645266968942847,0.00158359523741932
"893","HSP90B1-LRP6","Kidney","Female","Up",-0.383649333721056,0.00164378725791389
"894","COL6A1-SDC4","Kidney","Female","Down",0.361261367566209,0.00182794704827177
"895","LAMA3-ITGB4","Kidney","Female","Up",-1.25257327575537,0.00197194154140644
"896","BMP7-ACVR1","Kidney","Female","Down",0.861323018241477,0.00198092426051587
"897","WNT2-FZD7","Kidney","Female","Down",4.64860935245797,0.00205682585873342
"898","PTN-PTPRB","Kidney","Female","Down",0.560458492872336,0.00219828832006894
"899","LAMC2-SV2A","Kidney","Female","Up",-2.53940098021539,0.00239035190413729
"900","WNT2-FZD5","Kidney","Female","Down",4.5995639669873,0.00249037689985728
"901","IL1B-IL1R1","Kidney","Female","Down",1.63727833476638,0.00258485576037462
"902","FBN1-ITGB3","Kidney","Female","Up",-1.49950297454483,0.00267863636448867
"903","GNB2-KCNJ6","Kidney","Female","Down",4.57198283124317,0.00275725073283546
"904","FBN1-ITGA5","Kidney","Female","Up",-0.646578362473274,0.00287094304385146
"905","LAMB2-SV2C","Kidney","Female","Down",5.48855660707293,0.0029292624475183
"906","PSEN1-ERBB4","Kidney","Female","Down",0.515787114546409,0.0031472908191596
"907","DLL1-NOTCH2","Kidney","Female","Down",0.661564713989022,0.00374490640607478
"908","HMGB1-THBD","Kidney","Female","Down",0.410239779434946,0.00397564450860976
"909","BSG-SPN","Kidney","Female","Down",0.538380042391094,0.00400407006650938
"910","SHH-GAS1","Kidney","Female","Up",-1.45031139608134,0.00409040776538712
"911","BMP7-BMPR1A","Kidney","Female","Down",0.769425613144326,0.00409740998659598
"912","PSEN1-EPHB2","Kidney","Female","Up",-0.710650745719542,0.00423287502838231
"913","NECTIN1-NECTIN1","Kidney","Female","Up",-0.966114635348757,0.00439676511421262
"914","APOC1-VLDLR","Kidney","Female","Down",1.02203897255109,0.00440591239325862
"915","JAM3-ITGB2","Kidney","Female","Down",0.556214490209955,0.00444171658827823
"916","LAMA1-ITGA7","Kidney","Female","Down",0.935315626720869,0.00473312627181316
"917","LIPC-LRP1","Kidney","Female","Up",-0.866270485420485,0.00482327929970654
"918","LAMC1-SV2B","Kidney","Female","Up",-1.38236530489109,0.00550039747669278
"919","SLPI-PLSCR1","Kidney","Female","Up",-0.405227396982569,0.00570878284951346
"920","ADAM17-TNFRSF1A","Kidney","Female","Up",-0.397211820091169,0.00580541286035869
"921","C3-ITGAX","Kidney","Female","Up",-0.736680454129831,0.00621159878901218
"922","VWF-ITGB3","Kidney","Female","Up",-1.40581725852562,0.00639545385265724
"923","SEMA4A-PLXND1","Kidney","Female","Down",0.640868413105919,0.00641487413306518
"924","FN1-ITGB7","Kidney","Female","Down",0.629925155802891,0.00656894799945657
"925","ADAM17-APLP2","Kidney","Female","Down",0.370577555125231,0.00714790592564342
"926","TGFB2-TGFBR2","Kidney","Female","Down",0.893473243166332,0.00740357489096862
"927","MFGE8-ITGB3","Kidney","Female","Up",-0.678910275233973,0.00753949718417601
"928","ICAM1-SPN","Kidney","Female","Up",-0.810506206954982,0.00758976243294294
"929","BMP8B-BMPR2","Kidney","Female","Up",-0.958995098377494,0.00802205068243201
"930","BMP7-ACVR2A","Kidney","Female","Down",0.816593087918026,0.00835013551956629
"931","VCAM1-ITGB7","Kidney","Female","Up",-0.555155340537744,0.00889971564813254
"932","TNFSF12-EGFR","Kidney","Female","Down",0.50362308971261,0.00929826481682911
"933","BMP4-BMPR1A","Kidney","Female","Up",-0.744478219366715,0.00942030077583521
"934","LGALS1-PTPRC","Kidney","Female","Up",-0.386380449951057,0.00951895753020219
"935","SPON1-LRP8","Kidney","Female","Up",-1.14535403978005,0.00978754876279502
"936","ADAM10-NOTCH3","Kidney","Female","Up",-0.372011246797851,0.0100431608147604
"937","FN1-CD79A","Kidney","Female","Down",2.01942628912193,0.0103156930379367
"938","SOST-LRP6","Kidney","Female","Up",-0.662290767771545,0.010579833674012
"939","CD14-CD55","Kidney","Female","Down",0.40852224754483,0.0106798376056354
"940","ANGPT1-ITGB1","Kidney","Female","Down",0.477006603426827,0.0107368990431256
"941","EDN1-EDNRA","Kidney","Female","Up",-0.920437914414265,0.0107368990431256
"942","COL4A2-SDC4","Kidney","Female","Up",-0.331901331122735,0.0113316690416616
"943","CD55-ADGRE5","Kidney","Female","Down",0.480057045255915,0.0130202252170632
"944","ADGRE5-CD55","Kidney","Female","Down",0.480057045255915,0.0130202252170632
"945","HBEGF-EGFR","Kidney","Female","Down",0.546383334331684,0.013267670700685
"946","BMP6-BMPR2","Kidney","Female","Down",0.629314784721884,0.0137441435445754
"947","SEMA4A-PLXNB1","Kidney","Female","Down",0.476605653945832,0.0143029721479865
"948","ADAM17-ERBB4","Kidney","Female","Down",0.600621399565022,0.0144472460687907
"949","CD14-LY96","Kidney","Female","Down",0.580867753581972,0.0147659826830048
"950","THBS1-ITGA4","Kidney","Female","Up",-0.419052218311006,0.0150395593530871
"951","SHH-BOC","Kidney","Female","Up",-1.78590454377862,0.0155010116306512
"952","CCL5-CCRL2","Kidney","Female","Down",2.5322957323449,0.0161866860077024
"953","TNC-SDC4","Kidney","Female","Up",-0.343202581961584,0.0163134294823902
"954","TNC-ITGA7","Kidney","Female","Down",0.516804297343209,0.0168549241126606
"955","LAMB3-SV2A","Kidney","Female","Up",-1.63523555846722,0.0168919614956755
"956","INHBA-ACVR1","Kidney","Female","Up",-1.38796423885126,0.0176749990820733
"957","CXCL12-AVPR1A","Kidney","Female","Up",-0.500647209029624,0.0176806677356338
"958","SEMA6A-PLXNA2","Kidney","Female","Down",0.940633147414178,0.0177184555181198
"959","LAMA5-DAG1","Kidney","Female","Down",0.341206920046178,0.0201672509483491
"960","HMGB1-LY96","Kidney","Female","Down",0.486134771960847,0.0201978940484905
"961","PTPRK-PTPRK","Kidney","Female","Up",-0.534793561120259,0.0205076992402241
"962","CNTN2-NRP1","Kidney","Female","Up",-1.41415208257952,0.0208127193278258
"963","MMRN2-CLEC14A","Kidney","Female","Down",0.448941017861187,0.0235671392774666
"964","EFNB2-PECAM1","Kidney","Female","Down",0.356102649355262,0.0239660616842161
"965","MPZL1-MPZL1","Kidney","Female","Up",-0.407169890152465,0.0252549830559117
"966","COL3A1-MAG","Kidney","Female","Up",-1.43656024105986,0.0252760723261453
"967","CX3CL1-ITGA4","Kidney","Female","Up",-0.524621111432019,0.0253139884213708
"968","NRG2-ERBB3","Kidney","Female","Down",1.03044743080012,0.0261705879807539
"969","WNT9B-SFRP1","Kidney","Female","Up",-0.449755542062664,0.0265665882852397
"970","ICAM2-ITGAM","Kidney","Female","Down",0.665126370482544,0.0274097837936666
"971","SLIT2-ROBO2","Kidney","Female","Down",1.21368271913334,0.0276675936833747
"972","COL4A3-CD47","Kidney","Female","Up",-0.372304253321755,0.0278532273321462
"973","COL4A6-CD93","Kidney","Female","Up",-0.474785522926261,0.0290286114650833
"974","LTC4S-CYSLTR1","Kidney","Female","Down",2.07947738747162,0.0295093302329975
"975","TFPI-VLDLR","Kidney","Female","Up",-0.415455184694353,0.0322003378252167
"976","MMRN2-CD93","Kidney","Female","Down",0.384489930053683,0.032797597401054
"977","ADAM10-TSPAN15","Kidney","Female","Down",0.44768641204677,0.033390626821795
"978","YBX1-NOTCH1","Kidney","Female","Down",0.384614392577034,0.0335980907845217
"979","NRXN2-ADGRL1","Kidney","Female","Down",0.548923608070921,0.0339977392780987
"980","LAMB2-SV2B","Kidney","Female","Up",-0.622424479464585,0.034193548446365
"981","NGF-NTRK3","Kidney","Female","Down",1.07332999085273,0.034268376071609
"982","FYN-THY1","Kidney","Female","Down",0.405682986427329,0.0345451278275855
"983","S100A1-RYR1","Kidney","Female","Down",1.58111973507246,0.0346281335547023
"984","TNC-ITGA9","Kidney","Female","Down",0.555717579184421,0.0348944556838855
"985","THBS4-SDC4","Kidney","Female","Up",-0.525208587806801,0.0361969656101286
"986","GNAI2-CCR5","Kidney","Female","Up",-0.602471344684916,0.0374971696840028
"987","VEGFA-ITGB3","Kidney","Female","Up",-0.500605613211135,0.0386593002205726
"988","BGN-TLR2","Kidney","Female","Down",0.400791345428183,0.038695163793822
"989","CLSTN3-NRXN3","Kidney","Female","Up",-0.650002911935905,0.0424859896005432
"990","SEMA4A-PLXNB2","Kidney","Female","Down",0.391183567877621,0.0432740175187572
"991","SEMA4D-CD72","Kidney","Female","Up",-1.11002537211061,0.0434228186834686
"992","LCN2-LRP2","Kidney","Female","Up",-0.450538287652864,0.0447528579404312
"993","WNT3-FZD1","Brain","Male","Up",-0.925862078021573,1.14342526425723e-10
"994","WNT3-SFRP4","Brain","Male","Up",-0.81079138466476,3.42724143824053e-10
"995","WNT3-FZD7","Brain","Male","Up",-1.02314195835093,8.7951391948876e-07
"996","PTN-SDC1","Brain","Male","Down",1.08321090671924,8.7951391948876e-07
"997","AVP-OXTR","Brain","Male","Down",2.06539565229573,9.64087720800014e-07
"998","LPL-SDC1","Brain","Male","Down",0.964730890236855,1.29937261686e-06
"999","LTA4H-GPR17","Brain","Male","Down",0.643782559255087,2.01680328548054e-06
"1000","LGALS3-MAG","Brain","Male","Down",0.676998965762805,1.58483961359433e-05
"1001","WNT7B-FRZB","Brain","Male","Down",0.730125046074912,2.91553933842633e-05
"1002","BMP4-BMPR1B","Brain","Male","Up",-0.589102930214081,3.54728945053868e-05
"1003","WNT3-SFRP2","Brain","Male","Up",-1.03110872045062,5.56465146918539e-05
"1004","SERPINE1-LRP1","Brain","Male","Up",-0.744361249845423,7.35844472197081e-05
"1005","CXCL12-GPR17","Brain","Male","Down",0.813695413584636,9.82587760972509e-05
"1006","VEGFA-KDR","Brain","Male","Up",-0.429675722507398,0.000101422701662408
"1007","COMP-NOTCH1","Brain","Male","Up",-1.12485040388822,0.000568934454959583
"1008","THBS4-SDC1","Brain","Male","Down",0.988872069185094,0.000670752499893711
"1009","IGF2-IGF1R","Brain","Male","Down",2.36448942290414,0.000685657018653377
"1010","SNCA-LAG3","Brain","Male","Down",1.02079721183059,0.000761167037252797
"1011","CCL5-SDC4","Brain","Male","Up",-0.909299115954638,0.000933691482683555
"1012","SEMA4D-MET","Brain","Male","Down",0.403151898335449,0.0011480052027371
"1013","EFNA1-EPHA8","Brain","Male","Up",-0.678835188825002,0.00122946958309275
"1014","LCN2-SLC22A17","Brain","Male","Down",4.47332758597198,0.00173977974964185
"1015","COL3A1-DDR1","Brain","Male","Up",-0.801177369908118,0.00215700814565028
"1016","S100A1-TLR4","Brain","Male","Down",0.401331283222875,0.00227081443537273
"1017","COL3A1-ADGRG1","Brain","Male","Up",-0.783686781579575,0.00228244046300467
"1018","CD55-ADGRE5","Brain","Male","Down",0.436334096685395,0.00229075274483643
"1019","ADGRE5-CD55","Brain","Male","Down",0.436334096685395,0.00229075274483643
"1020","ANXA2-TLR2","Brain","Male","Up",-0.711663151149077,0.00292666544582318
"1021","CD84-CD84","Brain","Male","Down",0.571394983892986,0.00340818231081338
"1022","COL9A2-SDC1","Brain","Male","Down",0.68904421853303,0.00424980353947871
"1023","THBS1-SDC4","Brain","Male","Up",-1.03979590543976,0.00470297897429822
"1024","S100A4-EGFR","Brain","Male","Up",-0.67291287885344,0.00526413806949214
"1025","BMP2-BMPR2","Brain","Male","Down",0.386284853265987,0.0057299934307764
"1026","CCL5-ACKR1","Brain","Male","Up",-1.00461325850663,0.00672910265076893
"1027","CXCL12-CMKLR1","Brain","Male","Down",0.536143224378587,0.00708716342875143
"1028","VCAN-TLR2","Brain","Male","Up",-0.733395995591005,0.00744916643024208
"1029","SLIT1-SDC1","Brain","Male","Down",0.578574554593942,0.00789559329204993
"1030","GDF10-BMPR1B","Brain","Male","Up",-0.405003355334935,0.00812504496312466
"1031","COL3A1-DDR2","Brain","Male","Up",-0.804489912037144,0.00996947044863486
"1032","CALR-MPL","Brain","Male","Down",0.5821148179527,0.0103869164102784
"1033","CCL2-ACKR1","Brain","Male","Up",-1.09330182747184,0.0108033342768179
"1034","NECTIN1-NECTIN4","Brain","Male","Down",2.64682841934236,0.0108993072217262
"1035","AFDN-NECTIN4","Brain","Male","Down",2.84550900955598,0.0124359105250746
"1036","CCL5-GPR75","Brain","Male","Up",-0.738298687846745,0.0124359105250746
"1037","COL6A2-SDC4","Brain","Male","Up",-0.900346812610482,0.0143465905884988
"1038","CD14-TLR2","Brain","Male","Up",-0.717971576302952,0.0170986316868892
"1039","TGFB3-TGFBR3","Brain","Male","Up",-0.460822142620004,0.0195134630005095
"1040","MCAM-MCAM","Brain","Male","Down",0.664501698289887,0.0252467771837035
"1041","VTN-PLAUR","Brain","Male","Up",-0.668728579920507,0.0262489249278229
"1042","DDC-HTR7","Brain","Male","Up",-0.720994622380344,0.0323324130454929
"1043","ESAM-ESAM","Brain","Male","Down",0.591311183590664,0.038841680681356
"1044","NTF3-NTRK3","Brain","Male","Up",-0.587636388583455,0.0390702429069728
"1045","ADM-RAMP2","Brain","Male","Down",0.588116962334744,0.0418272281649636
"1046","ANXA2-CD44","Brain","Male","Up",-0.390606546787424,0.0421555086663783
"1047","VEGFA-SDC2","Brain","Male","Up",-0.49365794896742,0.0440109352717517
"1048","CALR-MPL","Brain","Female","Down",3.65282660823445,1.58029516801207e-14
"1049","VEGFA-NPR1","Brain","Female","Down",3.41737210831645,9.25092569297526e-14
"1050","ADM-CALCRL","Brain","Female","Up",-1.46400037455554,1.00908467906804e-13
"1051","ITGB2-THY1","Brain","Female","Down",1.32193548134494,1.36007405811533e-13
"1052","CALM3-SCN10A","Brain","Female","Down",7.09199396273026,6.98330347293721e-13
"1053","COL4A4-SDC4","Brain","Female","Up",-1.34022792244666,7.64064315490929e-13
"1054","FGF2-NRP1","Brain","Female","Up",-1.05219368100412,1.01949112635887e-12
"1055","TNC-EGFR","Brain","Female","Up",-1.14150486839157,1.39970226720922e-12
"1056","BMP4-BMPR1B","Brain","Female","Up",-1.14854942384182,1.55973537316926e-12
"1057","COL6A3-CD44","Brain","Female","Up",-1.56933124348162,1.73133447777902e-12
"1058","MATN1-ITGB1","Brain","Female","Down",2.24591804036504,3.00491856216594e-12
"1059","THBS1-ITGB1","Brain","Female","Up",-1.03084847337078,3.12769178325602e-12
"1060","PROS1-TYRO3","Brain","Female","Down",0.899284522381307,3.15155696138651e-12
"1061","FN1-CD44","Brain","Female","Up",-1.19560055970779,4.6279429933413e-12
"1062","PROS1-MERTK","Brain","Female","Up",-0.974544437029428,5.11185378421563e-12
"1063","CALM2-SCN10A","Brain","Female","Down",6.63309278225519,5.31893401068152e-12
"1064","FGF2-CD44","Brain","Female","Up",-1.59648113167892,5.8766312433462e-12
"1065","CALM1-SCN10A","Brain","Female","Down",6.45217847812778,7.3466580336963e-12
"1066","TGFB1-TGFBR3","Brain","Female","Up",-0.946022956221276,8.8102014119759e-12
"1067","TGFB3-TGFBR3","Brain","Female","Up",-0.869908158661705,9.83590147439281e-12
"1068","HBEGF-CD44","Brain","Female","Up",-1.16884458242054,1.58319089126323e-11
"1069","VTN-PLAUR","Brain","Female","Down",2.47548797041928,1.92038496544667e-11
"1070","ANXA2-CD44","Brain","Female","Up",-1.24028064930996,1.97978234994934e-11
"1071","CD14-TLR3","Brain","Female","Up",-1.65157964556243,2.17412625757639e-11
"1072","LY86-CD180","Brain","Female","Down",5.76169723296548,2.27529690641562e-11
"1073","CD14-LY96","Brain","Female","Up",-1.48237167423508,2.87238382387247e-11
"1074","FGF20-FGFR3","Brain","Female","Down",1.35070038113124,3.15905991349491e-11
"1075","VCAN-CD44","Brain","Female","Up",-1.17675170926207,3.22344184901641e-11
"1076","PECAM1-CD38","Brain","Female","Up",-1.33039675511281,3.34984094631762e-11
"1077","CD38-PECAM1","Brain","Female","Up",-1.33039675511281,3.34984094631762e-11
"1078","WNT5A-SFRP4","Brain","Female","Up",-1.76503096984675,4.22929000234516e-11
"1079","BMP4-BMPR1A","Brain","Female","Up",-1.04697871937497,4.61955211883853e-11
"1080","SERPINE1-VLDLR","Brain","Female","Down",1.32670814788035,4.65801076968614e-11
"1081","BMP4-ACVR2A","Brain","Female","Up",-0.956011089287709,4.68765271399926e-11
"1082","VEGFA-FLT1","Brain","Female","Up",-1.17161205219021,5.10516701665135e-11
"1083","BMP4-BMPR2","Brain","Female","Up",-1.00893623144262,8.94487792976468e-11
"1084","CD14-TLR2","Brain","Female","Up",-2.30183854187886,1.07462109973035e-10
"1085","COL8A1-ITGA1","Brain","Female","Up",-1.41710438717818,1.31169261368837e-10
"1086","CFH-ITGAM","Brain","Female","Up",-1.70268866798819,1.47864470457061e-10
"1087","MFAP5-NOTCH1","Brain","Female","Down",2.62566579820925,1.5961169339169e-10
"1088","THBS1-ITGA1","Brain","Female","Up",-1.87801595409408,2.08097144818911e-10
"1089","THBS1-SDC4","Brain","Female","Up",-1.10113848411508,2.30560246904416e-10
"1090","BMP5-BMPR1A","Brain","Female","Up",-1.03609050981096,2.76370502171442e-10
"1091","VIM-CD44","Brain","Female","Up",-1.23600758145305,3.10812433167449e-10
"1092","WNT2-FZD5","Brain","Female","Down",1.50147908988298,3.19033904808416e-10
"1093","IL16-KCNJ4","Brain","Female","Down",1.71602968586592,3.43839079867544e-10
"1094","CCL2-ACKR1","Brain","Female","Down",1.99921359695808,3.44171572909027e-10
"1095","LAMC1-CD44","Brain","Female","Up",-1.59798853295699,4.65969880404726e-10
"1096","ANXA2-TLR2","Brain","Female","Up",-1.56868879851015,4.82322987617875e-10
"1097","EFNA3-EPHA1","Brain","Female","Down",6.02418245267481,4.93583026225796e-10
"1098","VEGFA-GPC1","Brain","Female","Down",0.784926321439025,4.95967540474356e-10
"1099","COL3A1-ITGB1","Brain","Female","Up",-0.819651192966153,6.15908263896559e-10
"1100","SNCA-LAG3","Brain","Female","Down",3.42883922670717,6.26138754070743e-10
"1101","COL3A1-DDR2","Brain","Female","Up",-1.43870267527932,8.55172984803481e-10
"1102","ICAM5-ITGB2","Brain","Female","Down",2.23351428412092,9.63631849206954e-10
"1103","WNT7B-FRZB","Brain","Female","Down",2.34296132818436,1.04919169351896e-09
"1104","C1QA-CSPG4","Brain","Female","Down",2.58745304432335,1.29374823249402e-09
"1105","PLAU-ITGB2","Brain","Female","Down",1.58771526784355,1.29374823249402e-09
"1106","A2M-LRP1","Brain","Female","Up",-0.604522027999681,1.29859798946794e-09
"1107","AVP-OXTR","Brain","Female","Down",2.83330823466671,1.45744413647413e-09
"1108","NTN4-NTRK2","Brain","Female","Up",-0.629073614637819,1.65615403328935e-09
"1109","CXCL12-GPR17","Brain","Female","Down",0.987306525290257,1.92741692181603e-09
"1110","TGFB1-TGFBR2","Brain","Female","Up",-0.963988778323781,2.11784341971667e-09
"1111","COL4A4-ITGB1","Brain","Female","Up",-1.12182592160024,2.13652945866255e-09
"1112","GDF10-ACVR1","Brain","Female","Up",-0.847655949218751,2.2568476307548e-09
"1113","WNT4-SFRP1","Brain","Female","Down",1.39717748619088,2.48530284081608e-09
"1114","ADAM17-TNFRSF1B","Brain","Female","Up",-0.847536484102333,2.53286623555325e-09
"1115","COL4A3-CD47","Brain","Female","Up",-0.556662315761302,3.03121844248316e-09
"1116","MIA-CDH7","Brain","Female","Down",3.29083229350543,3.23198803063488e-09
"1117","BMP6-ACVR1","Brain","Female","Up",-1.11251194892084,3.32771261757318e-09
"1118","CDH3-CDH3","Brain","Female","Down",1.37214652053371,4.19760032362327e-09
"1119","ADAM9-ITGB5","Brain","Female","Up",-0.708962563220347,6.6390563593775e-09
"1120","LGALS3-MERTK","Brain","Female","Up",-1.03377382227681,6.76531473606291e-09
"1121","IGFBP4-FZD8","Brain","Female","Down",1.76587043828851,8.16023343745591e-09
"1122","DCN-EGFR","Brain","Female","Up",-1.21172700026158,8.17712222700907e-09
"1123","LGALS9-CD44","Brain","Female","Up",-1.46359491598455,9.69908513049668e-09
"1124","VCAN-TLR2","Brain","Female","Up",-1.26564660624226,9.79986601367129e-09
"1125","APOE-TREM2","Brain","Female","Down",1.80247956171266,9.79986601367129e-09
"1126","C1QB-LRP1","Brain","Female","Down",0.588284697450592,9.79986601367129e-09
"1127","SERPINE1-LRP1","Brain","Female","Down",1.51644924719199,1.16857018989193e-08
"1128","SULT1A1-PPARA","Brain","Female","Down",0.50680445453092,1.19166652215593e-08
"1129","WNT2-FZD8","Brain","Female","Down",4.73622850717993,1.27817003227341e-08
"1130","LAMA5-CD44","Brain","Female","Up",-1.069938436377,1.28562061411418e-08
"1131","ICAM4-ITGAM","Brain","Female","Down",3.81295565069568,1.41750635634671e-08
"1132","DCN-MET","Brain","Female","Up",-0.911247098143903,1.54825535218181e-08
"1133","WNT1-FZD3","Brain","Female","Down",4.02778216008349,1.9956927107168e-08
"1134","VWF-TNFRSF11B","Brain","Female","Up",-1.18981438171846,2.06620157658685e-08
"1135","CD84-CD84","Brain","Female","Up",-2.18055583060913,2.15890368728421e-08
"1136","WNT5A-ROR2","Brain","Female","Up",-1.30294147111837,2.26127937210936e-08
"1137","ACE-BDKRB2","Brain","Female","Down",1.78594289489123,2.4800252853006e-08
"1138","VWF-ITGA4","Brain","Female","Up",-1.19464117368679,2.6488415414191e-08
"1139","UCN-CRHR1","Brain","Female","Down",2.08156923207909,3.55659300018858e-08
"1140","COL4A1-CD44","Brain","Female","Up",-1.425226863613,3.78375414548736e-08
"1141","FGF2-SDC4","Brain","Female","Up",-0.926585930296883,4.04612841488776e-08
"1142","LAMA2-CD44","Brain","Female","Up",-1.28039007671257,4.38824863643974e-08
"1143","VWF-ITGB3","Brain","Female","Up",-0.816513037519378,5.11527485704024e-08
"1144","LEFTY1-ACVR1","Brain","Female","Up",-0.780143590513342,5.12770010511905e-08
"1145","SEMA6D-TREM2","Brain","Female","Down",0.730421097418922,5.6625375241541e-08
"1146","COL3A1-ADGRG1","Brain","Female","Down",0.660565860195599,5.73496121525229e-08
"1147","SEMA6D-TYROBP","Brain","Female","Down",0.561390049563332,6.36859698419221e-08
"1148","LTA4H-GPR17","Brain","Female","Down",1.19337491784228,7.26635319515341e-08
"1149","WNT1-RYK","Brain","Female","Down",2.87201071907415,9.45847201299808e-08
"1150","ENTPD1-ADORA2B","Brain","Female","Up",-0.723856785943215,9.88064750203288e-08
"1151","C3-NRP1","Brain","Female","Up",-0.629969448713684,1.4793391145874e-07
"1152","BMP6-BMPR2","Brain","Female","Up",-0.625843163959474,1.5544614732657e-07
"1153","BSG-ITGB2","Brain","Female","Down",0.495533325032649,1.79839671139891e-07
"1154","CXCL10-SDC4","Brain","Female","Up",-1.84175445717036,2.07903129191949e-07
"1155","BMP6-ACVR2A","Brain","Female","Up",-0.587365245635116,2.23879768138535e-07
"1156","RSPO3-FZD8","Brain","Female","Down",1.57982459108895,2.35146467044593e-07
"1157","HSP90B1-TLR4","Brain","Female","Up",-0.633294959138182,2.42040739651981e-07
"1158","CD14-ITGB1","Brain","Female","Up",-0.896505805652557,2.66280146881048e-07
"1159","TFPI-F3","Brain","Female","Up",-0.535030278431905,2.74931663260083e-07
"1160","VEGFA-AXL","Brain","Female","Down",0.822258119104804,3.12882290827022e-07
"1161","ANGPT1-ITGB1","Brain","Female","Up",-0.967929670029986,3.30551279730808e-07
"1162","WNT9A-SFRP1","Brain","Female","Down",1.00592510492149,4.53824584654364e-07
"1163","BMP2-RGMB","Brain","Female","Down",0.954106155737087,5.35780458137228e-07
"1164","HSP90B1-TLR2","Brain","Female","Up",-0.753251462619065,7.25000580440587e-07
"1165","SERPINE2-PLAUR","Brain","Female","Down",0.980526690689494,8.40599070633955e-07
"1166","CCL5-ACKR1","Brain","Female","Down",2.42152135276788,8.7407898636362e-07
"1167","SERPINE1-LRP1B","Brain","Female","Down",0.757249252988075,9.1674240671522e-07
"1168","CD14-ITGB2","Brain","Female","Up",-0.783004581662751,1.32026498740781e-06
"1169","WNT5B-FRZB","Brain","Female","Up",-0.67293672033782,1.63793232512064e-06
"1170","TGFB1-ENG","Brain","Female","Down",0.547418550469129,1.66597459747465e-06
"1171","ITGB2-ICAM2","Brain","Female","Up",-0.634291580056268,1.94716913616244e-06
"1172","ICAM2-ITGB2","Brain","Female","Up",-0.634291580056268,1.94716913616244e-06
"1173","CTSD-LRP1","Brain","Female","Down",0.584900048635982,2.13941853089693e-06
"1174","WNT1-FRZB","Brain","Female","Down",3.38834367364417,2.80594178327381e-06
"1175","ADAM10-GPNMB","Brain","Female","Up",-1.26086149006236,2.81302235688982e-06
"1176","APOE-LRP1","Brain","Female","Down",0.618864645761793,2.81952588101602e-06
"1177","VEGFA-PTPRB","Brain","Female","Up",-0.615173311288272,2.94408821428648e-06
"1178","PTGES2-PTGER4","Brain","Female","Down",1.1878756683507,3.03340305683957e-06
"1179","WNT2-FRZB","Brain","Female","Down",2.19552593729044,3.70055830296558e-06
"1180","GRN-TNFRSF1A","Brain","Female","Down",0.466892987519142,4.92932723238155e-06
"1181","TGFB1-TGFBR1","Brain","Female","Up",-0.752731563743923,6.43004851416067e-06
"1182","APOE-LRP5","Brain","Female","Down",0.794592226827149,6.63274110457961e-06
"1183","LGALS3-ITGB1","Brain","Female","Up",-0.803061428167347,7.03258213993891e-06
"1184","WNT4-FRZB","Brain","Female","Down",1.4975456981388,9.42693220348125e-06
"1185","CLEC11A-ITGA10","Brain","Female","Down",0.463216466194333,1.02599274463e-05
"1186","VIP-SCTR","Brain","Female","Down",5.02091127516423,1.15769029434856e-05
"1187","SLIT2-ROBO4","Brain","Female","Up",-0.796086098889112,1.19947596249347e-05
"1188","PTGES-PTGER4","Brain","Female","Down",1.9222848986026,1.20559268562004e-05
"1189","ADM-RAMP3","Brain","Female","Down",0.732965616510399,1.29916087521583e-05
"1190","C3-CD81","Brain","Female","Down",0.760857153549374,1.55544643463996e-05
"1191","VWF-ITGAV","Brain","Female","Up",-0.818148206129418,1.86370285895157e-05
"1192","ROBO1-ROBO1","Brain","Female","Up",-0.677478683604059,2.06032420902224e-05
"1193","VWF-GP1BB","Brain","Female","Up",-0.443606769322565,2.06506621756657e-05
"1194","WNT9A-FRZB","Brain","Female","Down",0.982261244538548,3.09524496597646e-05
"1195","NTF3-NTRK3","Brain","Female","Down",2.37494349436233,3.15184049794173e-05
"1196","LAMB3-CD44","Brain","Female","Up",-0.555526756963713,3.36901924888377e-05
"1197","CALR-SCARF1","Brain","Female","Down",0.448312234187009,4.75890106672847e-05
"1198","APOE-VLDLR","Brain","Female","Down",0.776501419376579,5.52378133483326e-05
"1199","VWF-LRP1","Brain","Female","Up",-0.413421648723838,5.52678639883933e-05
"1200","VEGFA-KDR","Brain","Female","Up",-0.512167405359495,5.94541524198398e-05
"1201","LGALS3-ITGB4","Brain","Female","Up",-0.52201524747644,6.43280517408962e-05
"1202","TNC-ITGB1","Brain","Female","Up",-0.818655512664331,6.80867698345075e-05
"1203","WNT3-WIF1","Brain","Female","Down",0.496084757392312,7.65014484619651e-05
"1204","APOE-LDLR","Brain","Female","Down",0.80105402526292,8.61288060243309e-05
"1205","S100A4-EGFR","Brain","Female","Down",0.820111525322294,8.7257383733124e-05
"1206","PENK-GHSR","Brain","Female","Down",4.24899096491916,0.000117346022341663
"1207","NECTIN3-NECTIN1","Brain","Female","Down",0.42006937465221,0.000138005989160409
"1208","NECTIN1-NECTIN3","Brain","Female","Down",0.42006937465221,0.000138005989160409
"1209","C1QA-CD33","Brain","Female","Down",0.825641176239674,0.000140591569146418
"1210","HMGB1-TLR2","Brain","Female","Up",-0.731030458866059,0.000165050431283947
"1211","THBS4-SDC4","Brain","Female","Up",-0.567128620980688,0.000203273197914285
"1212","CCL5-SDC4","Brain","Female","Down",0.790669577289023,0.000211750294046175
"1213","APOE-SDC4","Brain","Female","Down",0.615262897919477,0.000235260381861783
"1214","COL6A2-SDC4","Brain","Female","Up",-0.407227134252231,0.000269998092084461
"1215","HMGB1-TLR4","Brain","Female","Up",-0.602931817586988,0.000303274574729647
"1216","LAMC2-CD44","Brain","Female","Down",1.71668721215217,0.000368824036797062
"1217","CD14-C3AR1","Brain","Female","Up",-0.654230399884555,0.000422791642440783
"1218","FGF1-CD44","Brain","Female","Up",-0.725551420128381,0.000435244237424406
"1219","C3-LRP1","Brain","Female","Down",0.343595565259468,0.000460318780888752
"1220","DDC-HTR2A","Brain","Female","Down",1.0924117773803,0.000471257166624977
"1221","HMGB1-CXCR4","Brain","Female","Up",-0.535322435991148,0.0005252577847968
"1222","PLAT-ITGAM","Brain","Female","Up",-0.496228178397104,0.000582646597054831
"1223","WNT3-SFRP2","Brain","Female","Down",1.4160738919263,0.000683530828499797
"1224","COL4A1-CD93","Brain","Female","Up",-0.628918552857116,0.000895457187761075
"1225","WNT7A-FRZB","Brain","Female","Down",0.759294299004575,0.00096583297389806
"1226","DDC-DRD1","Brain","Female","Down",1.29903224988253,0.00131294342983476
"1227","DDC-DRD2","Brain","Female","Down",1.58426846789989,0.00136899308070748
"1228","LAMC3-SV2C","Brain","Female","Up",-0.963446985204293,0.00148487621846865
"1229","SEMA5A-MET","Brain","Female","Up",-0.836020539228899,0.00159391285723503
"1230","COL6A3-SDC4","Brain","Female","Up",-0.398804685920393,0.00175705314794747
"1231","VIP-NPR3","Brain","Female","Down",1.59150951971834,0.00176337118050502
"1232","LGALS3-ITGA3","Brain","Female","Up",-0.474112142979173,0.00186218894527329
"1233","C1QL2-ADGRB3","Brain","Female","Down",0.364510240741104,0.00271995531933094
"1234","CCL5-GPR75","Brain","Female","Down",1.11188564981166,0.00336061088573047
"1235","FGF2-ITGAV","Brain","Female","Up",-0.581474737881893,0.00341003129985078
"1236","CD44-TYROBP","Brain","Female","Up",-0.495995239576062,0.0036180710969133
"1237","RSPO2-RNF43","Brain","Female","Up",-0.350548541997051,0.00396223739940979
"1238","GDF10-BMPR1B","Brain","Female","Up",-0.364504606018913,0.00418125426365645
"1239","SPP1-CD44","Brain","Female","Up",-1.35696766896561,0.00539287854428389
"1240","HMGB1-TLR1","Brain","Female","Up",-0.53428704986724,0.00544337080864968
"1241","MCAM-MCAM","Brain","Female","Down",1.30366423661846,0.00593962890842089
"1242","CXCL12-CMKLR1","Brain","Female","Up",-0.362023690494105,0.0064009782537897
"1243","TGFB1-ITGB8","Brain","Female","Up",-0.628271872794577,0.00656247035007427
"1244","EFNA1-EPHA2","Brain","Female","Down",0.991896261718048,0.00737098332228009
"1245","LGALS3BP-ITGB1","Brain","Female","Up",-0.594378713536006,0.00793558445807425
"1246","CALM1-KCNN4","Brain","Female","Up",-0.412289717898904,0.00843863989062522
"1247","JAM3-ITGA4","Brain","Female","Up",-0.716569373201688,0.00871571287986839
"1248","LGALS9-HAVCR2","Brain","Female","Up",-0.56648888216913,0.0111961804707238
"1249","GRN-TNFRSF1B","Brain","Female","Down",0.450857401640673,0.0154462973354987
"1250","FADD-TNFRSF1A","Brain","Female","Up",-0.362754025738179,0.0157159479175202
"1251","SPP1-ITGB1","Brain","Female","Up",-0.837314450765655,0.0165342823686218
"1252","SPP1-ITGA8","Brain","Female","Up",-0.940418534456327,0.0169487380121843
"1253","SLIT2-ROBO3","Brain","Female","Up",-0.371335441861706,0.0178101776244816
"1254","S100A10-TRPV6","Brain","Female","Down",0.60694028275857,0.0201188997642756
"1255","SPP1-ITGA4","Brain","Female","Up",-0.921455995014288,0.0205724483041676
"1256","APP-CD74","Brain","Female","Up",-0.425934125066202,0.0243772984363442
"1257","HMGB1-HAVCR2","Brain","Female","Up",-0.42328360878222,0.0296133592343834
"1258","DLL3-NOTCH1","Brain","Female","Down",0.425105364003492,0.0304522843598396
"1259","COL5A2-DDR1","Brain","Female","Down",0.324118354709858,0.0321097387365802
"1260","SEMA4D-CD72","Brain","Female","Down",0.818441642139933,0.034048885085033
"1261","C4B-CD46","Brain","Female","Down",1.00266253348178,0.0417518272599368
"1262","C1QB-CD33","Brain","Female","Up",-0.444565581036862,0.0433622061781975
"1263","GNAI2-C5AR1","Brain","Female","Down",0.291592834775094,0.0488824000413679
