,LR pairs,tech,organ,regulate,logFC,FDR
0,Gnai2-C5ar1,Visium,Brain,Up,1.446426234,4.0044435653271795e-11
1,Apoe-Trem2,Visium,Brain,Up,0.86477741,8.26364506273696e-11
2,Adam10-Gpnmb,Visium,Brain,Up,1.49267332,1.55774329172209e-10
3,Timp1-Itgb1,Visium,Brain,Up,2.326449701,1.8323648700405e-10
4,C4b-Cd46,Visium,Brain,Up,2.360993433,4.872403246730821e-10
5,Timp1-Lrp1,Visium,Brain,Up,1.78811366,8.634500749458261e-10
6,C1qa-Cd33,Visium,Brain,Up,1.426275959,1.0850978192070201e-09
7,Cd44-Tyrobp,Visium,Brain,Up,1.874586862,1.5284401437109501e-09
8,Vegfa-Axl,Visium,Brain,Up,0.748454442,1.6105082917881102e-09
9,C3-Itgb2,Visium,Brain,Up,3.77311812,2.31650925297884e-09
10,Lgals3-Mertk,Visium,Brain,Up,2.055085083,2.4307863490816402e-09
11,C1qb-Cd33,Visium,Brain,Up,1.251206082,4.9585896883233e-09
12,Cd14-Itgb2,Visium,Brain,Up,2.769383847,5.051837158863821e-09
13,C3-Lrp1,Visium,Brain,Up,1.584995057,3.25083106351016e-08
14,Sema6d-Tyrobp,Visium,Brain,Up,0.833374954,3.37637894277899e-08
15,Lgals3-Itgb1,Visium,Brain,Up,1.815804892,5.80248301419195e-08
16,Lgals3-Itgb4,Visium,Brain,Up,1.934403022,8.55844009167157e-08
17,Lgals3-Mag,Visium,Brain,Up,1.930809118,8.55844009167157e-08
18,Apoe-Abca1,Visium,Brain,Up,0.647426113,8.55844009167157e-08
19,C1qa-Cspg4,Visium,Brain,Up,0.858301868,1.01328558361596e-07
20,Hmgb1-Havcr2,Visium,Brain,Up,0.949489062,1.01328558361596e-07
21,Vim-Cd44,Visium,Brain,Up,1.945884421,1.01328558361596e-07
22,C3-Itgam,Visium,Brain,Up,2.763198048,1.80865480993101e-07
23,Tln1-Itgb2,Visium,Brain,Up,0.837263518,1.80865480993101e-07
24,Sema6d-Trem2,Visium,Brain,Up,0.844857906,2.03259739322074e-07
25,Vcam1-Itgb2,Visium,Brain,Up,1.049971038,2.03725671053734e-07
26,Timp1-Cd63,Visium,Brain,Up,2.224695149,2.22457454371747e-07
27,Calm2-Scn10a,Visium,Brain,Up,1.459241076,2.40466295334749e-07
28,Jam3-Itgb2,Visium,Brain,Up,1.295039539,3.13176565238353e-07
29,Calm1-Scn10a,Visium,Brain,Up,1.401573818,3.57132788655583e-07
30,Icam1-Itgb2,Visium,Brain,Up,1.820515043,3.6504107653698e-07
31,Itgb2-Icam1,Visium,Brain,Up,1.820515043,3.6504107653698e-07
32,Cxcl5-Ackr1,Visium,Brain,Up,1.600509123,3.92460938334673e-07
33,Hmgb1-Tlr2,Visium,Brain,Up,1.192920394,4.1182563225588e-07
34,Calm3-Scn10a,Visium,Brain,Up,1.39829145,4.86527077176111e-07
35,C1qb-Lrp1,Visium,Brain,Up,0.478113671,6.83052137407237e-07
36,Itgb2-Thy1,Visium,Brain,Up,0.703985497,1.0092922333549e-06
37,Calr-Mpl,Visium,Brain,Down,-1.259085404,1.08442806868224e-06
38,Cd14-C3ar1,Visium,Brain,Up,2.704267294,1.24839450761202e-06
39,Bsg-Itgb2,Visium,Brain,Up,0.742507145,1.76022043097167e-06
40,Icam1-Itgam,Visium,Brain,Up,1.277363093,1.76022043097167e-06
41,Spp1-Itgb5,Visium,Brain,Up,1.33546126,1.7832373000632e-06
42,Vegfa-Itgav,Visium,Brain,Up,0.581593242,2.44232615536405e-06
43,Grn-Tnfrsf1b,Visium,Brain,Up,0.874135803,2.64693121254632e-06
44,Cd14-Tlr3,Visium,Brain,Up,1.227927036,2.64693121254632e-06
45,Icam5-Cd209a,Visium,Brain,Up,1.288897606,2.64693121254632e-06
46,Ccl5-Sdc4,Visium,Brain,Up,1.646437873,3.62933643215127e-06
47,Plau-Itgb2,Visium,Brain,Up,1.808882377,4.0690620818425e-06
48,C3-Cd81,Visium,Brain,Up,1.484371673,4.29476473909158e-06
49,Grn-Tnfrsf1a,Visium,Brain,Up,0.68889348,4.29476473909158e-06
50,Fgf2-Cd44,Visium,Brain,Up,1.176992682,4.61225826290392e-06
51,C4b-C5ar2,Visium,Brain,Up,2.221628796,4.6322500196709e-06
52,Cxcl10-Ackr1,Visium,Brain,Up,1.701371061,5.86839677534551e-06
53,App-Cd74,Visium,Brain,Up,1.000599741,6.20906521271988e-06
54,Itgb2-Icam2,Visium,Brain,Up,1.006715145,6.20906521271988e-06
55,Icam2-Itgb2,Visium,Brain,Up,1.006715145,6.20906521271988e-06
56,Adam9-Itgb5,Visium,Brain,Up,0.612702759,6.20906521271988e-06
57,Cxcl10-Sdc4,Visium,Brain,Up,1.831442076,6.82248669023188e-06
58,Col4a6-Sdc4,Visium,Brain,Up,1.145211125,7.0682094740701e-06
59,Ccl12-Ackr1,Visium,Brain,Up,1.317409748,7.0682094740701e-06
60,Sema5a-Met,Visium,Brain,Down,-0.876484004,7.24264265435127e-06
61,Csf1-Csf1r,Visium,Brain,Up,0.685007436,7.69049992183096e-06
62,Ly86-Cd180,Visium,Brain,Up,1.435961905,7.69049992183096e-06
63,Cd14-Tlr2,Visium,Brain,Up,2.654633363,8.09080357705443e-06
64,Hsp90b1-Tlr2,Visium,Brain,Up,0.838265891,1.17174706551386e-05
65,Sema4d-Cd72,Visium,Brain,Up,1.615335836,1.47386334172768e-05
66,Cxcl12-Gpr17,Visium,Brain,Down,-0.760381246,1.54320024131072e-05
67,Apoe-Lrp1,Visium,Brain,Up,0.430136007,2.13252994305823e-05
68,Fgf1-Cd44,Visium,Brain,Up,0.966411139,2.13252994305823e-05
69,Pros1-Axl,Visium,Brain,Up,0.639334777,2.14509445857978e-05
70,Spp1-Cd44,Visium,Brain,Up,2.18078984,2.19832909048778e-05
71,Lgals3-Itga3,Visium,Brain,Up,1.377418359,2.24721954916348e-05
72,Vcan-Tlr2,Visium,Brain,Up,1.382919493,2.43357908844158e-05
73,Cfh-Itgam,Visium,Brain,Up,0.940602603,2.43357908844158e-05
74,Spp1-Itga4,Visium,Brain,Up,1.425614718,2.61813200790013e-05
75,Serpine1-Lrp1b,Visium,Brain,Up,1.872142286,2.83729402730486e-05
76,Apoe-Sdc4,Visium,Brain,Up,0.495318422,2.97178002463698e-05
77,C3-Nrp1,Visium,Brain,Up,2.637196717,3.57880426056753e-05
78,Vegfa-Ptprz1,Visium,Brain,Up,0.540022338,3.95697495020203e-05
79,Ptprc-Mrc1,Visium,Brain,Up,1.653944099,4.51719482931734e-05
80,Mrc1-Ptprc,Visium,Brain,Up,1.653944099,4.51719482931734e-05
81,Vegfa-Gpc1,Visium,Brain,Up,0.532399433,4.87321976087644e-05
82,Ctsd-Lrp1,Visium,Brain,Up,0.443418472,7.19742279168056e-05
83,Vwf-Itgav,Visium,Brain,Up,0.656248054,7.24435865099553e-05
84,Ptn-Sdc1,Visium,Brain,Down,-0.647712029,7.3488412163329e-05
85,Adm-Calcrl,Visium,Brain,Up,1.050222226,7.37309222044387e-05
86,Angpt2-Itgb2,Visium,Brain,Up,1.406861587,7.4073974485032e-05
87,Serpine2-Plaur,Visium,Brain,Up,0.953554565,9.70190207140741e-05
88,Apoe-Vldlr,Visium,Brain,Up,0.416830231,9.71642301628262e-05
89,Lgals1-Ptprc,Visium,Brain,Up,0.985032545,0.000108276
90,Cd14-Ly96,Visium,Brain,Up,1.404772547,0.000111731
91,Vcan-Cd44,Visium,Brain,Up,1.09989999,0.000113328
92,Lta4h-Gpr17,Visium,Brain,Down,-0.711535802,0.000124425
93,Snca-Lag3,Visium,Brain,Up,0.650896098,0.000130687
94,F9-Lrp1,Visium,Brain,Up,1.308513212,0.000135762
95,Anxa2-Tlr2,Visium,Brain,Up,1.410793283,0.000155247
96,Bmp4-Rgmb,Visium,Brain,Down,-0.842716531,0.000168908
97,Hras-Tlr2,Visium,Brain,Up,0.664741497,0.000171031
98,Ccl27a-Ccr10,Visium,Brain,Down,-0.874875498,0.000183094
99,Lcn2-Slc22a17,Visium,Brain,Up,3.033353726,0.000188672
100,Cd14-Itgb1,Visium,Brain,Up,0.988825819,0.00019748
101,Sema4d-Ptprc,Visium,Brain,Up,0.983089838,0.000205005
102,Vegfa-Flt1,Visium,Brain,Up,0.502620583,0.00020509
103,Nectin3-Nectin3,Visium,Brain,Down,-0.612420914,0.000209616
104,Lgals9-Cd44,Visium,Brain,Up,1.149594703,0.000225184
105,Icam5-Itgb2,Visium,Brain,Up,0.62119303,0.000225329
106,Bmp4-Bmpr2,Visium,Brain,Down,-0.794520104,0.000341622
107,Mpzl1-Mpzl1,Visium,Brain,Down,-0.622531362,0.000363655
108,Serpine1-Vldlr,Visium,Brain,Up,1.306177812,0.000396039
109,Lgals9-Havcr2,Visium,Brain,Up,1.16061718,0.000397565
110,Ccl5-Gpr75,Visium,Brain,Up,1.324779383,0.000399336
111,Mif-Cd44,Visium,Brain,Up,0.576534333,0.000405353
112,Tfpi-F3,Visium,Brain,Up,0.697651044,0.000470218
113,Anxa2-Cd44,Visium,Brain,Up,1.091194492,0.000480255
114,Tgfb1-Tgfbr1,Visium,Brain,Up,0.727248619,0.000480255
115,Lama2-Cd44,Visium,Brain,Up,1.031276094,0.000510595
116,Ddc-Drd2,Visium,Brain,Down,-1.418130989,0.000551844
117,Npy-Fap,Visium,Brain,Down,-0.767656492,0.000556948
118,Icam1-Itgav,Visium,Brain,Up,0.708183489,0.000644214
119,Mif-Cd74,Visium,Brain,Up,0.872890792,0.000680099
120,Wnt3-Fzd7,Visium,Brain,Up,1.051140061,0.000680099
121,Calr-Scarf1,Visium,Brain,Down,-0.637365093,0.000756746
122,Hmgb1-Tlr1,Visium,Brain,Up,1.021114772,0.00079489
123,Thbs4-Sdc1,Visium,Brain,Down,-1.831858606,0.0008309
124,Liph-Lpar1,Visium,Brain,Up,1.219983268,0.000965152
125,Hbegf-Cd44,Visium,Brain,Up,0.752888787,0.000976651
126,Calm1-Kcnq1,Visium,Brain,Down,-0.746271733,0.001108292
127,Pros1-Mertk,Visium,Brain,Up,0.641627645,0.001121526
128,Lamc1-Cd44,Visium,Brain,Up,0.765749325,0.001152334
129,Vegfa-Nrp2,Visium,Brain,Up,0.563655795,0.001152334
130,Robo1-Robo1,Visium,Brain,Up,0.65256462,0.001192758
131,Ccl27a-Ackr2,Visium,Brain,Down,-0.652906835,0.001207351
132,Serpine1-Lrp1,Visium,Brain,Up,1.286647084,0.001216775
133,Lamb2-Cd44,Visium,Brain,Up,0.860921659,0.001217193
134,Apoe-Sorl1,Visium,Brain,Up,0.390455526,0.001500037
135,C1ql4-Adgrb3,Visium,Brain,Down,-1.438962208,0.001500037
136,Spp1-Itgb3,Visium,Brain,Up,1.643663368,0.001503022
137,Vwf-Tnfrsf11b,Visium,Brain,Up,1.069441782,0.001611419
138,Fn1-Cd44,Visium,Brain,Up,0.686827051,0.001674355
139,Igfbp4-Fzd8,Visium,Brain,Down,-0.540515488,0.001840093
140,Hmgb1-Itgam,Visium,Brain,Up,0.542372693,0.002024394
141,Cxcl12-Cmklr1,Visium,Brain,Up,0.937068098,0.002047282
142,Spp1-Itgav,Visium,Brain,Up,0.89017519,0.002047282
143,S100a4-Egfr,Visium,Brain,Up,0.707926705,0.002107638
144,Spp1-Itgb1,Visium,Brain,Up,0.832260803,0.0025148
145,Vwf-Lrp1,Visium,Brain,Up,0.441327854,0.002517374
146,Tgfb1-Itgb8,Visium,Brain,Up,0.544000144,0.002663337
147,Pf4-Lrp1,Visium,Brain,Down,-0.620643413,0.002762612
148,Wnt2-Frzb,Visium,Brain,Down,-0.622068244,0.002806526
149,Dcn-Met,Visium,Brain,Down,-1.411084592,0.00326538
150,Reln-Itga3,Visium,Brain,Down,-0.479357592,0.003876291
151,Ucn-Crhr1,Visium,Brain,Down,-2.327259544,0.003890357
152,Lgals3-Itgb3,Visium,Brain,Up,1.732581849,0.004184997
153,Vegfa-Npr1,Visium,Brain,Up,0.635068216,0.004297484
154,Tgfb1-Tgfbr2,Visium,Brain,Up,0.599268252,0.004307502
155,Icam4-Itgb2,Visium,Brain,Up,0.866132676,0.004307502
156,Col9a2-Sdc1,Visium,Brain,Down,-0.930141591,0.004454506
157,Vegfa-Ptprb,Visium,Brain,Up,0.435730986,0.004454506
158,Daglb-Cnr2,Visium,Brain,Up,1.196834754,0.004538185
159,A2m-Lrp1,Visium,Brain,Up,0.744187493,0.00498345
160,Apoe-Lrp8,Visium,Brain,Up,0.359017492,0.005119092
161,S100a10-Trpv6,Visium,Brain,Down,-0.784410315,0.00547518
162,Pf4-Thbd,Visium,Brain,Down,-0.865037455,0.00590847
163,Lgals3bp-Itgb1,Visium,Brain,Up,0.582428318,0.006069989
164,Wnt7a-Frzb,Visium,Brain,Down,-0.732262901,0.006119646
165,Bmp4-Acvr2a,Visium,Brain,Down,-0.773319711,0.006324764
166,Adm-Ramp2,Visium,Brain,Up,0.615597952,0.006730134
167,Vip-Sctr,Visium,Brain,Down,-1.182098146,0.006751701
168,Nectin1-Nectin3,Visium,Brain,Down,-0.472702304,0.006877696
169,Nectin3-Nectin1,Visium,Brain,Down,-0.472702304,0.006877696
170,Tgfb1-Itgav,Visium,Brain,Up,0.473444185,0.007738872
171,Hmgb1-Tlr4,Visium,Brain,Up,0.620338771,0.008299301
172,Plat-Itgam,Visium,Brain,Up,0.604289894,0.008476009
173,Pf4-Fgfr2,Visium,Brain,Down,-0.64611772,0.008627127
174,Rspo3-Fzd8,Visium,Brain,Down,-0.683346946,0.008656406
175,Ccl2-Ackr1,Visium,Brain,Up,1.160348107,0.008951511
176,Selplg-Vsir,Visium,Brain,Up,0.471096371,0.008979613
177,Wnt9a-Sfrp1,Visium,Brain,Down,-0.638066874,0.009278065
178,Bmp2-Rgmb,Visium,Brain,Down,-0.53420732,0.009478863
179,Slit1-Sdc1,Visium,Brain,Down,-0.899735116,0.009880879
180,Ddc-Htr1a,Visium,Brain,Down,-1.013333915,0.010040919
181,Tnc-Itga9,Visium,Brain,Down,-0.727233181,0.010694198
182,Hsp90b1-Tlr4,Visium,Brain,Up,0.580565014,0.010890549
183,Wnt4-Frzb,Visium,Brain,Down,-0.747529526,0.010969174
184,Wnt5b-Frzb,Visium,Brain,Down,-0.632264714,0.01116881
185,Vegfa-Kdr,Visium,Brain,Up,0.458190857,0.01116881
186,Lgals9-Ighm,Visium,Brain,Up,0.624342829,0.011416117
187,Vtn-Plaur,Visium,Brain,Up,0.820530144,0.011483544
188,Ace-Bdkrb2,Visium,Brain,Up,1.020531786,0.011671335
189,Ccl5-Ackr1,Visium,Brain,Up,1.165977032,0.012398739
190,Fn1-Plaur,Visium,Brain,Up,0.778015027,0.012398739
191,Pecam1-Cd38,Visium,Brain,Down,-0.592041655,0.013514971
192,Cd38-Pecam1,Visium,Brain,Down,-0.592041655,0.013514971
193,Adam12-Itgb1,Visium,Brain,Down,-0.670251193,0.013688595
194,Bmp4-Bmpr1a,Visium,Brain,Down,-0.624778079,0.014006756
195,Shank3-Ret,Visium,Brain,Up,0.476833301,0.014989568
196,Wnt3-Wif1,Visium,Brain,Up,1.015896498,0.015774138
197,Col6a3-Cd44,Visium,Brain,Up,1.03887986,0.015774138
198,Vwf-Itga4,Visium,Brain,Up,0.689975007,0.016060089
199,Dagla-Cnr2,Visium,Brain,Up,1.166811592,0.016159055
200,Ins2-Insr,Visium,Brain,Down,-1.590613075,0.016187047
201,Ncam1-Robo3,Visium,Brain,Down,-0.455443608,0.016187047
202,Pf4-Sdc2,Visium,Brain,Down,-0.579647546,0.016775844
203,S100a1-Tlr4,Visium,Brain,Up,0.60268791,0.016813024
204,Angpt1-Itgb1,Visium,Brain,Up,0.470143502,0.017077151
205,Apoe-Ldlr,Visium,Brain,Up,0.405188612,0.017237016
206,Bmp2-Bmpr2,Visium,Brain,Down,-0.410683779,0.017260979
207,Vegfa-Sdc2,Visium,Brain,Up,0.372288365,0.017693457
208,Sema4d-Met,Visium,Brain,Down,-0.542860631,0.018094214
209,Fadd-Tnfrsf1a,Visium,Brain,Up,0.594169884,0.018094214
210,Apoe-Lrp5,Visium,Brain,Up,0.691430873,0.018094214
211,Col3a1-Ddr2,Visium,Brain,Down,-1.127273703,0.018564917
212,Slit2-Robo3,Visium,Brain,Down,-0.526484074,0.018820086
213,Spp1-Itga8,Visium,Brain,Up,0.714040084,0.019575078
214,Gdf10-Acvr1,Visium,Brain,Down,-0.453437228,0.019926791
215,Igf1-Itgav,Visium,Brain,Up,0.428872451,0.019926791
216,Esam-Esam,Visium,Brain,Down,-0.483324844,0.020533007
217,Col4a6-Itgb1,Visium,Brain,Up,0.849434439,0.020947408
218,Col6a3-Sdc4,Visium,Brain,Up,0.68687463,0.021150696
219,Fgf3-Fgfr2,Visium,Brain,Down,-0.871504539,0.021308108
220,Wnt2-Fzd5,Visium,Brain,Down,-0.812873728,0.021374564
221,Vwf-Itgb3,Visium,Brain,Up,0.765238591,0.021445467
222,Col3a1-Ddr1,Visium,Brain,Down,-0.75918694,0.022286231
223,Col5a2-Ddr1,Visium,Brain,Down,-0.783005874,0.022675899
224,Sema3f-Plxna3,Visium,Brain,Down,-0.508051391,0.022675899
225,Calm1-Kcnn4,Visium,Brain,Down,-0.671733174,0.023549535
226,Col3a1-Itgb1,Visium,Brain,Down,-0.744394362,0.023809491
227,Mfap5-Notch1,Visium,Brain,Down,-0.990733172,0.025494192
228,Ntn4-Unc5b,Visium,Brain,Up,0.567390574,0.025494192
229,Efna3-Epha1,Visium,Brain,Down,-1.259283145,0.02553447
230,Col4a1-Cd44,Visium,Brain,Up,0.589353866,0.025666726
231,Ntn4-Ntrk2,Visium,Brain,Up,0.473514797,0.026116407
232,Rspo2-Rnf43,Visium,Brain,Down,-0.661359137,0.026116407
233,Col11a1-Ddr1,Visium,Brain,Down,-0.506906035,0.026116407
234,Wnt5a-Sfrp4,Visium,Brain,Up,0.69573034,0.026302756
235,Lama5-Cd44,Visium,Brain,Up,0.773224463,0.02702913
236,Wnt3-Sfrp4,Visium,Brain,Up,0.940607128,0.028038858
237,Mia-Cdh7,Visium,Brain,Down,-0.739351226,0.028371046
238,Lamc2-Cd44,Visium,Brain,Up,0.587386483,0.028408504
239,Wnt3-Fzd3,Visium,Brain,Up,0.470079046,0.028420112
240,Cd55-Adgre5,Visium,Brain,Down,-0.553856716,0.028493518
241,Adgre5-Cd55,Visium,Brain,Down,-0.553856716,0.028493518
242,Col4a5-Cd44,Visium,Brain,Up,1.009538949,0.029202286
243,Wnt2-Fzd8,Visium,Brain,Down,-0.626229785,0.029771489
244,Efna1-Epha8,Visium,Brain,Down,-0.605958573,0.030571292
245,Apoe-Lrp6,Visium,Brain,Up,0.350924632,0.031430187
246,Bmp4-Bmpr1b,Visium,Brain,Down,-0.661132027,0.031623636
247,Lamb3-Cd44,Visium,Brain,Up,0.885196847,0.034274133
248,Lamc3-Sv2c,Visium,Brain,Down,-0.504346364,0.034298082
249,Dcn-Egfr,Visium,Brain,Down,-0.787952206,0.037795787
250,Wnt4-Fzd5,Visium,Brain,Down,-0.997989739,0.037795787
251,Adm-Ramp3,Visium,Brain,Up,0.823355315,0.037926479
252,Adam12-Itga9,Visium,Brain,Down,-0.946154225,0.037926479
253,Wnt3-Fzd1,Visium,Brain,Up,0.612409173,0.037926479
254,Wnt7b-Frzb,Visium,Brain,Down,-0.590346758,0.038122853
255,Wnt9a-Frzb,Visium,Brain,Down,-0.543383778,0.038188856
256,Lrpap1-Lrp2,Visium,Brain,Down,-1.099601693,0.03837676
257,Clec11a-Itga10,Visium,Brain,Down,-0.645794338,0.039755358
258,Icam4-Itgam,Visium,Brain,Up,0.59003475,0.040623681
259,Tgfb1-Eng,Visium,Brain,Up,0.452717814,0.04112766
260,Gdf10-Bmpr1b,Visium,Brain,Down,-0.476601436,0.041266229
261,Wnt5a-Ror2,Visium,Brain,Down,-1.141842993,0.041963684
262,Hcrt-Hcrtr2,Visium,Brain,Up,2.988573568,0.044030081
263,Col4a1-Cd93,Visium,Brain,Down,-0.5398862,0.044030081
264,Slit2-Robo4,Visium,Brain,Down,-0.488025903,0.044436659
265,Fgf3-Fgfr3,Visium,Brain,Down,-0.748280546,0.045053471
266,Ddc-Htr7,Visium,Brain,Down,-0.574967007,0.046944423
267,Pf4-Ldlr,Visium,Brain,Down,-0.633210027,0.047085135
268,Ddc-Htr2a,Visium,Brain,Down,-0.553676404,0.047509847
269,Ddc-Drd1,Visium,Brain,Down,-0.524455429,0.04759591
270,Col3a1-Adgrg1,Visium,Brain,Down,-0.645647065,0.04759591
271,Wnt4-Sfrp1,Visium,Brain,Down,-0.628278689,0.047699275
272,Adam17-Tnfrsf1b,Visium,Brain,Up,0.570184822,0.048794231
273,Col2a1-Cd44,Visium,Brain,Up,1.011045827,0.049244482
274,C1qa-Cd33,STomics,Brain,Up,1.276908898,2.39367854433788e-07
275,C4b-Cd46,STomics,Brain,Up,2.362584421,3.28859789127858e-06
276,Lcn2-Slc22a17,STomics,Brain,Up,1.961963007,3.28859789127858e-06
277,C4b-C5ar2,STomics,Brain,Up,3.251553664,3.33563699301302e-06
278,C1qb-Cd33,STomics,Brain,Up,0.985774134,6.30678152195549e-06
279,Apod-Lepr,STomics,Brain,Up,0.977011167,1.16465395588043e-05
280,C3-Itgb2,STomics,Brain,Up,2.384601585,2.33484366009077e-05
281,C1qa-Cspg4,STomics,Brain,Up,0.73579147,2.80738445010548e-05
282,Lgals3-Mertk,STomics,Brain,Up,1.780867705,2.86458317470769e-05
283,Adam10-Gpnmb,STomics,Brain,Up,1.582221441,6.73696143639193e-05
284,Avp-Oxtr,STomics,Brain,Down,-3.424908373,6.93963908953458e-05
285,Col3a1-Mag,STomics,Brain,Down,-1.147673789,0.000106099
286,Hsp90b1-Tlr2,STomics,Brain,Up,0.925152797,0.000163672
287,Lta4h-Gpr17,STomics,Brain,Down,-1.183771328,0.000180268
288,Il16-Kcnj4,STomics,Brain,Up,1.042165966,0.000435879
289,Lgals3-Mag,STomics,Brain,Up,1.649270769,0.000435879
290,Wnt1-Ryk,STomics,Brain,Up,1.51602798,0.000705068
291,Icam5-Itgb2,STomics,Brain,Up,1.014483347,0.000705068
292,Ptges3-Ptger4,STomics,Brain,Up,0.73540732,0.000782969
293,C3-Itgam,STomics,Brain,Up,1.518001054,0.000845812
294,Icam5-Cd209f,STomics,Brain,Up,1.649496788,0.000867035
295,Hras-Tlr2,STomics,Brain,Up,0.880924717,0.000890576
296,Col4a4-Sdc4,STomics,Brain,Up,0.927695647,0.001205786
297,Ptges2-Ptger4,STomics,Brain,Up,0.870561881,0.001266161
298,Timp1-Itgb1,STomics,Brain,Up,1.409664327,0.001591495
299,Timp1-Cd63,STomics,Brain,Up,1.844829376,0.001681077
300,C3-C3ar1,STomics,Brain,Up,1.891985863,0.001884654
301,Fgf2-Nrp1,STomics,Brain,Up,0.668521162,0.002101421
302,Penk-Ghsr,STomics,Brain,Down,-1.309218037,0.002111252
303,Cxcl12-Gpr17,STomics,Brain,Down,-1.243252295,0.002331604
304,Col3a1-Ddr1,STomics,Brain,Down,-1.112366817,0.002442846
305,Fgf2-Itgav,STomics,Brain,Up,0.626833364,0.00244765
306,Mpzl1-Mpzl1,STomics,Brain,Down,-0.689859711,0.002796422
307,Cd84-Cd84,STomics,Brain,Up,1.837568156,0.002799315
308,Lgals3-Itgb4,STomics,Brain,Up,1.93494533,0.003819095
309,Sema4d-Ptprc,STomics,Brain,Up,0.697176365,0.003994193
310,Thbs1-Itgb1,STomics,Brain,Up,0.980463976,0.003994193
311,Bsg-Itgb2,STomics,Brain,Up,0.680190757,0.00467612
312,Spp1-Itgb5,STomics,Brain,Up,0.802553778,0.005754624
313,Lgals3bp-Itgb1,STomics,Brain,Up,0.557664673,0.005754624
314,C3-Cd81,STomics,Brain,Up,0.832240873,0.005754624
315,Madcam1-Cd44,STomics,Brain,Up,1.322338871,0.005754624
316,Lgals3-Itgb1,STomics,Brain,Up,1.289845008,0.005754624
317,Thbs1-Sdc4,STomics,Brain,Up,0.856989402,0.005937806
318,Mcam-Mcam,STomics,Brain,Down,-0.545749038,0.008220594
319,Nectin1-Nectin4,STomics,Brain,Up,0.657491899,0.008220594
320,Timp1-Lrp1,STomics,Brain,Up,1.170919951,0.008230941
321,Hmgb1-Tlr2,STomics,Brain,Up,0.944874911,0.008404202
322,Wnt1-Frzb,STomics,Brain,Up,1.438903976,0.008527332
323,Tgfb1-Tgfbr3,STomics,Brain,Up,1.205296581,0.008527332
324,Fn1-Sdc1,STomics,Brain,Down,-1.142811787,0.008527332
325,Vip-Npr3,STomics,Brain,Up,0.78773839,0.008527332
326,Vcam1-Itgb2,STomics,Brain,Up,0.811611632,0.008542069
327,Spp1-Itgav,STomics,Brain,Up,0.537664028,0.008663976
328,Jam3-Itgb2,STomics,Brain,Up,0.649378026,0.00893613
329,Matn1-Itgb1,STomics,Brain,Down,-1.494088747,0.00893613
330,C3-Lrp1,STomics,Brain,Up,0.892119865,0.009005772
331,C3-Nrp1,STomics,Brain,Up,1.341939164,0.009005772
332,Cdh3-Cdh3,STomics,Brain,Up,2.233439591,0.009005772
333,Afdn-Nectin4,STomics,Brain,Up,0.630534276,0.009005772
334,Ntf3-Ntrk3,STomics,Brain,Up,0.719508715,0.009005772
335,Thbs4-Sdc4,STomics,Brain,Up,0.711270162,0.009005772
336,Myoc-Fzd3,STomics,Brain,Down,-0.601234386,0.009544699
337,Col6a2-Sdc4,STomics,Brain,Up,0.548797074,0.009742199
338,Cd14-C3ar1,STomics,Brain,Up,1.218568637,0.009912988
339,Wnt1-Fzd3,STomics,Brain,Up,1.056208744,0.009916797
340,Entpd1-Adora2b,STomics,Brain,Down,-0.933945697,0.009916797
341,Nectin3-Nectin2,STomics,Brain,Down,-0.696229684,0.009916797
342,Nectin2-Nectin3,STomics,Brain,Down,-0.696229684,0.009916797
343,Fgf2-Fgfr2,STomics,Brain,Up,0.536152428,0.010780042
344,Col8a1-Itga1,STomics,Brain,Up,0.973561704,0.01080225
345,Sema6d-Trem2,STomics,Brain,Up,0.450004654,0.01080225
346,Gnai2-C5ar1,STomics,Brain,Up,0.779243133,0.011501519
347,Tgfb1-Itgav,STomics,Brain,Up,0.903188011,0.012616361
348,Icam5-Cd209a,STomics,Brain,Up,1.589434059,0.012616361
349,Col4a6-Sdc4,STomics,Brain,Up,0.940216256,0.013331012
350,Pros1-Tyro3,STomics,Brain,Up,0.454256693,0.013331012
351,Lefty1-Acvr1,STomics,Brain,Up,1.042204557,0.013795598
352,Il16-Kcnd2,STomics,Brain,Up,0.989727745,0.013795598
353,Vwf-Gp1bb,STomics,Brain,Up,0.503599364,0.014775695
354,Bmp6-Acvr1,STomics,Brain,Up,0.646974585,0.015123186
355,Igf1-Itgav,STomics,Brain,Up,0.514788244,0.015123186
356,Anxa2-Tlr2,STomics,Brain,Up,0.932645816,0.016806561
357,Icam1-Itgav,STomics,Brain,Up,0.561769067,0.018463331
358,Pros1-Mertk,STomics,Brain,Up,0.508357167,0.021201267
359,Sema6d-Tyrobp,STomics,Brain,Up,0.496006096,0.022260043
360,Vcan-Tlr2,STomics,Brain,Up,1.187804975,0.02264712
361,Ptgs2-Ptger4,STomics,Brain,Up,0.95709434,0.024321304
362,Col3a1-Adgrg1,STomics,Brain,Down,-0.87615362,0.026410448
363,Itgb2-Thy1,STomics,Brain,Up,0.656524803,0.026783103
364,Col4a4-Itgb1,STomics,Brain,Up,0.753640637,0.027076644
365,Fgf2-Sdc4,STomics,Brain,Up,0.585201241,0.027338335
366,Tnc-Egfr,STomics,Brain,Down,-1.443153141,0.028900733
367,Igf2-Igf1r,STomics,Brain,Up,0.60119251,0.029649767
368,Sult1a1-Ppara,STomics,Brain,Up,0.863534612,0.030912427
369,Dagla-Cnr2,STomics,Brain,Up,1.46969433,0.030912427
370,Ly86-Cd180,STomics,Brain,Up,0.810238766,0.030912427
371,Tgfb3-Tgfbr3,STomics,Brain,Up,0.651862209,0.030912427
372,C3-Cd55,STomics,Brain,Up,1.140173617,0.031235266
373,Fgf21-Fgfr1,STomics,Brain,Up,1.296420094,0.03186743
374,Jam3-Itga4,STomics,Brain,Down,-0.559834442,0.033284146
375,Dll3-Notch1,STomics,Brain,Down,-0.799979637,0.033284146
376,Sema5b-Plxna3,STomics,Brain,Down,-0.552508819,0.033642408
377,Hmgb1-Cxcr4,STomics,Brain,Down,-0.908620582,0.033642408
378,Mif-Cxcr4,STomics,Brain,Down,-0.945731539,0.034379671
379,Bmp6-Acvr2a,STomics,Brain,Up,0.627848537,0.034509047
380,Lgals3-Itgb3,STomics,Brain,Up,1.205305991,0.038700875
381,Fgf21-Fgfr2,STomics,Brain,Up,1.247477148,0.038700875
382,Tnc-Itga9,STomics,Brain,Down,-1.14464204,0.03882472
383,Vwf-Itgav,STomics,Brain,Up,0.550509343,0.039799906
384,Reln-Itga3,STomics,Brain,Down,-0.518338384,0.039799906
385,Comp-Notch1,STomics,Brain,Down,-1.337797821,0.040003774
386,Il2-Ngfr,STomics,Brain,Down,-1.259729102,0.040486902
387,Ptges-Ptger4,STomics,Brain,Up,0.925041978,0.040486902
388,Bmp5-Bmpr1a,STomics,Brain,Up,0.617147795,0.04113212
389,Bmp6-Bmpr2,STomics,Brain,Up,0.512158699,0.041578883
390,Daglb-Cnr2,STomics,Brain,Up,1.61499854,0.042841523
391,Wnt3-Sfrp2,STomics,Brain,Down,-1.513457744,0.042841523
392,Lpl-Sdc1,STomics,Brain,Up,0.768217699,0.042841523
393,C1ql2-Adgrb3,STomics,Brain,Down,-0.74858305,0.042841523
394,Efna1-Epha2,STomics,Brain,Down,-1.130177134,0.042841523
395,Tnc-Itgb1,STomics,Brain,Down,-1.233915046,0.043559151
396,Col4a3-Cd47,STomics,Brain,Up,0.984338724,0.043794327
397,Fgf20-Fgfr3,STomics,Brain,Down,-1.428762221,0.045588257
398,Thbs1-Itga1,STomics,Brain,Up,1.461431145,0.047841746
399,Spp1-Itga8,STomics,Brain,Up,0.54114723,0.04964994
400,Wnt1-Fzd2,STomics,Brain,Up,1.262262398,0.049980769
401,Efnb3-Ephb4,Visium,Heart,Down,-1.058879535,6.59805817540502e-06
402,Col3a1-Ddr1,Visium,Heart,Down,-1.009664929,6.59805817540502e-06
403,F13a1-Itga9,Visium,Heart,Up,1.151738503,9.22023026505143e-06
404,Wnt5a-Sfrp5,Visium,Heart,Down,-2.645387361,9.22023026505143e-06
405,Cfh-Itgam,Visium,Heart,Up,1.283824027,9.22023026505143e-06
406,Gja3-Gja1,Visium,Heart,Down,-1.114778089,1.83738152865909e-05
407,Wnt11-Sfrp5,Visium,Heart,Down,-2.83092449,2.60629006975109e-05
408,C3-Itgam,Visium,Heart,Up,1.239333634,2.60629006975109e-05
409,Itgb2-Icam1,Visium,Heart,Up,1.658529609,3.87663188937687e-05
410,Icam1-Itgb2,Visium,Heart,Up,1.658529609,3.87663188937687e-05
411,Edn3-Ednra,Visium,Heart,Up,2.756808045,4.8499126738373e-05
412,Edn3-Ednrb,Visium,Heart,Up,2.685056383,6.67642161243045e-05
413,Psap-Gpr37l1,Visium,Heart,Down,-1.340101796,8.1711840858696e-05
414,Efnb3-Epha4,Visium,Heart,Down,-1.380066171,0.000126997
415,Dpep1-Cysltr1,Visium,Heart,Up,1.30865704,0.000126997
416,Gja3-Gjc1,Visium,Heart,Down,-1.174763887,0.000131193
417,Itgav-Thy1,Visium,Heart,Up,0.969997257,0.000138524
418,Efnb3-Ephb3,Visium,Heart,Down,-1.208042823,0.000164937
419,Lamb3-Dag1,Visium,Heart,Down,-0.805273284,0.000169412
420,Ccl8-Ccr2,Visium,Heart,Up,2.048968236,0.000169412
421,Gja3-Gja5,Visium,Heart,Down,-1.40892861,0.000169412
422,C3-C3ar1,Visium,Heart,Up,1.182278824,0.00017556
423,C3-Itgax,Visium,Heart,Up,2.582658467,0.00017556
424,Tgfb1-Itgb6,Visium,Heart,Down,-1.092749101,0.000220711
425,Efnb3-Ephb1,Visium,Heart,Down,-1.589827287,0.00027169
426,Gnai2-C5ar1,Visium,Heart,Up,0.91776987,0.000324418
427,Nrtn-Gfra2,Visium,Heart,Down,-1.693433761,0.000363903
428,Bsg-Itgb2,Visium,Heart,Up,0.697048148,0.000380478
429,C3-Itgb2,Visium,Heart,Up,1.295327479,0.000385121
430,Vtn-Itgb6,Visium,Heart,Down,-1.238120228,0.000468027
431,Serpine1-Lrp1,Visium,Heart,Up,1.083122945,0.000535446
432,Mcam-Mcam,Visium,Heart,Up,1.030548962,0.000535446
433,Itgb2-Thy1,Visium,Heart,Up,1.116777987,0.000565967
434,Ntn1-Mcam,Visium,Heart,Up,0.633159526,0.000903528
435,Gja3-Gja3,Visium,Heart,Down,-1.622506652,0.000914709
436,Col3a1-Ddr2,Visium,Heart,Down,-0.753963648,0.000914709
437,Mfge8-Itgav,Visium,Heart,Up,0.556827531,0.000914709
438,Tgm2-Adgrg1,Visium,Heart,Up,0.613284027,0.000914709
439,F13a1-Itgb1,Visium,Heart,Up,0.650292618,0.000914709
440,Cntn2-Cntn2,Visium,Heart,Down,-1.577669957,0.000914709
441,Tln1-Itgb2,Visium,Heart,Up,0.703553333,0.000973148
442,Col6a1-Sdc4,Visium,Heart,Down,-0.653078405,0.001020794
443,Ccl6-Ccr2,Visium,Heart,Up,1.536884413,0.001201151
444,Gnas-Gcgr,Visium,Heart,Down,-2.417697973,0.001201268
445,Fgf12-Fgfr1,Visium,Heart,Down,-0.879660349,0.001209217
446,Nrxn2-Dag1,Visium,Heart,Up,0.699273908,0.001209217
447,Gjc1-Gja1,Visium,Heart,Down,-0.718021589,0.001287314
448,Jag1-Vasn,Visium,Heart,Up,1.290695872,0.001428033
449,Cytl1-Ccr2,Visium,Heart,Up,1.859184555,0.001910025
450,Sema7a-Itga1,Visium,Heart,Up,0.632410401,0.002357753
451,Fn1-Itgb6,Visium,Heart,Down,-1.171445307,0.002445868
452,Gnas-Adrb2,Visium,Heart,Down,-0.624189131,0.002445868
453,Ptn-Sdc2,Visium,Heart,Down,-0.915099663,0.00258565
454,Efna1-Epha4,Visium,Heart,Down,-0.781552159,0.002757319
455,Nrtn-Sdc3,Visium,Heart,Down,-0.564451992,0.002950476
456,Clstn1-Nrxn2,Visium,Heart,Up,0.852085472,0.003488069
457,Cbr1-Ptgfr,Visium,Heart,Down,-0.715198859,0.003599524
458,Hspa8-Aqp2,Visium,Heart,Down,-1.324879846,0.003704493
459,Vwf-Itgav,Visium,Heart,Up,0.651643944,0.003856051
460,Ptn-Plxnb2,Visium,Heart,Down,-0.826545716,0.003925497
461,Ptn-Sdc1,Visium,Heart,Down,-1.227723446,0.003993485
462,Col1a1-Ddr1,Visium,Heart,Down,-0.701234054,0.004662758
463,Calm1-Scn10a,Visium,Heart,Down,-0.758263982,0.004680817
464,Gja5-Gja5,Visium,Heart,Down,-1.033849903,0.004680817
465,Mpzl1-Mpzl1,Visium,Heart,Down,-0.957462384,0.004680817
466,Bgn-Tlr2,Visium,Heart,Up,0.806844579,0.004680817
467,C4b-Cd46,Visium,Heart,Up,1.566867366,0.004680817
468,Mdk-Sdc4,Visium,Heart,Down,-1.105389433,0.004680817
469,Ptn-Ncl,Visium,Heart,Down,-0.708206328,0.004680817
470,Lamb3-Sv2a,Visium,Heart,Down,-1.528130409,0.004839673
471,Cp-Slc40a1,Visium,Heart,Up,0.714221962,0.004940375
472,Calr-Scarf1,Visium,Heart,Down,-0.501641708,0.004940375
473,Jag1-Notch2,Visium,Heart,Up,1.280566451,0.004940375
474,Icam1-Itgav,Visium,Heart,Up,0.925055248,0.005171832
475,S100a1-Ryr1,Visium,Heart,Up,2.371830477,0.005171832
476,Cd248-Il6ra,Visium,Heart,Up,1.274920381,0.005171832
477,Mdk-Lrp6,Visium,Heart,Down,-0.849260139,0.005406735
478,Calm3-Scn10a,Visium,Heart,Down,-0.808570225,0.005693514
479,Ptn-Sdc4,Visium,Heart,Down,-1.264233495,0.00571812
480,Lama2-Sv2a,Visium,Heart,Down,-0.8154161,0.005939627
481,Col8a1-Itga1,Visium,Heart,Up,0.717136517,0.005939627
482,Ybx1-Notch1,Visium,Heart,Down,-0.706873941,0.005939627
483,Ngf-Sorcs2,Visium,Heart,Down,-1.236213944,0.006016872
484,Col18a1-Itga5,Visium,Heart,Up,1.119482051,0.00606741
485,Gnai2-Lpar3,Visium,Heart,Down,-1.488204696,0.006380605
486,Timp1-Itgb1,Visium,Heart,Up,0.578501625,0.00661347
487,F8-Lrp1,Visium,Heart,Down,-1.421996024,0.006885171
488,Hsp90b1-Lrp6,Visium,Heart,Down,-0.57483104,0.00714067
489,Nrtn-Gfra3,Visium,Heart,Down,-1.311848821,0.007153366
490,Ctf1-Il6st,Visium,Heart,Down,-0.7617313,0.007153366
491,C3-Nrp1,Visium,Heart,Up,0.643660987,0.007153366
492,Wnt9a-Frzb,Visium,Heart,Up,1.25777468,0.007153366
493,Cxadr-Cxadr,Visium,Heart,Down,-0.680829693,0.007165243
494,Fgf12-Fgfr3,Visium,Heart,Down,-1.538947255,0.007317319
495,Fn1-Cd79a,Visium,Heart,Down,-1.50209399,0.007348755
496,Gja1-Gja1,Visium,Heart,Down,-0.598804324,0.007384874
497,Cx3cl1-Itgav,Visium,Heart,Up,0.634667783,0.007425188
498,Vcam1-Itgb2,Visium,Heart,Up,0.854491799,0.007557151
499,Col6a2-Sdc4,Visium,Heart,Down,-0.575530147,0.007557151
500,Col1a1-Sdc1,Visium,Heart,Down,-0.76368204,0.007557151
501,Dcn-Tlr2,Visium,Heart,Up,0.571258116,0.008650262
502,Selenop-Lrp8,Visium,Heart,Up,1.216893462,0.008688444
503,C3-C5ar2,Visium,Heart,Up,1.284549841,0.009077406
504,Col6a1-Sdc1,Visium,Heart,Down,-0.630406214,0.009566511
505,Col6a6-Sdc4,Visium,Heart,Down,-1.202018462,0.009566511
506,Fgf2-Lyve1,Visium,Heart,Up,0.889591583,0.009589657
507,App-Lrp8,Visium,Heart,Up,1.786367319,0.009624523
508,Inha-Tgfbr3,Visium,Heart,Down,-0.826071371,0.009624523
509,Calm1-Kcnq1,Visium,Heart,Down,-0.549302919,0.009666383
510,Vcam1-Itga9,Visium,Heart,Up,0.60616701,0.009666383
511,Clu-Lrp2,Visium,Heart,Down,-1.505615017,0.009700694
512,Adam15-Itga9,Visium,Heart,Up,0.494979552,0.010226415
513,Lamc3-Dag1,Visium,Heart,Up,0.92508919,0.010226415
514,Plau-Lrp1,Visium,Heart,Up,1.042418768,0.01061773
515,Gnai2-Drd2,Visium,Heart,Down,-0.933847231,0.010913658
516,Col3a1-Adgrg1,Visium,Heart,Down,-0.486141033,0.010913658
517,Ccl19-Ccrl2,Visium,Heart,Down,-1.080564406,0.010913658
518,C4b-C5ar2,Visium,Heart,Up,1.742257593,0.010913658
519,Mdk-Sdc1,Visium,Heart,Down,-1.011139278,0.010972534
520,Bsg-Spn,Visium,Heart,Up,1.178481976,0.011848484
521,Ntn1-Unc5a,Visium,Heart,Up,0.825040337,0.011848484
522,Lefty1-Acvr1,Visium,Heart,Down,-1.143517369,0.01210568
523,Vegfb-Nrp1,Visium,Heart,Down,-0.541334998,0.012138943
524,Lgals3-Itgb1,Visium,Heart,Up,0.650928317,0.012138943
525,Ptdss1-Jmjd6,Visium,Heart,Down,-0.559766969,0.012138943
526,Gja1-Gja5,Visium,Heart,Down,-0.721507634,0.012138943
527,Rtn3-Rtn4r,Visium,Heart,Down,-0.545955753,0.012138943
528,Rgma-Neo1,Visium,Heart,Down,-0.575831338,0.012138943
529,Calm2-Scn10a,Visium,Heart,Down,-0.668386381,0.012166426
530,Sema3c-Nrp2,Visium,Heart,Up,0.865600817,0.01248904
531,Efemp1-Egfr,Visium,Heart,Up,1.193902414,0.01248904
532,S100b-Fgfr1,Visium,Heart,Down,-1.105392942,0.012937833
533,Lamb1-Sv2a,Visium,Heart,Down,-0.776536297,0.013000666
534,Col4a5-Sdc4,Visium,Heart,Down,-0.604509856,0.013000666
535,Vegfa-Itgav,Visium,Heart,Up,0.601451229,0.013000666
536,Sema3g-Nrp2,Visium,Heart,Up,0.936640132,0.013000666
537,Icam1-Itgam,Visium,Heart,Up,1.285533065,0.013000666
538,Icam2-Itgb2,Visium,Heart,Up,0.560720804,0.013000666
539,Itgb2-Icam2,Visium,Heart,Up,0.560720804,0.013000666
540,Adam10-Gpnmb,Visium,Heart,Up,0.857925565,0.013233938
541,Selplg-Vsir,Visium,Heart,Up,0.658086297,0.013762897
542,Ptn-Ptprs,Visium,Heart,Down,-0.894635821,0.013789688
543,Pf4-Procr,Visium,Heart,Down,-1.174084914,0.013944253
544,Afdn-Ephb6,Visium,Heart,Down,-1.057702121,0.013944253
545,Mdk-Lrp1,Visium,Heart,Down,-0.834039795,0.014340664
546,Pros1-Axl,Visium,Heart,Up,0.483119373,0.015272755
547,Clu-Lrp8,Visium,Heart,Up,1.411841076,0.015323911
548,Icam1-Ahr,Visium,Heart,Up,0.853380858,0.015323911
549,Fadd-Tradd,Visium,Heart,Down,-0.801667169,0.015397868
550,Bmp2-Bmpr1a,Visium,Heart,Down,-0.976064292,0.015397868
551,S100a9-Tlr4,Visium,Heart,Up,1.105755911,0.015397868
552,Sult1a1-Ppard,Visium,Heart,Up,0.718332466,0.015397868
553,C1qb-Cd33,Visium,Heart,Up,0.782015184,0.015637419
554,Hbegf-Erbb2,Visium,Heart,Down,-0.756548832,0.015973554
555,Plau-Mrc2,Visium,Heart,Up,1.094779882,0.017472288
556,Col1a2-Sdc4,Visium,Heart,Down,-0.658565521,0.017472288
557,C3-Cd55,Visium,Heart,Up,0.629605619,0.018619393
558,Thy1-Adgre5,Visium,Heart,Up,0.472534329,0.018619393
559,Mdk-Itgb1,Visium,Heart,Down,-0.596819946,0.018619393
560,Sema3f-Nrp1,Visium,Heart,Up,0.704317429,0.018678489
561,Col1a1-Sdc4,Visium,Heart,Down,-0.609757055,0.018730522
562,Vegfc-Kdr,Visium,Heart,Down,-0.525942887,0.019390187
563,Sost-Lrp6,Visium,Heart,Up,1.938676907,0.019390187
564,Apod-Lepr,Visium,Heart,Up,1.2789087,0.019435496
565,Wnt9a-Sfrp1,Visium,Heart,Up,1.030605479,0.019435496
566,Igfbp3-Tmem219,Visium,Heart,Down,-0.557793724,0.019465877
567,L1cam-Itga5,Visium,Heart,Up,0.808607785,0.019717353
568,Cxcl12-Itgav,Visium,Heart,Up,0.574830577,0.019717353
569,Mrc1-Ptprc,Visium,Heart,Up,0.896522457,0.019717353
570,Ptprc-Mrc1,Visium,Heart,Up,0.896522457,0.019717353
571,Egf-Erbb2,Visium,Heart,Down,-1.026658266,0.019894978
572,Tnfsf9-Tmem126a,Visium,Heart,Down,-1.27764922,0.020085676
573,Cst3-Lrp2,Visium,Heart,Down,-1.40506606,0.020578096
574,Sema3f-Nrp2,Visium,Heart,Up,0.830104462,0.021418566
575,Igf1-Igf1r,Visium,Heart,Down,-0.581526438,0.021418566
576,Rgmb-Neo1,Visium,Heart,Down,-0.505033826,0.021418566
577,Mdk-Sdc3,Visium,Heart,Down,-0.801496358,0.021418566
578,Bmp2-Rgmb,Visium,Heart,Down,-1.073833551,0.021418566
579,L1cam-Itgav,Visium,Heart,Up,1.096727142,0.021418566
580,Dsc2-Dsg2,Visium,Heart,Down,-0.671434849,0.021936928
581,Vegfa-Nrp2,Visium,Heart,Up,0.599380408,0.02235937
582,Lama4-Sv2a,Visium,Heart,Down,-0.820821843,0.02235937
583,Pgf-Nrp2,Visium,Heart,Up,0.957488881,0.02235937
584,Lgals3bp-Itgb1,Visium,Heart,Up,0.408465289,0.02235937
585,Lgals3-Mertk,Visium,Heart,Up,0.910671667,0.02240135
586,C1qa-Cd33,Visium,Heart,Up,0.622377444,0.022635836
587,Col6a6-Cd44,Visium,Heart,Down,-0.959054874,0.023226387
588,Efna2-Epha4,Visium,Heart,Down,-1.015509716,0.023628624
589,S100a4-Egfr,Visium,Heart,Up,0.911140178,0.023993857
590,Lgi4-Adam11,Visium,Heart,Down,-1.071859011,0.024312149
591,Gjc1-Gjc1,Visium,Heart,Down,-0.646740332,0.024312149
592,Plau-Igf2r,Visium,Heart,Up,1.046348305,0.024572112
593,Wnt5b-Fzd2,Visium,Heart,Down,-0.930567305,0.025758603
594,Lcn2-Slc22a17,Visium,Heart,Up,0.993973355,0.025989496
595,App-Notch2,Visium,Heart,Up,0.536983752,0.026801494
596,Pltp-Abca1,Visium,Heart,Up,0.49897246,0.027500122
597,Gjc1-Gja5,Visium,Heart,Down,-0.896030608,0.030454523
598,Vegfa-Gpc1,Visium,Heart,Up,0.510720344,0.030660773
599,Rtn4-Tnfrsf19,Visium,Heart,Down,-0.925003671,0.031170297
600,Apln-Aplnr,Visium,Heart,Down,-0.621733562,0.031579285
601,Vegfc-Itgb1,Visium,Heart,Down,-0.463046464,0.031620826
602,Bmp5-Bmpr1a,Visium,Heart,Down,-0.882342925,0.032622117
603,Wnt5b-Lrp6,Visium,Heart,Down,-0.760923457,0.0326642
604,Jag1-Notch3,Visium,Heart,Up,0.672976585,0.033065441
605,Serpinf1-Plxdc1,Visium,Heart,Down,-0.764265245,0.033450437
606,Col6a3-Sdc4,Visium,Heart,Down,-0.516776076,0.033450437
607,Bgn-Tlr4,Visium,Heart,Up,0.673004335,0.033602869
608,Lama2-Itgb4,Visium,Heart,Down,-0.783853542,0.034030568
609,Lrpap1-Lrp2,Visium,Heart,Down,-1.384728161,0.034432895
610,Col18a1-Itgb5,Visium,Heart,Up,0.825575503,0.034432895
611,Nppb-Npr3,Visium,Heart,Up,0.592376296,0.034727761
612,Efnb1-Epha2,Visium,Heart,Up,0.646867293,0.035093186
613,Nectin2-Nectin3,Visium,Heart,Down,-0.608456768,0.035419569
614,Nectin3-Nectin2,Visium,Heart,Down,-0.608456768,0.035419569
615,Efnb2-Ephb6,Visium,Heart,Down,-1.000046922,0.036143304
616,Thbs4-Notch1,Visium,Heart,Down,-0.598366496,0.036143304
617,Col18a1-Itgb1,Visium,Heart,Up,0.752295418,0.036143304
618,Adam17-Itgb6,Visium,Heart,Down,-0.791158387,0.036143304
619,Ccl5-Sdc4,Visium,Heart,Up,0.700557162,0.036143371
620,Calr-Itga3,Visium,Heart,Down,-0.451264896,0.037556111
621,Lrfn4-Ptprd,Visium,Heart,Down,-0.85619001,0.037678056
622,Pgf-Flt1,Visium,Heart,Up,0.722189131,0.038267221
623,Thbs4-Sdc4,Visium,Heart,Down,-0.837441501,0.03967386
624,Mdk-Sdc2,Visium,Heart,Down,-0.651912432,0.039901751
625,Lamb2-Sv2a,Visium,Heart,Down,-0.551766202,0.040013755
626,Wnt9a-Fzd4,Visium,Heart,Up,0.604858342,0.040013755
627,Inha-Acvr2a,Visium,Heart,Down,-0.966691732,0.040013755
628,Vwf-Itgb3,Visium,Heart,Up,0.698662314,0.040357936
629,Hspa1b-Lrp1,Visium,Heart,Down,-0.561477832,0.040374505
630,Ptn-Sdc3,Visium,Heart,Down,-0.869282801,0.040887459
631,Icam2-Itgam,Visium,Heart,Up,0.633693436,0.041038391
632,Ahsg-Insr,Visium,Heart,Up,1.088603515,0.041038391
633,Mmrn2-Cd248,Visium,Heart,Up,0.441818169,0.041649835
634,Sema3b-Nrp2,Visium,Heart,Up,0.542500596,0.043363961
635,Pdgfa-Pdgfrb,Visium,Heart,Down,-0.480211864,0.043363961
636,C3-Lrp1,Visium,Heart,Up,0.428667094,0.043465412
637,Vegfa-Npr1,Visium,Heart,Up,0.428940038,0.043871803
638,Adam15-Itgav,Visium,Heart,Up,0.420776052,0.044016801
639,Bmp2-Tgfbr3,Visium,Heart,Down,-0.658771623,0.044016801
640,Hmgb1-Itgam,Visium,Heart,Up,0.597727027,0.044016801
641,Pdgfd-Pdgfra,Visium,Heart,Up,0.596618848,0.044016801
642,Col3a1-Itgb1,Visium,Heart,Down,-0.397342989,0.044123736
643,Egf-Nrp1,Visium,Heart,Down,-0.806556651,0.045026741
644,Sema7a-Itgb1,Visium,Heart,Up,0.441771961,0.045628466
645,Selenop-Lrp8,STomics,Heart,Up,1.746181582,1.17421443286637e-06
646,C4b-C5ar2,STomics,Heart,Up,1.610608779,1.17421443286637e-06
647,Icam1-Itgb2,STomics,Heart,Up,1.267569214,1.17421443286637e-06
648,Itgb2-Icam1,STomics,Heart,Up,1.267569214,1.17421443286637e-06
649,Col3a1-Ddr1,STomics,Heart,Down,-0.955623639,1.28566321512816e-06
650,C3-Nrp1,STomics,Heart,Up,0.717929058,1.47962086849004e-06
651,Gjc1-Gja1,STomics,Heart,Down,-0.859795894,1.53767960308196e-06
652,Fn1-Itgb6,STomics,Heart,Down,-1.219292014,1.53767960308196e-06
653,Col3a1-Ddr2,STomics,Heart,Down,-0.806891117,3.14397247957958e-06
654,S100a9-Tlr4,STomics,Heart,Up,1.820646973,6.25960133971026e-06
655,App-Lrp8,STomics,Heart,Up,1.504388905,6.25960133971026e-06
656,Wnt5a-Wif1,STomics,Heart,Down,-1.582576766,6.70495378673261e-06
657,Bsg-Spn,STomics,Heart,Up,1.155425247,7.01040230166744e-06
658,C3-Itgb2,STomics,Heart,Up,1.197381609,7.26386713415352e-06
659,S100a8-Tlr4,STomics,Heart,Up,1.819313706,8.30177126113518e-06
660,Edn3-Ednrb,STomics,Heart,Up,2.680925611,1.15444657501562e-05
661,Cdh4-Cdh4,STomics,Heart,Up,2.827193916,1.15444657501562e-05
662,Lrpap1-Lrp8,STomics,Heart,Up,1.599412498,1.15444657501562e-05
663,Egf-Erbb4,STomics,Heart,Down,-1.317996529,1.25184523972188e-05
664,Gja3-Gja1,STomics,Heart,Down,-1.092621605,1.29383484887425e-05
665,C3-C3ar1,STomics,Heart,Up,1.184948059,1.34827962879743e-05
666,Icam1-Itgal,STomics,Heart,Up,1.953300808,1.41887513817947e-05
667,Wnt9b-Sfrp5,STomics,Heart,Down,-2.228366887,1.49265936841917e-05
668,Dpep1-Cysltr1,STomics,Heart,Up,1.33445726,1.49265936841917e-05
669,Vtn-Itgb6,STomics,Heart,Down,-0.899032631,1.55388707944979e-05
670,Vwf-Itga4,STomics,Heart,Up,0.971236606,2.15789124420283e-05
671,Col1a1-Ddr1,STomics,Heart,Down,-0.602866511,2.39677559423925e-05
672,C4b-Cd46,STomics,Heart,Up,1.449029552,2.73127303039056e-05
673,Pgf-Nrp1,STomics,Heart,Up,0.783981195,2.85405224374301e-05
674,Ccl5-Ackr2,STomics,Heart,Up,2.0329158,2.85405224374301e-05
675,Ace-Bdkrb2,STomics,Heart,Up,1.919186047,2.94606589525597e-05
676,Efna1-Epha4,STomics,Heart,Down,-0.663398789,3.19495718590728e-05
677,C3-Lrp1,STomics,Heart,Up,0.590115212,3.28817518380076e-05
678,Timp1-Itgb1,STomics,Heart,Up,0.777614677,3.43599469336867e-05
679,Itgb2-Icam2,STomics,Heart,Up,0.625996715,3.50266768021622e-05
680,Icam2-Itgb2,STomics,Heart,Up,0.625996715,3.50266768021622e-05
681,C3-Cd46,STomics,Heart,Up,0.804089026,3.50266768021622e-05
682,Spon1-Lrp8,STomics,Heart,Up,1.721864362,3.50266768021622e-05
683,Sult1a1-Pparg,STomics,Heart,Up,0.928168185,4.18903822465449e-05
684,Col1a1-Itga5,STomics,Heart,Down,-0.716629021,5.19493007460242e-05
685,C3-Itgam,STomics,Heart,Up,1.201976063,5.9494662168044e-05
686,Apoe-Lrp8,STomics,Heart,Up,1.519838793,5.95953166321612e-05
687,Gnai2-Fpr1,STomics,Heart,Up,2.256526364,6.46611840312171e-05
688,Icam1-Itgam,STomics,Heart,Up,1.389654798,7.34709441652481e-05
689,Gja1-Gja5,STomics,Heart,Down,-0.913649704,7.34709441652481e-05
690,Adam15-Itgb3,STomics,Heart,Up,0.806908444,7.34709441652481e-05
691,Itgb2-Cd226,STomics,Heart,Up,1.634501924,7.34709441652481e-05
692,Pgf-Flt1,STomics,Heart,Up,0.719173406,7.72699004007853e-05
693,Ccl8-Ackr4,STomics,Heart,Up,1.711598591,9.41073219360338e-05
694,Rgmb-Neo1,STomics,Heart,Down,-0.548110389,0.000125873
695,Cd14-Tlr2,STomics,Heart,Up,1.129450702,0.000125873
696,Lgals9-Ighm,STomics,Heart,Up,2.673001508,0.000125873
697,Col3a1-Itgb1,STomics,Heart,Down,-0.490758129,0.000131256
698,Rspo1-Lgr6,STomics,Heart,Down,-0.957503312,0.000131852
699,S100a8-Ly96,STomics,Heart,Up,1.645860889,0.000137375
700,Adam17-Itgb6,STomics,Heart,Down,-0.926954332,0.000140434
701,Itgb2-Thy1,STomics,Heart,Up,1.369760963,0.000146948
702,Retn-Tlr4,STomics,Heart,Up,1.079041487,0.000148541
703,Ccl5-Sdc4,STomics,Heart,Up,1.381518322,0.00015071
704,Gja1-Gja1,STomics,Heart,Down,-0.83090696,0.000162507
705,Edn3-Ednra,STomics,Heart,Up,2.405948881,0.000208042
706,Plat-Itgam,STomics,Heart,Up,0.680427724,0.000208042
707,Angptl2-Pirb,STomics,Heart,Up,0.759521816,0.000272075
708,Tln1-Itgal,STomics,Heart,Up,1.206265792,0.000296056
709,Nectin3-Nectin3,STomics,Heart,Down,-1.008045984,0.000305424
710,Ccl8-Ccr2,STomics,Heart,Up,2.125108266,0.000305424
711,Ccn2-Itgb2,STomics,Heart,Up,1.054474659,0.000305424
712,Thbs1-Itgb6,STomics,Heart,Down,-1.085079323,0.000305424
713,Icam2-Itgal,STomics,Heart,Up,1.34596567,0.000314915
714,Anxa1-Fpr1,STomics,Heart,Up,2.015580781,0.000314915
715,Vcam1-Itgb2,STomics,Heart,Up,0.801089874,0.000317213
716,Calr-Scarf1,STomics,Heart,Down,-0.559865622,0.00033541
717,Clu-Lrp8,STomics,Heart,Up,1.531196509,0.000359647
718,Ada-Adora1,STomics,Heart,Up,1.52377964,0.000362309
719,Inha-Tgfbr3,STomics,Heart,Down,-0.586559537,0.000393512
720,Col1a2-Cd44,STomics,Heart,Down,-0.534126924,0.000393512
721,Ccl5-Ackr4,STomics,Heart,Up,2.001308513,0.000393512
722,Icam1-Spn,STomics,Heart,Up,1.898617248,0.000400563
723,Pgf-Nrp2,STomics,Heart,Up,0.696900008,0.000402699
724,Tgfb1-Itgb6,STomics,Heart,Down,-0.86875623,0.000410873
725,Fn1-Itga5,STomics,Heart,Down,-0.612647121,0.000413683
726,Gnai2-C5ar1,STomics,Heart,Up,0.496571828,0.000414012
727,Sema6d-Trem2,STomics,Heart,Up,0.79387653,0.000425178
728,Timp1-Lrp1,STomics,Heart,Up,0.781834041,0.000431667
729,Pgf-Egfr,STomics,Heart,Up,0.973319541,0.00044311
730,Lama5-Bcam,STomics,Heart,Down,-0.472541703,0.000448677
731,Ccl11-Ackr4,STomics,Heart,Up,1.860222071,0.000448677
732,Penk-Ogfr,STomics,Heart,Up,0.748552229,0.000517777
733,Tgm2-Itgb3,STomics,Heart,Up,0.958081721,0.000517777
734,Efnb3-Ephb3,STomics,Heart,Down,-0.976786606,0.000576421
735,Cx3cl1-Itgb3,STomics,Heart,Up,1.094681971,0.000578112
736,Mfge8-Itgb3,STomics,Heart,Up,0.719776936,0.000603343
737,Ptn-Sdc1,STomics,Heart,Down,-1.090892712,0.000603343
738,Hbegf-Erbb4,STomics,Heart,Down,-0.808268326,0.000603343
739,Fn1-Itga3,STomics,Heart,Down,-0.718927976,0.000642073
740,Efna5-Epha4,STomics,Heart,Down,-0.763814783,0.000666375
741,Wnt5b-Wif1,STomics,Heart,Down,-1.219565432,0.000686467
742,Wnt9a-Wif1,STomics,Heart,Down,-1.367284338,0.000689946
743,Efnb3-Epha4,STomics,Heart,Down,-1.192492079,0.000689946
744,Ccl6-Ccr2,STomics,Heart,Up,1.251372654,0.00069278
745,Gdf15-Tgfbr2,STomics,Heart,Up,1.212814999,0.000699593
746,Calm1-Grm4,STomics,Heart,Up,2.377856059,0.00072708
747,Ccl5-Ccrl2,STomics,Heart,Up,1.636147346,0.000797588
748,Icam1-Ahr,STomics,Heart,Up,0.672279237,0.000837214
749,Gja3-Gjc1,STomics,Heart,Down,-0.696241297,0.000920786
750,C3-Cd55,STomics,Heart,Up,0.694939253,0.000920786
751,Col1a1-Sdc1,STomics,Heart,Down,-0.701608687,0.000921182
752,Sema5a-Plxna1,STomics,Heart,Down,-0.940548064,0.000921182
753,Jam3-Itgal,STomics,Heart,Up,1.106538989,0.000987411
754,Icam1-Itgav,STomics,Heart,Up,0.630245843,0.000988494
755,Gnas-Adrb2,STomics,Heart,Down,-0.782142606,0.001140472
756,Ptn-Ptprb,STomics,Heart,Down,-0.703115457,0.001200765
757,Lgals3-Mertk,STomics,Heart,Up,1.414662969,0.001297401
758,Cd14-Itgb2,STomics,Heart,Up,1.101423179,0.001297401
759,Cx3cl1-Itga4,STomics,Heart,Up,1.18857707,0.00131457
760,Efna2-Epha4,STomics,Heart,Down,-0.910802116,0.001383157
761,Hmgb1-Havcr2,STomics,Heart,Up,1.52165212,0.001400974
762,Fn1-Flrt2,STomics,Heart,Down,-0.578834206,0.001406407
763,Cxcl12-Avpr1a,STomics,Heart,Down,-0.802790454,0.001408565
764,Lgals9-Havcr2,STomics,Heart,Up,1.524652545,0.001416777
765,Ccn2-Itgam,STomics,Heart,Up,1.181463591,0.00147372
766,Nectin3-Pvr,STomics,Heart,Down,-0.679332564,0.00147372
767,Pvr-Nectin3,STomics,Heart,Down,-0.679332564,0.00147372
768,Sema4a-Nrp1,STomics,Heart,Up,0.543143231,0.001514921
769,Col3a1-Adgrg1,STomics,Heart,Down,-0.509759146,0.001525263
770,Thy1-Adgre5,STomics,Heart,Up,0.626558532,0.001654681
771,Spp1-Itga9,STomics,Heart,Up,1.25562967,0.001694101
772,Nppb-Npr1,STomics,Heart,Up,0.536857137,0.001726008
773,Lpl-Sdc1,STomics,Heart,Down,-0.47728653,0.001765809
774,Wnt5a-Lrp6,STomics,Heart,Down,-0.595280062,0.001780495
775,F13a1-Itga4,STomics,Heart,Up,0.936028436,0.001875424
776,Pros1-Mertk,STomics,Heart,Up,0.670101508,0.001896065
777,Tgfa-Erbb4,STomics,Heart,Down,-1.258552006,0.001896065
778,Slitrk6-Ptprs,STomics,Heart,Down,-1.03956898,0.001997061
779,Comp-Cd47,STomics,Heart,Up,0.490439295,0.002104842
780,Cfh-Itgam,STomics,Heart,Up,0.500862789,0.002104842
781,Gnai2-Tshr,STomics,Heart,Up,1.191302769,0.002110552
782,Adam10-Gpnmb,STomics,Heart,Up,1.120258402,0.002115515
783,Ccl11-Ackr2,STomics,Heart,Up,1.468216914,0.002198844
784,Gdf15-Tgfbr1,STomics,Heart,Up,1.377670641,0.002198844
785,Icosl-Ctla4,STomics,Heart,Down,-1.14677707,0.002300086
786,Calm1-Trpc5,STomics,Heart,Up,0.800554553,0.002300086
787,Cp-Slc40a1,STomics,Heart,Up,0.543457189,0.002300086
788,Lgals3-Itgb3,STomics,Heart,Up,1.305366608,0.002300086
789,Ncam1-Ncam1,STomics,Heart,Down,-0.837401013,0.002300086
790,Serpine2-Plaur,STomics,Heart,Up,0.714809115,0.002300086
791,Sema4d-Cd72,STomics,Heart,Up,0.9861766,0.002314514
792,Wnt5b-Fzd3,STomics,Heart,Down,-1.222543348,0.002351577
793,Cxcl13-Ackr4,STomics,Heart,Up,1.938892013,0.002461009
794,Vwf-Stab2,STomics,Heart,Up,1.190239302,0.002522488
795,C3-C5ar2,STomics,Heart,Up,0.867578248,0.002524526
796,Col1a2-Sdc1,STomics,Heart,Down,-0.753707876,0.002524526
797,Gja5-Gja5,STomics,Heart,Down,-0.739647254,0.002524526
798,Sema5a-Plxnb3,STomics,Heart,Down,-1.26744304,0.002524526
799,Timp1-Cd63,STomics,Heart,Up,0.790913855,0.002574698
800,Cd226-Nectin2,STomics,Heart,Up,0.969814755,0.002676688
801,Nectin2-Cd226,STomics,Heart,Up,0.969814755,0.002676688
802,Col1a1-Ddr2,STomics,Heart,Down,-0.488121912,0.002703984
803,Spp1-Itgb1,STomics,Heart,Up,1.185266448,0.002735669
804,Plau-Itgb2,STomics,Heart,Up,1.352955535,0.002809681
805,Wnt5a-Ryk,STomics,Heart,Down,-0.697691087,0.002809681
806,Lama2-Itga2,STomics,Heart,Down,-0.848699483,0.002816986
807,Cd248-Il6ra,STomics,Heart,Up,0.631786476,0.002872239
808,Lrrc4b-Ptprs,STomics,Heart,Down,-0.776101561,0.00288693
809,Egf-Erbb3,STomics,Heart,Down,-1.183328667,0.003032847
810,Apod-Lepr,STomics,Heart,Up,1.039134418,0.003053833
811,Wnt5a-Notch1,STomics,Heart,Down,-0.529117792,0.003125279
812,Gdf15-Egfr,STomics,Heart,Up,1.547954683,0.003125279
813,Icam2-Itgam,STomics,Heart,Up,0.692820548,0.003175113
814,Wnt4-Wif1,STomics,Heart,Down,-1.623300005,0.003321063
815,Ncam1-Agrn,STomics,Heart,Down,-0.54861704,0.003543376
816,Bmp5-Bmpr1a,STomics,Heart,Down,-0.696957454,0.003588691
817,Gpc3-Cd81,STomics,Heart,Down,-0.567358144,0.00362755
818,C3-Cd19,STomics,Heart,Up,1.697511721,0.003708331
819,Fyn-Thy1,STomics,Heart,Up,0.624412359,0.003839256
820,S100a1-Ryr1,STomics,Heart,Up,0.857236952,0.003874333
821,Vcam1-Itga4,STomics,Heart,Up,0.971529062,0.003976009
822,Mdk-Lrp1,STomics,Heart,Down,-0.531101408,0.004051141
823,Spp1-Itgav,STomics,Heart,Up,1.41457897,0.004251895
824,Col1a1-Cd44,STomics,Heart,Down,-0.46341512,0.004310254
825,Efnb2-Epha4,STomics,Heart,Down,-0.463868063,0.004312548
826,Tln1-Itgb2,STomics,Heart,Up,0.481709277,0.004414042
827,Mdk-Lrp6,STomics,Heart,Down,-0.809797131,0.004414042
828,Bgn-Tlr2,STomics,Heart,Up,0.516026421,0.004414042
829,Calr-Itga3,STomics,Heart,Down,-0.633021505,0.004455635
830,Spp1-Cd44,STomics,Heart,Up,1.847148408,0.004605707
831,Vcam1-Itgad,STomics,Heart,Up,0.512362794,0.004686604
832,Cd84-Cd84,STomics,Heart,Up,1.336652651,0.004900293
833,Dpep1-Cysltr2,STomics,Heart,Up,2.751866946,0.005159306
834,Cxcl16-Cxcr6,STomics,Heart,Up,0.993875481,0.005291891
835,Ccl8-Ccr5,STomics,Heart,Up,1.981261179,0.005291891
836,Gzma-Pard3,STomics,Heart,Down,-1.390114245,0.005367457
837,Ptn-Ptprs,STomics,Heart,Down,-0.739987984,0.00537748
838,Inha-Acvr2a,STomics,Heart,Down,-0.68797946,0.005384915
839,Rtn2-Rtn4r,STomics,Heart,Down,-0.654569168,0.005582443
840,Hp-Itgb2,STomics,Heart,Up,1.752142229,0.005644885
841,Cxcl12-Itgb3,STomics,Heart,Up,0.540566407,0.005776041
842,Wnt5a-Fzd1,STomics,Heart,Down,-0.622965905,0.005919525
843,Rgma-Neo1,STomics,Heart,Down,-0.506879005,0.005947169
844,Gja3-Gja5,STomics,Heart,Down,-0.838007638,0.005996105
845,Cntn2-Nrp1,STomics,Heart,Up,0.742913697,0.006035381
846,Hp-Itgam,STomics,Heart,Up,1.409594394,0.006069281
847,Wnt9b-Wif1,STomics,Heart,Down,-1.253354823,0.006364905
848,Crlf1-Cntfr,STomics,Heart,Up,1.17077546,0.006427149
849,Il34-Ptprz1,STomics,Heart,Up,1.050073774,0.006696673
850,Comp-Itgb3,STomics,Heart,Up,0.900373315,0.006854383
851,Il34-Csf1r,STomics,Heart,Up,0.6591398,0.006854825
852,Fyn-Spn,STomics,Heart,Up,1.328975097,0.006856259
853,Lrrc4b-Ptprf,STomics,Heart,Down,-1.084297889,0.007032833
854,Il7-Il2rg,STomics,Heart,Up,1.264124114,0.007032833
855,Ptges-Ptger3,STomics,Heart,Up,1.982177504,0.007159616
856,Cx3cl1-Itgav,STomics,Heart,Up,0.549676241,0.007403171
857,Gas6-Mertk,STomics,Heart,Up,0.565719078,0.007535117
858,Cd14-C3ar1,STomics,Heart,Up,1.085066977,0.007535117
859,Il16-Kcnd2,STomics,Heart,Down,-0.545966185,0.007892774
860,C1qa-Cd33,STomics,Heart,Up,0.519933708,0.00793934
861,Wnt5a-Fzd8,STomics,Heart,Down,-0.661639514,0.00793934
862,Ptn-Ncl,STomics,Heart,Down,-0.680110223,0.007984954
863,Mdk-Ncl,STomics,Heart,Down,-0.55024038,0.008146422
864,Efnb3-Ephb4,STomics,Heart,Down,-0.845715169,0.008337357
865,Mdk-Sdc3,STomics,Heart,Down,-0.58636059,0.008403574
866,Gdf15-Ret,STomics,Heart,Up,1.47469642,0.008471698
867,Col6a6-Sdc1,STomics,Heart,Down,-0.720594114,0.008806266
868,Hp-Cd163,STomics,Heart,Up,1.305245802,0.008828136
869,Reln-Itgb3,STomics,Heart,Up,0.959745866,0.008945473
870,Gjc1-Gja5,STomics,Heart,Down,-0.57434284,0.009673503
871,Cxadr-Cxadr,STomics,Heart,Down,-0.657285061,0.009872628
872,Wnt5a-Fzd3,STomics,Heart,Down,-1.012414434,0.010248688
873,Shank1-Adgrl1,STomics,Heart,Up,1.111566835,0.010361716
874,Tgm2-Adgrg1,STomics,Heart,Up,0.525326647,0.010361716
875,Nrg1-Erbb3,STomics,Heart,Down,-0.781478903,0.010361716
876,Esam-Esam,STomics,Heart,Up,0.481873781,0.010441427
877,Ptgis-Ptgir,STomics,Heart,Up,0.683692887,0.010441427
878,Tnfsf10-Tnfrsf11b,STomics,Heart,Up,1.096652527,0.010714685
879,Wnt11-Wif1,STomics,Heart,Down,-1.068841537,0.010758255
880,Comp-Itgav,STomics,Heart,Up,0.454850646,0.011238597
881,Ccl11-Ccr2,STomics,Heart,Up,1.290599042,0.011238597
882,Wnt7b-Sfrp1,STomics,Heart,Up,1.432291693,0.011585996
883,Wnt11-Fzd6,STomics,Heart,Up,0.691235403,0.011661738
884,Calr-Tshr,STomics,Heart,Up,0.802912469,0.011902665
885,Cdh1-Fgfr1,STomics,Heart,Up,1.67911466,0.012170223
886,Vwf-Tnfrsf11b,STomics,Heart,Up,0.964844593,0.012170223
887,App-Fpr2,STomics,Heart,Up,1.159911323,0.01222522
888,Col1a2-Sdc4,STomics,Heart,Down,-0.487813952,0.012367875
889,Mdk-Itgb1,STomics,Heart,Down,-0.505494214,0.012493466
890,Wnt5a-Fzd7,STomics,Heart,Down,-0.589194647,0.012772826
891,Ntn4-Unc5a,STomics,Heart,Up,0.713267538,0.013325059
892,Efnb3-Ephb6,STomics,Heart,Down,-0.980114513,0.013418185
893,Nrg1-Erbb4,STomics,Heart,Down,-0.82251571,0.013505218
894,Col1a2-Itga2,STomics,Heart,Down,-1.120904904,0.01382474
895,Ptn-Sdc3,STomics,Heart,Down,-0.706599835,0.01382474
896,Fbn1-Itgb3,STomics,Heart,Up,0.577516273,0.01382474
897,Adam15-Itga9,STomics,Heart,Up,0.388179921,0.01382474
898,Lgals3-Itgb1,STomics,Heart,Up,0.547544249,0.013959162
899,Bdnf-Ntrk2,STomics,Heart,Down,-0.91412498,0.014199769
900,Efnb3-Ephb2,STomics,Heart,Down,-1.065816742,0.014485661
901,Mrc1-Ptprc,STomics,Heart,Up,0.728213408,0.014485661
902,Ptprc-Mrc1,STomics,Heart,Up,0.728213408,0.014485661
903,Dcn-Erbb4,STomics,Heart,Down,-0.438761713,0.014612096
904,Itgav-Thy1,STomics,Heart,Up,0.622076962,0.014722848
905,Apoe-Trem2,STomics,Heart,Up,0.620795748,0.014724707
906,Icam1-Itgax,STomics,Heart,Up,1.314131548,0.014847468
907,Lgals9-Clec7a,STomics,Heart,Up,0.870739525,0.01533102
908,Lgals3-Mag,STomics,Heart,Up,1.130354281,0.016754001
909,Slit1-Gpc1,STomics,Heart,Up,0.86311178,0.01719506
910,Vwf-Itgb3,STomics,Heart,Up,0.605051825,0.017296382
911,Ntn1-Unc5a,STomics,Heart,Up,0.57181183,0.017296382
912,Cxcl12-Cd4,STomics,Heart,Up,2.108156161,0.017724701
913,Ccl5-Ccr5,STomics,Heart,Up,1.048852295,0.0190626
914,Spp1-Itgb5,STomics,Heart,Up,1.082775293,0.019128265
915,Bmp10-Alk,STomics,Heart,Up,1.432130001,0.019136412
916,Vcam1-Itgb7,STomics,Heart,Up,0.906160114,0.019136412
917,Col1a1-Sdc4,STomics,Heart,Down,-0.43810108,0.019639503
918,Fn1-Itgb8,STomics,Heart,Down,-0.600977555,0.020297764
919,Mdk-Itga6,STomics,Heart,Down,-0.488001927,0.020600284
920,Mdk-Sdc2,STomics,Heart,Down,-0.603628544,0.021044065
921,Ccl25-Ackr4,STomics,Heart,Up,2.453325256,0.021125298
922,Il16-Cd4,STomics,Heart,Up,2.595094486,0.021233654
923,Ptma-Vipr1,STomics,Heart,Up,1.375532908,0.021601697
924,Retn-Cap1,STomics,Heart,Up,0.937761148,0.021668544
925,Thbs1-Vldlr,STomics,Heart,Down,-0.482684398,0.021668544
926,Cd200-Cd200r4,STomics,Heart,Up,1.069998714,0.021668544
927,Bgn-Fgfr3,STomics,Heart,Up,0.506567747,0.021668544
928,Ccl11-Ccr5,STomics,Heart,Up,1.206916575,0.022106014
929,Vtn-Tnfrsf11b,STomics,Heart,Up,0.959482724,0.022106014
930,Lama5-Dag1,STomics,Heart,Down,-0.391128099,0.022106014
931,Dsc2-Dsg2,STomics,Heart,Down,-0.634771781,0.022106014
932,Mdk-Notch2,STomics,Heart,Down,-0.585986697,0.022730536
933,Selplg-Sell,STomics,Heart,Up,2.274622148,0.022766704
934,Anxa2-Tlr2,STomics,Heart,Up,0.416400845,0.022853291
935,Vegfd-Nrp2,STomics,Heart,Up,0.512923523,0.02291914
936,Lamb1-Sv2a,STomics,Heart,Down,-0.538808541,0.023135516
937,C3-Itgax,STomics,Heart,Up,1.067768294,0.023256191
938,Nectin3-Nectin1,STomics,Heart,Down,-0.741015492,0.02364169
939,Nectin1-Nectin3,STomics,Heart,Down,-0.741015492,0.02364169
940,Sema3e-Nrp1,STomics,Heart,Up,0.830006684,0.025491674
941,Mdk-Sdc1,STomics,Heart,Down,-0.822449881,0.025772675
942,Vtn-Itgb3,STomics,Heart,Up,0.542493416,0.025772675
943,Ptn-Plxnb2,STomics,Heart,Down,-0.726553991,0.025772675
944,Col4a5-Sdc1,STomics,Heart,Down,-0.502132293,0.026129017
945,Adm-Ramp3,STomics,Heart,Up,0.637182868,0.026155598
946,Lamb1-Cd44,STomics,Heart,Down,-0.408761848,0.027186277
947,Angptl7-Pirb,STomics,Heart,Up,0.671480406,0.027563849
948,Egf-Erbb2,STomics,Heart,Down,-0.715826917,0.027696548
949,Tfpi-Vldlr,STomics,Heart,Down,-0.503048242,0.027782997
950,Lama5-Cd44,STomics,Heart,Down,-0.37921327,0.028216806
951,Negr1-Negr1,STomics,Heart,Down,-0.62481317,0.028614865
952,Jam2-Itga4,STomics,Heart,Up,0.595352942,0.028705006
953,Col3a1-Mag,STomics,Heart,Down,-0.935245568,0.02883934
954,Gnas-Vipr1,STomics,Heart,Up,1.016154907,0.02883934
955,Wnt5a-Sfrp1,STomics,Heart,Down,-0.472703139,0.029456327
956,Aplp2-Pigr,STomics,Heart,Down,-0.914992312,0.02948526
957,Wnt5a-Ror2,STomics,Heart,Down,-0.738803196,0.029669071
958,Lama5-Itgb4,STomics,Heart,Down,-0.552158485,0.029892027
959,Cx3cl1-Itgb1,STomics,Heart,Up,0.409700423,0.029892027
960,Lrfn4-Ptprf,STomics,Heart,Down,-0.605361814,0.031482956
961,Tnc-Sdc4,STomics,Heart,Up,1.118304706,0.031482956
962,Bsg-Itgb2,STomics,Heart,Up,0.469701185,0.031817475
963,Calm1-Adcy8,STomics,Heart,Up,0.866324026,0.03198329
964,Dkk2-Lrp6,STomics,Heart,Down,-1.058545365,0.032103519
965,Lpar2-Adgre5,STomics,Heart,Up,1.011866977,0.032604167
966,Rspo1-Lgr4,STomics,Heart,Down,-0.598083606,0.032604167
967,Cd14-Tlr3,STomics,Heart,Up,0.727038538,0.03266154
968,Trf-Tfr2,STomics,Heart,Down,-0.912889538,0.033016498
969,Ccl25-Ackr2,STomics,Heart,Up,1.138073254,0.033268423
970,Efna4-Epha4,STomics,Heart,Down,-1.067791948,0.033635214
971,Ccl2-Ccr2,STomics,Heart,Up,1.151620765,0.033764201
972,Col1a1-Itga2,STomics,Heart,Down,-0.925109414,0.034752698
973,Icam4-Itgb1,STomics,Heart,Down,-0.75268737,0.035049452
974,Cd14-Itga4,STomics,Heart,Up,0.856051173,0.035117331
975,Wnt10b-Fzd4,STomics,Heart,Up,1.055678555,0.035129246
976,Cntn2-Cntn2,STomics,Heart,Up,1.148468056,0.035261429
977,Col4a6-Itgb1,STomics,Heart,Down,-0.513015798,0.036322948
978,Lrfn4-Ptprd,STomics,Heart,Down,-0.534838943,0.036589701
979,Sult1a1-Ppard,STomics,Heart,Up,0.487601477,0.037249901
980,Tnf-Tnfrsf1b,STomics,Heart,Up,1.089646646,0.037249901
981,Grn-Tnfrsf1b,STomics,Heart,Up,0.37556889,0.037249901
982,Ccl5-Sdc1,STomics,Heart,Up,1.122759568,0.037249901
983,Wnt5a-Lrp5,STomics,Heart,Down,-0.518061266,0.037249901
984,Wnt2-Fzd8,STomics,Heart,Down,-0.854836262,0.037663581
985,Robo2-Robo2,STomics,Heart,Up,1.190597657,0.037757808
986,Adam17-Erbb4,STomics,Heart,Down,-0.600258128,0.038142794
987,Egf-Nrp1,STomics,Heart,Down,-0.487214768,0.038407771
988,Efnb3-Ephb1,STomics,Heart,Down,-0.845643033,0.038407771
989,Vegfd-Kdr,STomics,Heart,Up,0.415812163,0.038407771
990,Gnas-Gcgr,STomics,Heart,Down,-1.622342562,0.038610695
991,Wnt5a-Ror1,STomics,Heart,Down,-0.623264257,0.038661947
992,Fn1-Sdc1,STomics,Heart,Down,-0.571193291,0.039232963
993,Bmp5-Hjv,STomics,Heart,Down,-0.469765081,0.039251228
994,Ccn2-Fgfr2,STomics,Heart,Up,0.486396429,0.039973615
995,Lair1-Lilrb4b,STomics,Heart,Up,0.989559428,0.040679258
996,Lefty1-Acvr1b,STomics,Heart,Down,-0.622350957,0.040711
997,Angptl1-Tek,STomics,Heart,Down,-0.663195409,0.040836829
998,Ltc4s-Cysltr1,STomics,Heart,Up,0.803917548,0.040882616
999,Wnt5a-Fzd5,STomics,Heart,Down,-0.77011705,0.042509592
1000,Thbs1-Itga5,STomics,Heart,Down,-0.53733295,0.042678376
1001,Il16-Grin2d,STomics,Heart,Up,0.989624168,0.042678376
1002,Wnt4-Sfrp1,STomics,Heart,Up,0.844548079,0.042875474
1003,Apln-Aplnr,STomics,Heart,Down,-0.535213484,0.044118606
1004,Tgfa-Erbb2,STomics,Heart,Down,-0.57571047,0.044625738
1005,Epha4-Efnb1,STomics,Heart,Down,-0.417031126,0.044625738
1006,Efnb1-Epha4,STomics,Heart,Down,-0.417031126,0.044625738
1007,Col1a2-Cd93,STomics,Heart,Down,-0.427317145,0.044816941
1008,Col6a1-Sdc1,STomics,Heart,Down,-0.501267442,0.045190793
1009,Nppb-Npr3,STomics,Heart,Up,0.425939936,0.045710502
1010,Gnai2-Lhcgr,STomics,Heart,Up,1.19379618,0.046157245
1011,Lnx2-Cxadr,STomics,Heart,Down,-0.475605782,0.046294454
1012,Clstn3-Nrxn1,STomics,Heart,Up,0.958517232,0.046540414
1013,Ccl2-Ackr4,STomics,Heart,Up,1.080626513,0.047233419
1014,Fn1-Itga2,STomics,Heart,Down,-0.783097984,0.047328612
1015,Efnb1-Epha2,STomics,Heart,Up,0.53488941,0.047770353
1016,Angpt2-Itga5,STomics,Heart,Down,-0.521272087,0.048040537
1017,Dag1-Celsr3,STomics,Heart,Up,0.784813427,0.048455355
1018,Igfbp4-Fzd8,STomics,Heart,Down,-0.345696878,0.048455355
1019,Comp-Sdc4,STomics,Heart,Up,0.39189704,0.049372394
1020,Lpl-Lrp2,STomics,Heart,Down,-0.43893076,0.049841649
1021,Gnas-Vipr1,Visium,Kidney,Down,-2.124739288,2.42552037016203e-08
1022,Vcam1-Itgb2,Visium,Kidney,Up,2.764131898,2.42552037016203e-08
1023,Cd44-Tyrobp,Visium,Kidney,Up,3.686653795,2.83870479851877e-08
1024,Timp1-Itgb1,Visium,Kidney,Up,3.087981277,6.35735101547096e-08
1025,Cd14-Itgb2,Visium,Kidney,Up,2.671762912,9.07904025256951e-08
1026,C1qb-Lrp1,Visium,Kidney,Up,1.566204779,9.07904025256951e-08
1027,Apoe-Trem2,Visium,Kidney,Up,3.837627742,1.02432156675561e-07
1028,Vcam1-Itgb7,Visium,Kidney,Up,2.799099346,1.14178054490598e-07
1029,Cd52-Siglecg,Visium,Kidney,Up,3.392420479,1.14178054490598e-07
1030,Itgb2-Icam1,Visium,Kidney,Up,1.923653947,1.14178054490598e-07
1031,Icam1-Itgb2,Visium,Kidney,Up,1.923653947,1.14178054490598e-07
1032,Selplg-Vsir,Visium,Kidney,Up,2.723726251,1.14178054490598e-07
1033,Ltb-Tnfrsf1a,Visium,Kidney,Up,1.51465261,1.20906649563005e-07
1034,Fga-Itgam,Visium,Kidney,Up,2.769699653,2.20071149760609e-07
1035,Icam1-Itgal,Visium,Kidney,Up,2.032570648,2.63764399165477e-07
1036,Itgb2-Thy1,Visium,Kidney,Up,3.085940709,2.95328710068191e-07
1037,Adm2-Ramp3,Visium,Kidney,Down,-2.096878516,2.95699333355335e-07
1038,Gnai2-C5ar1,Visium,Kidney,Up,2.161021119,3.25276424432361e-07
1039,Bgn-Cd44,Visium,Kidney,Up,3.053679326,3.28739606997423e-07
1040,Bsg-Cd44,Visium,Kidney,Up,1.36479926,3.43744391847882e-07
1041,Cxcl12-Cxcr3,Visium,Kidney,Up,1.674679758,3.95732034751616e-07
1042,Icam1-Itgax,Visium,Kidney,Up,2.110727055,4.52589484557503e-07
1043,Grn-Tnfrsf1b,Visium,Kidney,Up,1.272663488,4.8637402699077e-07
1044,Col6a1-Cd44,Visium,Kidney,Up,2.16554874,5.07762246169102e-07
1045,Col4a3-Cd44,Visium,Kidney,Up,1.882971407,5.54655543119099e-07
1046,Icam1-Spn,Visium,Kidney,Up,2.196419009,6.54540563569781e-07
1047,Icam2-Itgb2,Visium,Kidney,Up,1.28552692,6.6621474580988e-07
1048,Itgb2-Icam2,Visium,Kidney,Up,1.28552692,6.6621474580988e-07
1049,C3-C3ar1,Visium,Kidney,Up,3.30567049,6.6621474580988e-07
1050,Icam2-Itgal,Visium,Kidney,Up,1.72104446,6.6621474580988e-07
1051,Lamb2-Cd44,Visium,Kidney,Up,2.152390572,6.6621474580988e-07
1052,Angptl2-Pirb,Visium,Kidney,Up,1.894735597,6.70097359986207e-07
1053,Col4a4-Cd44,Visium,Kidney,Up,1.649534992,6.71738742954983e-07
1054,Col6a2-Cd44,Visium,Kidney,Up,2.408334657,6.98322521355379e-07
1055,Timp1-Lrp1,Visium,Kidney,Up,3.369339551,7.93125316595867e-07
1056,Timp1-Cd63,Visium,Kidney,Up,2.367230685,8.649434156467e-07
1057,Anxa2-Cd44,Visium,Kidney,Up,2.565803312,8.97715020544466e-07
1058,Lamb1-Cd44,Visium,Kidney,Up,1.688077466,9.40468072288788e-07
1059,Ptma-Vipr1,Visium,Kidney,Down,-1.90310079,9.88096184035464e-07
1060,Col6a3-Cd44,Visium,Kidney,Up,2.264477911,1.21811915095471e-06
1061,Ltb-Cd40,Visium,Kidney,Up,2.28058266,1.22580672450139e-06
1062,Lgals9-Havcr2,Visium,Kidney,Up,2.161463237,1.22580672450139e-06
1063,Dcn-Tlr2,Visium,Kidney,Up,2.541174174,1.22580672450139e-06
1064,Cd14-C3ar1,Visium,Kidney,Up,3.285366918,1.22580672450139e-06
1065,Bdnf-Sort1,Visium,Kidney,Down,-1.87155877,1.22580672450139e-06
1066,Lamc3-Cd44,Visium,Kidney,Up,2.364122907,1.22580672450139e-06
1067,Bdnf-Insrr,Visium,Kidney,Down,-3.243640086,1.22580672450139e-06
1068,Ccl5-Ccr5,Visium,Kidney,Up,2.973849777,1.22580672450139e-06
1069,Angpt2-Itgb2,Visium,Kidney,Up,2.686396053,1.22580672450139e-06
1070,Cd14-Itga4,Visium,Kidney,Up,2.568134595,1.22580672450139e-06
1071,Lama5-Cd44,Visium,Kidney,Up,1.888856059,1.25686479600494e-06
1072,Vcam1-Itgb1,Visium,Kidney,Up,0.995126105,1.3734463320128e-06
1073,Lgals9-Cd44,Visium,Kidney,Up,2.426413299,1.3734463320128e-06
1074,Tln1-Itgb2,Visium,Kidney,Up,1.053861288,1.62370840955735e-06
1075,Vcam1-Itga4,Visium,Kidney,Up,2.494341911,2.1520020286887e-06
1076,Slpi-Plscr1,Visium,Kidney,Up,4.593749094,2.45833505111322e-06
1077,Lgals9-Ighm,Visium,Kidney,Up,5.790921141,2.78587455603236e-06
1078,Serping1-Lrp1,Visium,Kidney,Up,0.976757887,2.86083220355562e-06
1079,Col4a1-Cd44,Visium,Kidney,Up,2.226178761,2.88418217991978e-06
1080,Crlf1-Cntfr,Visium,Kidney,Up,2.46541317,2.88418217991978e-06
1081,Icam1-Itgam,Visium,Kidney,Up,3.287256184,2.97458454026651e-06
1082,Fn1-Cd44,Visium,Kidney,Up,2.653768409,2.99852034098845e-06
1083,Clec2d-Klrb1b,Visium,Kidney,Up,2.64301094,3.06047735365049e-06
1084,Angptl4-Cdh11,Visium,Kidney,Up,1.715245545,3.06047735365049e-06
1085,Bgn-Tlr2,Visium,Kidney,Up,2.601344677,3.06047735365049e-06
1086,Adm2-Ramp2,Visium,Kidney,Down,-2.105121756,3.24876223598669e-06
1087,Ceacam1-Sdc4,Visium,Kidney,Down,-1.196072631,3.24876223598669e-06
1088,Col1a2-Cd44,Visium,Kidney,Up,2.538127432,3.26966086549459e-06
1089,Ccl2-Ccr2,Visium,Kidney,Up,4.003798346,3.26966086549459e-06
1090,Lcn2-Slc22a17,Visium,Kidney,Up,2.572968792,3.29767267145123e-06
1091,Cd24a-Selp,Visium,Kidney,Up,3.436096836,3.33036057739826e-06
1092,Fn1-Cd79a,Visium,Kidney,Up,2.738203215,3.37476107000622e-06
1093,Sema4d-Cd72,Visium,Kidney,Up,1.10245891,3.37476107000622e-06
1094,Ptpn6-Cd22,Visium,Kidney,Up,2.786137501,3.55143444236115e-06
1095,C1qa-Cd93,Visium,Kidney,Up,2.019901713,3.92140810587969e-06
1096,Egf-Cav1,Visium,Kidney,Down,-1.452370876,4.0701791985707e-06
1097,Serpine2-Lrp1,Visium,Kidney,Up,1.312650673,4.27011702052742e-06
1098,Bst2-Pira2,Visium,Kidney,Up,3.537184255,4.39611162536702e-06
1099,Bmp7-Bmpr1b,Visium,Kidney,Down,-1.784618312,4.4461345401646e-06
1100,Col14a1-Cd44,Visium,Kidney,Up,2.039820887,4.48508812788886e-06
1101,Vcam1-Itga9,Visium,Kidney,Up,1.459302884,4.55537177883519e-06
1102,Bdnf-Bex3,Visium,Kidney,Down,-1.812808503,5.35852140285473e-06
1103,Col4a2-Cd44,Visium,Kidney,Up,2.126352449,5.35852140285473e-06
1104,Lama2-Cd44,Visium,Kidney,Up,1.991698881,5.37212787227693e-06
1105,Cxcl12-Itga4,Visium,Kidney,Up,1.556196267,5.45829394806706e-06
1106,Slit2-Robo3,Visium,Kidney,Down,-1.190542615,5.57712498776402e-06
1107,Col1a1-Cd44,Visium,Kidney,Up,2.532953273,5.83476380854171e-06
1108,Ccl12-Ccr2,Visium,Kidney,Up,3.31355395,6.01093836966692e-06
1109,Alox5ap-Alox5,Visium,Kidney,Up,2.177552239,6.7369889069089e-06
1110,Lamc1-Cd44,Visium,Kidney,Up,1.92788541,7.33073597916199e-06
1111,Gnai2-Ccr5,Visium,Kidney,Up,1.667645932,7.33073597916199e-06
1112,Igfbp5-Cav1,Visium,Kidney,Down,-1.378371274,7.79007960295607e-06
1113,App-Casr,Visium,Kidney,Down,-1.540186878,7.79007960295607e-06
1114,Cd14-Tlr2,Visium,Kidney,Up,2.903540313,9.69790369717539e-06
1115,App-Cav1,Visium,Kidney,Down,-1.264900335,9.835907273218e-06
1116,Ccl19-Cxcr3,Visium,Kidney,Up,2.632704284,1.04120558786794e-05
1117,Serping1-Selp,Visium,Kidney,Up,4.575710434,1.04857895430159e-05
1118,Adm2-Calcrl,Visium,Kidney,Down,-1.784648824,1.07769277621883e-05
1119,Anxa2-Tlr2,Visium,Kidney,Up,2.07143871,1.07769277621883e-05
1120,Cxcl12-Cd4,Visium,Kidney,Up,1.170919776,1.07769277621883e-05
1121,Ccl5-Ccrl2,Visium,Kidney,Up,1.639060431,1.11318367704712e-05
1122,Hmgb1-Tlr2,Visium,Kidney,Up,1.068123686,1.14330402938887e-05
1123,Ebi3-Il6st,Visium,Kidney,Up,1.308626189,1.22628273170659e-05
1124,Jam3-Itgb2,Visium,Kidney,Up,1.174091443,1.25819590888583e-05
1125,Hmgb1-Itgam,Visium,Kidney,Up,2.224243377,1.25819590888583e-05
1126,Ccl22-Dpp4,Visium,Kidney,Up,2.121845979,1.2759060697346e-05
1127,Pf4-Thbd,Visium,Kidney,Up,1.592574091,1.37075762901794e-05
1128,Bgn-P2rx7,Visium,Kidney,Up,2.531261798,1.38503196197067e-05
1129,Lama3-Dag1,Visium,Kidney,Down,-1.189769093,1.38503196197067e-05
1130,Serpine2-Plaur,Visium,Kidney,Up,2.034818947,1.38855903892658e-05
1131,Pcsk9-Aplp2,Visium,Kidney,Down,-2.094921895,1.53001600237976e-05
1132,Ltb-Ltbr,Visium,Kidney,Up,1.221049617,1.61997849743204e-05
1133,Vim-Cd44,Visium,Kidney,Up,2.657360354,1.69446062242962e-05
1134,C4b-Cd46,Visium,Kidney,Up,2.875220879,1.72825340578679e-05
1135,Mrc1-Ptprc,Visium,Kidney,Up,2.853629748,1.78397396660373e-05
1136,Ptprc-Mrc1,Visium,Kidney,Up,2.853629748,1.78397396660373e-05
1137,Hbegf-Erbb2,Visium,Kidney,Down,-0.850206948,1.83615559538435e-05
1138,Fn1-Itgb7,Visium,Kidney,Up,1.904501126,1.96140127938668e-05
1139,Lamc2-Sv2a,Visium,Kidney,Down,-1.320941691,1.96468840323427e-05
1140,Hmgb1-Havcr2,Visium,Kidney,Up,1.523415309,2.11701783403555e-05
1141,App-Adra2a,Visium,Kidney,Down,-1.272944786,2.24665387739188e-05
1142,Pcsk9-Ldlr,Visium,Kidney,Down,-2.408616681,2.24762833128679e-05
1143,Bgn-Tlr4,Visium,Kidney,Up,2.024193425,2.24762833128679e-05
1144,Tnc-Sdc1,Visium,Kidney,Up,2.304560964,2.24762833128679e-05
1145,Cdh1-Ptprm,Visium,Kidney,Down,-0.752295534,2.24762833128679e-05
1146,C1qb-Cd33,Visium,Kidney,Up,3.853833189,2.24762833128679e-05
1147,Hdc-Hrh2,Visium,Kidney,Up,2.768414568,2.24762833128679e-05
1148,Lama3-Sv2a,Visium,Kidney,Down,-1.857505945,2.24762833128679e-05
1149,Cd14-Tlr4,Visium,Kidney,Up,2.197922494,2.3378230528545e-05
1150,C3-Itgb2,Visium,Kidney,Up,2.437715294,2.3378230528545e-05
1151,Lta4h-Ltb4r1,Visium,Kidney,Up,1.570837616,2.3378230528545e-05
1152,Egf-Erbb4,Visium,Kidney,Down,-1.364152854,2.40660622934783e-05
1153,Hbegf-Cd44,Visium,Kidney,Up,2.200689204,2.43641187534871e-05
1154,Efna3-Erbb2,Visium,Kidney,Down,-1.993823029,2.50800887082788e-05
1155,Il1b-Il1r1,Visium,Kidney,Up,2.108160429,2.58545041738189e-05
1156,C3-Itgax,Visium,Kidney,Up,2.947803936,2.58999418944712e-05
1157,Fgf2-Cd44,Visium,Kidney,Up,3.094733509,2.62744903937507e-05
1158,Adam17-Tnfrsf1b,Visium,Kidney,Up,1.076327497,2.65418906812134e-05
1159,Ccl6-Ccr2,Visium,Kidney,Up,2.742577286,2.76495058323192e-05
1160,Lama1-Cd44,Visium,Kidney,Up,1.891223623,2.8327216666989e-05
1161,Thy1-Adgre5,Visium,Kidney,Up,1.687593313,2.84687919472484e-05
1162,Cxcl10-Cxcr3,Visium,Kidney,Up,2.290618389,2.84687919472484e-05
1163,Ftl1-Scara5,Visium,Kidney,Down,-1.190283369,2.87421999230636e-05
1164,Sema6d-Tyrobp,Visium,Kidney,Up,1.491072647,2.97778828242787e-05
1165,Cdh1-Cdh1,Visium,Kidney,Down,-0.973493613,2.99491526465375e-05
1166,Dcn-Tlr4,Visium,Kidney,Up,1.74415672,2.99491526465375e-05
1167,Il16-Kcnd1,Visium,Kidney,Up,2.289839506,2.99491526465375e-05
1168,Mmp9-Itgb2,Visium,Kidney,Up,2.218159008,3.08858315628504e-05
1169,Tln1-Itgal,Visium,Kidney,Up,1.283519311,3.1788347252485e-05
1170,Pcsk9-Sort1,Visium,Kidney,Down,-2.250654629,3.53912700715899e-05
1171,Afdn-Ephb3,Visium,Kidney,Down,-1.13618835,3.53912700715899e-05
1172,Fga-Itgax,Visium,Kidney,Up,1.587240907,3.53912700715899e-05
1173,Col6a2-Sdc1,Visium,Kidney,Up,0.860320131,3.53912700715899e-05
1174,Tnc-Itga7,Visium,Kidney,Up,2.104179916,3.57293039836107e-05
1175,Cxcl16-Cxcr6,Visium,Kidney,Up,1.709700657,3.64122839957295e-05
1176,Ccl21a-Ccr7,Visium,Kidney,Up,2.304327122,3.69699528030959e-05
1177,C1qa-Cd33,Visium,Kidney,Up,3.776127303,4.12698736373291e-05
1178,Cxcl10-Cxcr4,Visium,Kidney,Up,1.716735366,4.54598796922312e-05
1179,Cx3cl1-Itga4,Visium,Kidney,Up,1.646627765,4.58578206490063e-05
1180,Serpine1-Lrp1,Visium,Kidney,Up,3.22735105,4.61574298639146e-05
1181,C1qa-Cspg4,Visium,Kidney,Up,1.392331461,4.64074430972098e-05
1182,Hmgb1-Tlr1,Visium,Kidney,Up,1.013862772,4.75627912613097e-05
1183,Tnc-Itgb6,Visium,Kidney,Up,1.528438907,4.75627912613097e-05
1184,Bsg-Cav1,Visium,Kidney,Down,-1.051645149,4.95036720954466e-05
1185,Bgn-P2rx4,Visium,Kidney,Up,0.839509698,4.95036720954466e-05
1186,Lama3-Sdc2,Visium,Kidney,Down,-0.977293927,5.19701319035922e-05
1187,Fn1-Itga4,Visium,Kidney,Up,1.789660982,5.19701319035922e-05
1188,Pcsk9-Vldlr,Visium,Kidney,Down,-2.585749664,5.21436077127379e-05
1189,Vasp-Itga4,Visium,Kidney,Up,1.249706362,6.17035316109849e-05
1190,Cfh-Itgam,Visium,Kidney,Up,3.175015018,6.28007534635583e-05
1191,Col1a2-Itga11,Visium,Kidney,Up,2.97577937,6.28007534635583e-05
1192,Thbs2-Sdc1,Visium,Kidney,Up,1.502888669,6.59461347152689e-05
1193,Jam2-Itga4,Visium,Kidney,Up,1.44083649,6.67133327545216e-05
1194,Itgav-Thy1,Visium,Kidney,Up,1.392185124,6.67133327545216e-05
1195,Col4a5-Cd44,Visium,Kidney,Up,2.153879784,6.72250552254604e-05
1196,Myl9-Cd69,Visium,Kidney,Up,2.10357028,6.72250552254604e-05
1197,Slit2-Robo4,Visium,Kidney,Down,-0.822198682,6.72250552254604e-05
1198,C3-Cd46,Visium,Kidney,Up,1.464430073,6.72250552254604e-05
1199,Sema7a-Plxnc1,Visium,Kidney,Up,1.430166444,6.78709935967113e-05
1200,Icam2-Itgam,Visium,Kidney,Up,2.290776381,6.88522122885798e-05
1201,Efna4-Epha1,Visium,Kidney,Down,-1.418174137,7.04175199836509e-05
1202,Grem1-Kdr,Visium,Kidney,Up,3.309346338,7.3067007123178e-05
1203,Wnt5b-Fzd5,Visium,Kidney,Down,-1.529248099,7.3067007123178e-05
1204,Lamc1-Sv2a,Visium,Kidney,Down,-1.055818997,7.3067007123178e-05
1205,Cp-Slc40a1,Visium,Kidney,Up,0.786088874,7.78706033283058e-05
1206,Lamc2-Itga6,Visium,Kidney,Down,-1.009379168,8.06881267733789e-05
1207,Lamb1-Sv2a,Visium,Kidney,Down,-1.082446277,8.26732544937717e-05
1208,Angptl4-Sdc3,Visium,Kidney,Up,1.447227855,8.38403869272862e-05
1209,Slit2-App,Visium,Kidney,Down,-1.192675434,8.87661251346667e-05
1210,Jam3-Itgal,Visium,Kidney,Up,1.279114698,8.94593119536834e-05
1211,Lgals1-Ptprc,Visium,Kidney,Up,1.384318948,9.09816738133254e-05
1212,Bsg-Spn,Visium,Kidney,Up,0.872479643,9.09816738133254e-05
1213,Ptges-Ptger1,Visium,Kidney,Down,-1.066307715,9.09816738133254e-05
1214,Wnt5b-Sfrp1,Visium,Kidney,Down,-1.214302163,9.09816738133254e-05
1215,Calm1-Kcnn4,Visium,Kidney,Up,1.816336443,9.28343508393764e-05
1216,Ccl27a-Ccr2,Visium,Kidney,Up,0.916429038,9.5908713061073e-05
1217,Serpine1-Vldlr,Visium,Kidney,Up,1.898192541,0.000100276
1218,Cd14-Itgb1,Visium,Kidney,Up,0.989017978,0.000101831
1219,Cdh1-Igf1r,Visium,Kidney,Down,-0.884098769,0.000101831
1220,Col3a1-Mag,Visium,Kidney,Up,1.766925317,0.000110605
1221,Ocln-Ocln,Visium,Kidney,Down,-0.972413222,0.000110605
1222,Wnt5b-Fzd8,Visium,Kidney,Down,-1.069379086,0.000110605
1223,Cx3cl1-Cx3cr1,Visium,Kidney,Up,1.701834832,0.000111483
1224,Cd200r1-Cd200,Visium,Kidney,Up,2.506036557,0.000115913
1225,Cd200-Cd200r1,Visium,Kidney,Up,2.506036557,0.000115913
1226,Sema3b-Plxna1,Visium,Kidney,Down,-0.778541931,0.00011822
1227,Lama5-Sv2a,Visium,Kidney,Down,-0.951351115,0.000120988
1228,Pf4-Procr,Visium,Kidney,Up,2.200934608,0.000127284
1229,Tnc-Itgav,Visium,Kidney,Up,1.823354409,0.000127962
1230,Spp1-Cd44,Visium,Kidney,Up,1.841800144,0.000129907
1231,Egf-Cd44,Visium,Kidney,Up,0.963936691,0.000130867
1232,Ccl21a-Cxcr3,Visium,Kidney,Up,1.6431132,0.00013272
1233,Angpt2-Itga5,Visium,Kidney,Up,1.909500684,0.000132822
1234,Hsp90b1-Tlr2,Visium,Kidney,Up,0.616127165,0.000134406
1235,Fn1-Mag,Visium,Kidney,Up,1.650591256,0.0001351
1236,Pltp-Abca1,Visium,Kidney,Up,1.261866519,0.00014281
1237,Thbs2-Itga4,Visium,Kidney,Up,2.12773804,0.000144565
1238,Ccl5-Cxcr3,Visium,Kidney,Up,2.451624562,0.000150132
1239,Gnai2-P2ry12,Visium,Kidney,Up,3.124477319,0.000155452
1240,Cxadr-Jaml,Visium,Kidney,Up,1.322083797,0.0001557
1241,Jaml-Cxadr,Visium,Kidney,Up,1.322083797,0.0001557
1242,Cyp27b1-Vdr,Visium,Kidney,Down,-2.66587243,0.000157843
1243,Fyn-Thy1,Visium,Kidney,Up,1.618761095,0.000173625
1244,Calca-Ramp1,Visium,Kidney,Up,1.375241296,0.000186601
1245,Wnt7b-Sfrp2,Visium,Kidney,Up,1.057078807,0.000191146
1246,Cdh1-Fgfr1,Visium,Kidney,Down,-0.731319702,0.000194368
1247,Cxcl12-Cxcr4,Visium,Kidney,Up,1.474242726,0.000204569
1248,Gnai2-Lpar3,Visium,Kidney,Down,-1.272468864,0.000220261
1249,Angpt2-Tie1,Visium,Kidney,Up,1.143189455,0.000225274
1250,Fyn-Spn,Visium,Kidney,Up,1.551846444,0.000226755
1251,Plau-Itgb2,Visium,Kidney,Up,1.462275325,0.000226755
1252,Wnt5b-Fzd7,Visium,Kidney,Down,-1.143264592,0.000226755
1253,Lgals3-Mag,Visium,Kidney,Up,1.611261963,0.00023244
1254,Tfpi-Vldlr,Visium,Kidney,Down,-1.478675446,0.000235975
1255,Ccl19-Ccrl2,Visium,Kidney,Up,1.082951445,0.00024413
1256,Jam3-Itgam,Visium,Kidney,Up,2.483669191,0.000244752
1257,Flt3l-Flt3,Visium,Kidney,Up,2.098588681,0.000252299
1258,Clstn1-Nrxn2,Visium,Kidney,Down,-0.844936587,0.00025815
1259,Wnt9b-Lrp5,Visium,Kidney,Down,-1.491452487,0.000263694
1260,Lif-Il6st,Visium,Kidney,Up,2.274451259,0.000276835
1261,Lamc2-Cd44,Visium,Kidney,Up,1.802274668,0.000277916
1262,Gnai2-Cav1,Visium,Kidney,Down,-0.640764536,0.000277921
1263,Pdgfb-Lrp1,Visium,Kidney,Up,0.656778014,0.000287309
1264,Wnt9b-Sfrp1,Visium,Kidney,Down,-0.998927208,0.000295809
1265,S100a4-Egfr,Visium,Kidney,Up,0.781574052,0.000296714
1266,Angpt1-Tek,Visium,Kidney,Down,-1.11596812,0.000297534
1267,Serpine1-Lrp2,Visium,Kidney,Up,1.535882214,0.000299132
1268,Clcf1-Il6st,Visium,Kidney,Up,1.098634852,0.000304605
1269,Calr-Scarf1,Visium,Kidney,Down,-1.068205486,0.000309543
1270,Lama4-Cd44,Visium,Kidney,Up,1.883071877,0.000316342
1271,Wnt5b-Fzd6,Visium,Kidney,Down,-1.075075671,0.000320807
1272,Igfbp4-Fzd8,Visium,Kidney,Down,-1.291561873,0.000320807
1273,Bmp4-Bmpr1b,Visium,Kidney,Down,-0.947870312,0.000322509
1274,Hras-Cav1,Visium,Kidney,Down,-1.067159509,0.000330529
1275,Cd14-Tlr3,Visium,Kidney,Up,1.165185869,0.000336396
1276,Fth1-Scara5,Visium,Kidney,Down,-1.288293299,0.000336396
1277,App-Vldlr,Visium,Kidney,Down,-1.264849478,0.000348471
1278,Plat-Itgam,Visium,Kidney,Up,2.801323561,0.000362295
1279,Cdh1-Ptprj,Visium,Kidney,Down,-0.900811557,0.000376859
1280,Sema4d-Plxna2,Visium,Kidney,Down,-0.773734573,0.000378616
1281,Adam10-Gpnmb,Visium,Kidney,Up,3.598838719,0.000398189
1282,Adam17-Itga6,Visium,Kidney,Down,-0.814661243,0.000398189
1283,Pf4-Lrp1,Visium,Kidney,Up,1.587061181,0.000422348
1284,Lama3-Cd44,Visium,Kidney,Up,1.369409993,0.000422348
1285,App-Tspan15,Visium,Kidney,Down,-1.071887939,0.000432472
1286,Dhh-Ptch1,Visium,Kidney,Up,1.179875763,0.00045196
1287,Tnc-Tlr4,Visium,Kidney,Up,2.883005457,0.000454302
1288,Ccl5-Sdc1,Visium,Kidney,Up,1.809932121,0.000468085
1289,Col1a1-Itga11,Visium,Kidney,Up,2.642253409,0.000468812
1290,Lgi3-Flot1,Visium,Kidney,Down,-1.432117425,0.000472882
1291,Shh-Cav1,Visium,Kidney,Down,-1.971979349,0.000483931
1292,Lgals1-Cd69,Visium,Kidney,Up,2.130927141,0.000493211
1293,S100a1-Ryr2,Visium,Kidney,Down,-1.317626108,0.000531253
1294,Thbs2-Notch3,Visium,Kidney,Up,1.333723273,0.000576854
1295,L1cam-Erbb2,Visium,Kidney,Down,-1.035138812,0.00059074
1296,Angpt1-Tie1,Visium,Kidney,Down,-0.904073538,0.000597307
1297,Gdf15-Tgfbr1,Visium,Kidney,Up,1.033530626,0.000604731
1298,Igfbp4-Lrp6,Visium,Kidney,Down,-1.114342312,0.000606474
1299,Afdn-F11r,Visium,Kidney,Down,-0.736725742,0.000607065
1300,Cd320-Jaml,Visium,Kidney,Up,1.067156267,0.00060707
1301,Hgf-Sdc2,Visium,Kidney,Up,1.277629079,0.000620111
1302,Col1a1-Sdc1,Visium,Kidney,Up,0.923850407,0.000620111
1303,Hgf-Met,Visium,Kidney,Up,1.143398654,0.000620111
1304,Tnxb-Sdc1,Visium,Kidney,Up,0.751921847,0.000629104
1305,App-Notch1,Visium,Kidney,Down,-0.859613632,0.000631761
1306,Fgf11-Fgfr1,Visium,Kidney,Down,-0.817745049,0.000642881
1307,Tnc-Itgb1,Visium,Kidney,Up,1.774080614,0.000663896
1308,App-Notch2,Visium,Kidney,Down,-0.798061672,0.000670428
1309,Bmp6-Bmpr1b,Visium,Kidney,Down,-1.614636524,0.000678161
1310,Tnc-Itga9,Visium,Kidney,Up,1.916957646,0.000678953
1311,Reln-Vldlr,Visium,Kidney,Down,-1.097655715,0.00068102
1312,Efnb1-Ephb3,Visium,Kidney,Down,-0.774195664,0.00068102
1313,Cadm3-Cadm4,Visium,Kidney,Up,1.580765408,0.000685888
1314,Cxcl12-Itga5,Visium,Kidney,Up,0.721509456,0.000686915
1315,Adam17-Erbb4,Visium,Kidney,Down,-0.788832586,0.000697404
1316,Cdh1-Egfr,Visium,Kidney,Down,-0.991395364,0.000724184
1317,Sostdc1-Lrp5,Visium,Kidney,Down,-1.174373532,0.000734404
1318,S100a1-Ryr1,Visium,Kidney,Up,1.221282838,0.000744301
1319,Ccl5-Ackr2,Visium,Kidney,Up,1.938363656,0.000744407
1320,Angpt2-Itgb1,Visium,Kidney,Up,1.168357956,0.000749455
1321,Mdk-Tspan1,Visium,Kidney,Down,-1.100946379,0.000768462
1322,Pf4-Fgfr2,Visium,Kidney,Up,1.020892562,0.000771797
1323,Hras-Tlr2,Visium,Kidney,Up,0.948625773,0.000792683
1324,Lamb3-Dag1,Visium,Kidney,Up,1.341621843,0.000793251
1325,Vegfa-Kdr,Visium,Kidney,Down,-0.788070225,0.000793251
1326,Wnt5b-Fzd4,Visium,Kidney,Down,-0.889044643,0.000814802
1327,Col4a2-Adgrg6,Visium,Kidney,Up,1.640900531,0.00088326
1328,Angptl4-Sdc1,Visium,Kidney,Up,1.486430392,0.00088326
1329,Sema4d-Ptprc,Visium,Kidney,Up,0.762018311,0.000909401
1330,Lama2-Adgrg6,Visium,Kidney,Up,1.417414333,0.000912181
1331,Fbn1-Itga5,Visium,Kidney,Up,0.879864897,0.000931577
1332,Tnc-Itga8,Visium,Kidney,Up,2.039462709,0.000942148
1333,App-Tspan12,Visium,Kidney,Down,-0.88344514,0.000951536
1334,Egf-Egfr,Visium,Kidney,Down,-1.227731167,0.000964184
1335,Spon2-Itgb1,Visium,Kidney,Up,2.091546786,0.000966126
1336,Cx3cl1-Itgb3,Visium,Kidney,Up,1.526897814,0.0009801
1337,Egf-Erbb2,Visium,Kidney,Down,-1.163056682,0.0009801
1338,Wnt2-Lrp5,Visium,Kidney,Down,-1.35007217,0.0009801
1339,Col4a1-Adgrg6,Visium,Kidney,Up,1.687772319,0.000988205
1340,Lama1-Sv2a,Visium,Kidney,Down,-1.589681853,0.001020853
1341,Timp3-Kdr,Visium,Kidney,Down,-1.086738486,0.00104146
1342,Fn1-Plaur,Visium,Kidney,Up,1.351585964,0.00105229
1343,Col4a3-Adgrg6,Visium,Kidney,Up,1.145053555,0.00105229
1344,Cxcl12-Itgb3,Visium,Kidney,Up,1.240772795,0.001059345
1345,S100a4-Erbb2,Visium,Kidney,Up,0.570717182,0.0010595
1346,Col1a2-Sdc1,Visium,Kidney,Up,0.773631142,0.001120261
1347,Wnt5b-Fzd1,Visium,Kidney,Down,-0.754428674,0.001162148
1348,Adam17-Aplp2,Visium,Kidney,Down,-0.693448283,0.001166244
1349,Tnc-Ptprb,Visium,Kidney,Up,1.705283418,0.00120738
1350,Mdk-Lrp6,Visium,Kidney,Down,-1.085689691,0.001208734
1351,Lama1-Itga1,Visium,Kidney,Down,-0.917421728,0.001228228
1352,Lif-Lifr,Visium,Kidney,Up,1.657501605,0.001232879
1353,Sema4d-Erbb2,Visium,Kidney,Down,-1.003189311,0.001234667
1354,Fgf2-Sdc1,Visium,Kidney,Up,1.249595298,0.00123482
1355,Mmp9-Cd44,Visium,Kidney,Up,2.079126052,0.001237191
1356,Mbl2-Cd93,Visium,Kidney,Down,-1.520234347,0.00124726
1357,Shh-Smo,Visium,Kidney,Down,-1.481503792,0.001265156
1358,Wnt5b-Lrp6,Visium,Kidney,Down,-1.04661631,0.001271682
1359,Il34-Csf1r,Visium,Kidney,Up,1.60680101,0.001275543
1360,Srd5a1-Ar,Visium,Kidney,Down,-0.878020601,0.001298491
1361,Lama1-Dag1,Visium,Kidney,Down,-1.021349713,0.00132604
1362,Sema3b-Nrp2,Visium,Kidney,Down,-0.579288581,0.001353224
1363,Vcan-Itgb1,Visium,Kidney,Up,1.967800887,0.001353224
1364,Lama2-Sv2a,Visium,Kidney,Down,-0.862990999,0.001369015
1365,Mmp12-Plaur,Visium,Kidney,Up,3.336266051,0.001369143
1366,Fga-Itgb2,Visium,Kidney,Up,1.267260035,0.00137598
1367,Slit2-Plxna1,Visium,Kidney,Down,-0.709561936,0.001388119
1368,Col6a3-Sdc1,Visium,Kidney,Up,0.556642947,0.001472665
1369,C3-C5ar2,Visium,Kidney,Up,2.285403466,0.001477762
1370,Lamc2-Dag1,Visium,Kidney,Down,-0.769120726,0.001494447
1371,Cd93-Ifngr1,Visium,Kidney,Up,0.865719002,0.001513199
1372,Col4a6-Sdc1,Visium,Kidney,Up,1.319883988,0.001513199
1373,Anxa1-Dysf,Visium,Kidney,Up,1.056398306,0.001517311
1374,Col6a1-Sdc1,Visium,Kidney,Up,0.535605286,0.001519781
1375,Sfrp1-Fzd6,Visium,Kidney,Down,-1.216279166,0.001540784
1376,Hbegf-Erbb3,Visium,Kidney,Down,-0.654051139,0.001589689
1377,Pcsk9-Lrp8,Visium,Kidney,Down,-1.646232435,0.001716467
1378,Shh-Gas1,Visium,Kidney,Down,-1.715924485,0.001718888
1379,App-Lrp6,Visium,Kidney,Down,-1.0019708,0.001718888
1380,Dlk1-Notch3,Visium,Kidney,Down,-1.877535796,0.001724537
1381,Fgf9-Fgfr2,Visium,Kidney,Down,-1.054676906,0.001743633
1382,Psen1-Erbb4,Visium,Kidney,Down,-0.729744852,0.001792421
1383,Tax1bp3-Adgrb2,Visium,Kidney,Up,1.882294042,0.001819804
1384,Egf-Erbb3,Visium,Kidney,Down,-1.150920408,0.001819804
1385,Adm2-Ramp1,Visium,Kidney,Down,-1.068777718,0.00185213
1386,F11r-F11r,Visium,Kidney,Down,-0.645906926,0.001858208
1387,Lgals9-Cd40,Visium,Kidney,Up,0.837690713,0.001894961
1388,Ptn-Sdc3,Visium,Kidney,Up,1.311101918,0.001894961
1389,Adam10-Tspan15,Visium,Kidney,Down,-0.561981415,0.001928592
1390,Thbs3-Sdc1,Visium,Kidney,Up,1.056192743,0.001928592
1391,Dlk1-Notch2,Visium,Kidney,Down,-1.695444404,0.001967118
1392,Pf4-Sdc2,Visium,Kidney,Up,1.215218253,0.001975882
1393,Dsc2-Dsg2,Visium,Kidney,Down,-1.324597693,0.001990381
1394,App-Gpc1,Visium,Kidney,Down,-0.669717545,0.002000216
1395,Mdk-Ncl,Visium,Kidney,Down,-0.869093337,0.002001083
1396,Gdf15-Tgfbr2,Visium,Kidney,Up,1.237406463,0.002025949
1397,Lpar3-Adgre5,Visium,Kidney,Down,-1.165251567,0.002026657
1398,F13a1-Itgb1,Visium,Kidney,Up,1.711645873,0.002073518
1399,Csf1-Csf1r,Visium,Kidney,Up,1.199923965,0.002113092
1400,Cd34-Sell,Visium,Kidney,Up,1.122270126,0.002113161
1401,Sell-Cd34,Visium,Kidney,Up,1.122270126,0.002113161
1402,Bsg-Itgb2,Visium,Kidney,Up,0.69024258,0.002118982
1403,Vegfd-Itga9,Visium,Kidney,Up,0.812878346,0.002118982
1404,Msmp-Ccr2,Visium,Kidney,Up,0.9604126,0.002157447
1405,S100a10-Trpv5,Visium,Kidney,Down,-0.975660328,0.002180062
1406,Shh-Pvr,Visium,Kidney,Down,-1.422482689,0.002191953
1407,Grn-Sort1,Visium,Kidney,Down,-0.515577451,0.00220336
1408,Hgf-Plxnb1,Visium,Kidney,Up,1.060915837,0.00221535
1409,Mif-Ackr3,Visium,Kidney,Down,-1.239786265,0.002220976
1410,Il15-Il15ra,Visium,Kidney,Down,-0.901115013,0.002250781
1411,Flrt1-Adgrl1,Visium,Kidney,Down,-1.154643825,0.002250781
1412,Jam3-F11r,Visium,Kidney,Down,-0.635394462,0.002271142
1413,F11r-Jam3,Visium,Kidney,Down,-0.635394462,0.002271142
1414,Fgg-Itgb2,Visium,Kidney,Up,1.245227164,0.002271142
1415,Igfbp3-Tmem219,Visium,Kidney,Down,-0.994817357,0.002286409
1416,Entpd1-Adora2a,Visium,Kidney,Up,1.398883651,0.002361635
1417,Fgf2-Sdc3,Visium,Kidney,Up,1.510282352,0.002415844
1418,Tbxas1-Tbxa2r,Visium,Kidney,Down,-0.790374037,0.002458912
1419,Bmp7-Acvr2a,Visium,Kidney,Down,-0.963529029,0.002469611
1420,Mdk-Itga6,Visium,Kidney,Down,-1.01818064,0.002469611
1421,Rtn4-Cntnap1,Visium,Kidney,Down,-0.887054058,0.002520171
1422,F8-Ldlr,Visium,Kidney,Down,-0.681816261,0.002547591
1423,Angpt2-Itgav,Visium,Kidney,Up,1.054403317,0.00256691
1424,Col6a5-Sdc1,Visium,Kidney,Up,2.139619965,0.002595999
1425,Angpt1-Itga5,Visium,Kidney,Down,-0.949205245,0.00260275
1426,Gnas-Adrb2,Visium,Kidney,Down,-0.675066693,0.00260275
1427,Hdc-Hrh1,Visium,Kidney,Up,2.13890854,0.002672638
1428,Col5a2-Ddr1,Visium,Kidney,Down,-0.683016298,0.002751925
1429,Thbs2-Cd47,Visium,Kidney,Up,0.950098312,0.002766528
1430,Cxcl14-Cxcr4,Visium,Kidney,Up,1.458166403,0.002776236
1431,Btc-Erbb2,Visium,Kidney,Down,-0.800936596,0.002776236
1432,Calr-Tshr,Visium,Kidney,Down,-1.276484845,0.002776236
1433,Icam1-Muc1,Visium,Kidney,Up,0.721761252,0.002792377
1434,Shh-Gpc1,Visium,Kidney,Down,-1.110939028,0.00287215
1435,Oxt-Avpr2,Visium,Kidney,Down,-1.565979404,0.002902638
1436,Pf4-Ldlr,Visium,Kidney,Up,0.791124126,0.002927509
1437,Calm1-Kcnq1,Visium,Kidney,Down,-0.81377566,0.002946087
1438,Clcf1-Lifr,Visium,Kidney,Up,0.563592901,0.003002828
1439,Fn1-Sdc1,Visium,Kidney,Up,0.817926375,0.003033178
1440,Mdk-Notch2,Visium,Kidney,Down,-0.789349615,0.003090056
1441,Il1b-Il1rap,Visium,Kidney,Up,1.161327369,0.003090056
1442,Thbs2-Itgb1,Visium,Kidney,Up,1.052082171,0.003100561
1443,Cfh-Sell,Visium,Kidney,Up,1.295690349,0.003128677
1444,App-Sorl1,Visium,Kidney,Down,-0.891404261,0.003168644
1445,Dpep1-Cysltr1,Visium,Kidney,Up,1.292680376,0.003189467
1446,Ltc4s-Cysltr1,Visium,Kidney,Up,0.85320448,0.003207723
1447,Ptn-Sdc1,Visium,Kidney,Up,0.973281669,0.003233012
1448,Angptl4-Cdh5,Visium,Kidney,Up,1.08296623,0.003241611
1449,Nrxn2-Dag1,Visium,Kidney,Down,-0.618315282,0.003260123
1450,Sema4d-Plxnb2,Visium,Kidney,Down,-0.71305427,0.003275709
1451,Ptn-Nrp1,Visium,Kidney,Up,1.122189472,0.003299463
1452,Hgf-Itgb1,Visium,Kidney,Up,1.107249972,0.003412537
1453,Fgf2-Fgfr4,Visium,Kidney,Up,0.80989287,0.003531233
1454,Angptl4-Sdc2,Visium,Kidney,Up,1.050040132,0.003555438
1455,Pdgfc-Flt4,Visium,Kidney,Down,-0.942877139,0.003643629
1456,Mmp9-Tlr4,Visium,Kidney,Up,1.500275852,0.003652522
1457,Fgf11-Fgfr2,Visium,Kidney,Down,-0.945864351,0.003678284
1458,Afdn-Nectin2,Visium,Kidney,Down,-0.578873147,0.003699941
1459,Lamb2-Sv2a,Visium,Kidney,Down,-0.623316139,0.003959989
1460,Ptdss1-Jmjd6,Visium,Kidney,Down,-0.814350927,0.004048329
1461,Egf-Nrp1,Visium,Kidney,Down,-0.629345754,0.004048329
1462,Cxcl10-Tlr4,Visium,Kidney,Up,1.533727367,0.004048329
1463,Calr-Itga3,Visium,Kidney,Down,-0.81893437,0.004092523
1464,Angpt1-Itgb1,Visium,Kidney,Down,-0.743480122,0.004134781
1465,Fgg-Tlr4,Visium,Kidney,Up,0.810616847,0.004141451
1466,Shh-Boc,Visium,Kidney,Down,-1.339036294,0.004141451
1467,Wnt2-Fzd7,Visium,Kidney,Down,-1.100689089,0.00414622
1468,Gdf11-Acvr1b,Visium,Kidney,Down,-0.899550273,0.004201399
1469,Chl1-L1cam,Visium,Kidney,Down,-1.407146721,0.004231446
1470,App-Lrp4,Visium,Kidney,Down,-0.889567544,0.004248028
1471,Adam17-Cd9,Visium,Kidney,Down,-0.656815092,0.004310018
1472,Lcn2-Lrp2,Visium,Kidney,Up,1.833664426,0.004331833
1473,Wnt5b-Frzb,Visium,Kidney,Up,0.940724311,0.004415319
1474,Bgn-Fgfr3,Visium,Kidney,Up,0.798696541,0.004415319
1475,Adam10-Erbb2,Visium,Kidney,Down,-0.741648686,0.004415319
1476,F13a1-Itga9,Visium,Kidney,Up,1.762788239,0.004432349
1477,Shh-Ptch1,Visium,Kidney,Down,-1.32982617,0.004466162
1478,Gnas-Avpr2,Visium,Kidney,Down,-0.83120144,0.00465033
1479,Ngf-Ntrk3,Visium,Kidney,Up,1.166500204,0.00465033
1480,Bsg-Slc16a1,Visium,Kidney,Down,-1.220064353,0.004704431
1481,Bmp7-Bmpr2,Visium,Kidney,Down,-0.71458585,0.004704431
1482,Cdh1-Itgb7,Visium,Kidney,Up,0.659640483,0.004704431
1483,Mcam-Mcam,Visium,Kidney,Up,0.780681577,0.004787409
1484,Angpt2-Tek,Visium,Kidney,Up,1.007672141,0.004801156
1485,Slit3-Robo2,Visium,Kidney,Up,0.882210272,0.004801156
1486,Lama1-Itgb8,Visium,Kidney,Down,-1.015777661,0.004801156
1487,Sell-Podxl,Visium,Kidney,Up,0.855180113,0.004819392
1488,Podxl-Sell,Visium,Kidney,Up,0.855180113,0.004819392
1489,Lipa-Rora,Visium,Kidney,Down,-1.276397152,0.004828823
1490,Sema4b-Dcbld2,Visium,Kidney,Down,-0.7322461,0.004828823
1491,Dlk1-Notch4,Visium,Kidney,Down,-2.164067022,0.004880952
1492,Fgf1-Cd44,Visium,Kidney,Up,1.749552469,0.004880952
1493,Mdk-Sdc4,Visium,Kidney,Down,-0.88348948,0.004940814
1494,Lama4-Sv2a,Visium,Kidney,Down,-0.70447078,0.004943472
1495,Reln-Itga2b,Visium,Kidney,Down,-1.032345392,0.004999049
1496,Col1a1-Ddr2,Visium,Kidney,Up,1.102074819,0.005093737
1497,Fgf2-Itgav,Visium,Kidney,Up,1.031264184,0.005194106
1498,C3-Itgam,Visium,Kidney,Up,2.383042872,0.005194106
1499,Col3a1-Ddr2,Visium,Kidney,Up,1.078367708,0.005194106
1500,Thbs1-Itga4,Visium,Kidney,Up,1.386032238,0.00520989
1501,Adam9-Itga6,Visium,Kidney,Down,-0.844785663,0.00520989
1502,Col4a5-Sdc4,Visium,Kidney,Down,-0.889411652,0.005233205
1503,Cxcl9-Cxcr3,Visium,Kidney,Up,1.680023397,0.005255994
1504,Sema4d-Plxnb1,Visium,Kidney,Down,-0.676985263,0.005272634
1505,Wnt2-Sfrp1,Visium,Kidney,Down,-0.916463408,0.005349809
1506,Slit2-Gpc1,Visium,Kidney,Down,-0.653330965,0.005373327
1507,Col4a5-Adgrg6,Visium,Kidney,Up,1.431747521,0.005409144
1508,Hsp90b1-Lrp6,Visium,Kidney,Down,-0.969085011,0.005427017
1509,Vegfa-Flt1,Visium,Kidney,Down,-0.764952071,0.005448371
1510,Vwf-Itgav,Visium,Kidney,Up,1.148928017,0.0054928
1511,Bmp7-Acvr2b,Visium,Kidney,Down,-0.979669494,0.005547281
1512,Lama3-Itgb4,Visium,Kidney,Down,-1.232268303,0.005547281
1513,Tnc-Egfr,Visium,Kidney,Up,1.314348615,0.005686295
1514,Rtn4-Rtn4rl1,Visium,Kidney,Down,-0.600384325,0.005807525
1515,Bmp6-Acvr2a,Visium,Kidney,Down,-0.971840666,0.005842611
1516,Gzma-F2r,Visium,Kidney,Up,1.020622178,0.005925069
1517,Dkk2-Kremen2,Visium,Kidney,Up,1.433586168,0.005993346
1518,Thbs4-Sdc4,Visium,Kidney,Down,-1.359664057,0.006129465
1519,Fbln1-Itgb1,Visium,Kidney,Up,0.747748435,0.006161912
1520,Alcam-Chl1,Visium,Kidney,Down,-1.100189481,0.006363761
1521,Lamb1-Itga6,Visium,Kidney,Down,-0.628792179,0.006401936
1522,Spint1-St14,Visium,Kidney,Down,-0.69767201,0.006426488
1523,Fgl1-Egfr,Visium,Kidney,Down,-1.028355669,0.006504631
1524,Tgfb1-Tgfbr2,Visium,Kidney,Up,0.504167733,0.006582741
1525,Ngf-Ntrk1,Visium,Kidney,Down,-1.118457911,0.006658653
1526,Vegfa-Sdc2,Visium,Kidney,Down,-0.55542119,0.006698734
1527,Edn1-Ednrb,Visium,Kidney,Up,1.488011064,0.006698734
1528,Lama1-Itga7,Visium,Kidney,Down,-0.766427436,0.006776669
1529,Sema4a-Plxnb1,Visium,Kidney,Down,-0.792346693,0.006797886
1530,Hpx-Lrp1,Visium,Kidney,Up,1.084824819,0.006797886
1531,Col5a3-Sdc3,Visium,Kidney,Up,1.117456721,0.006877968
1532,Col9a3-Sdc4,Visium,Kidney,Down,-1.225968513,0.00690358
1533,Fgf2-Notch1,Visium,Kidney,Up,0.992687225,0.006906428
1534,Dhcr7-Nr1h2,Visium,Kidney,Down,-0.898879491,0.006960591
1535,Afdn-Nectin3,Visium,Kidney,Down,-0.878964026,0.007157356
1536,Il15-Il2rb,Visium,Kidney,Up,0.827140449,0.007257767
1537,Entpd1-Adora1,Visium,Kidney,Up,1.390782281,0.0073629
1538,Mif-Cd44,Visium,Kidney,Up,0.7873665,0.007381815
1539,Slit2-Robo2,Visium,Kidney,Down,-0.688000223,0.007471401
1540,Col4a3-Sdc4,Visium,Kidney,Down,-0.661247378,0.007580436
1541,Adam15-Itgb3,Visium,Kidney,Up,0.758478928,0.007588523
1542,Hfe-Tfrc,Visium,Kidney,Down,-0.882078918,0.007746439
1543,Ptn-Ptprs,Visium,Kidney,Up,1.043834033,0.007746439
1544,Pdgfc-Pdgfrb,Visium,Kidney,Down,-0.696763701,0.007920575
1545,Sema4a-Plxnb2,Visium,Kidney,Down,-0.772988482,0.007926816
1546,Sult1a1-Ppara,Visium,Kidney,Down,-0.99787581,0.007933912
1547,Sema4d-Plxnb3,Visium,Kidney,Up,0.999330479,0.007963396
1548,Lamc3-Sv2a,Visium,Kidney,Down,-0.677344336,0.007970541
1549,Bmp7-Bmpr1a,Visium,Kidney,Down,-0.811758968,0.007976633
1550,Col1a1-Itga5,Visium,Kidney,Up,0.905085002,0.008079299
1551,Tgfb3-Tgfbr2,Visium,Kidney,Up,0.980634444,0.008094002
1552,Lrpap1-Vldlr,Visium,Kidney,Down,-1.075479858,0.008262949
1553,Icam4-Itga2b,Visium,Kidney,Down,-1.52113164,0.008278981
1554,Mdk-Sdc2,Visium,Kidney,Down,-0.714517614,0.008308891
1555,App-Ncstn,Visium,Kidney,Down,-0.809059492,0.008374103
1556,Efnb2-Ephb3,Visium,Kidney,Down,-1.040136745,0.00845592
1557,Jag1-Vasn,Visium,Kidney,Down,-0.602801946,0.00846896
1558,Afdn-Ephb6,Visium,Kidney,Down,-0.79649761,0.008691718
1559,Col5a1-Sdc3,Visium,Kidney,Up,0.821877391,0.008691718
1560,Bmp7-Acvr1,Visium,Kidney,Down,-0.811058395,0.008754314
1561,Pros1-Axl,Visium,Kidney,Up,0.992708075,0.008793214
1562,Fn1-Itgb3,Visium,Kidney,Up,1.383674162,0.008814255
1563,Gas6-Mertk,Visium,Kidney,Down,-0.861790564,0.008855583
1564,L1cam-Egfr,Visium,Kidney,Down,-0.809882112,0.008960696
1565,Ltc4s-Cysltr2,Visium,Kidney,Up,0.753213755,0.009077193
1566,Tgfb1-Eng,Visium,Kidney,Up,0.532738333,0.009080815
1567,Lipc-Lrp1,Visium,Kidney,Up,1.493945323,0.009156906
1568,Tctn1-Tmem67,Visium,Kidney,Down,-0.686323855,0.009237633
1569,Vegfd-Nrp2,Visium,Kidney,Up,0.800339484,0.009237633
1570,Thbs1-Itgb3,Visium,Kidney,Up,1.340954916,0.00933248
1571,Csf1-Flt4,Visium,Kidney,Up,0.845363573,0.009374387
1572,Lta4h-Ltb4r2,Visium,Kidney,Down,-1.03422857,0.009467388
1573,Adam10-Tspan5,Visium,Kidney,Down,-0.486095762,0.009510726
1574,Fgf13-Fgfr3,Visium,Kidney,Down,-1.22979943,0.009629031
1575,Fgf2-Sdc2,Visium,Kidney,Up,0.933919332,0.009650678
1576,Hgf-St14,Visium,Kidney,Up,0.939337637,0.009791945
1577,F8-Lrp1,Visium,Kidney,Up,0.715977519,0.009833261
1578,Pdgfb-Pdgfra,Visium,Kidney,Up,0.684748653,0.009833261
1579,Cd248-Il6ra,Visium,Kidney,Up,1.159507812,0.009833261
1580,Ptges3-Ptger1,Visium,Kidney,Down,-0.610687552,0.009864284
1581,Lpl-Vldlr,Visium,Kidney,Down,-1.303890411,0.010119514
1582,Ltf-Lrp1,Visium,Kidney,Up,1.117425917,0.010226538
1583,Cd14-Ly96,Visium,Kidney,Up,0.581108645,0.010336659
1584,Bmp6-Bmpr1a,Visium,Kidney,Down,-0.875909293,0.010336659
1585,Lipa-Rorc,Visium,Kidney,Down,-1.293996049,0.010342809
1586,Cxcl12-Cmklr1,Visium,Kidney,Up,1.129815665,0.010342809
1587,Il15-Il2rg,Visium,Kidney,Up,0.729521194,0.010434861
1588,Nectin3-Pvr,Visium,Kidney,Down,-0.817193229,0.010573739
1589,Pvr-Nectin3,Visium,Kidney,Down,-0.817193229,0.010573739
1590,Dhcr24-Rora,Visium,Kidney,Down,-1.144411784,0.010589389
1591,Pla2g5-Pla2r1,Visium,Kidney,Down,-1.008593513,0.010634125
1592,Col4a4-Sdc4,Visium,Kidney,Down,-0.697547243,0.010705348
1593,Fbn1-Itgb3,Visium,Kidney,Up,1.183988488,0.010755911
1594,Vegfa-Npr1,Visium,Kidney,Down,-0.495324223,0.010846362
1595,Dll4-Notch2,Visium,Kidney,Down,-0.501807618,0.010851843
1596,Fn1-Tnfrsf11b,Visium,Kidney,Up,1.293370971,0.010941321
1597,Dll4-Notch1,Visium,Kidney,Down,-0.530679476,0.010964757
1598,Mpzl1-Mpzl1,Visium,Kidney,Down,-0.520205229,0.01096714
1599,Il11-Il6st,Visium,Kidney,Up,1.200792118,0.01096714
1600,Inhba-Eng,Visium,Kidney,Up,1.554513789,0.01096714
1601,Il1rap-Ptprf,Visium,Kidney,Down,-0.692876557,0.010997103
1602,Gja5-Gja5,Visium,Kidney,Up,2.16793072,0.011056386
1603,Nectin3-Nectin2,Visium,Kidney,Down,-0.680768821,0.011056386
1604,Nectin2-Nectin3,Visium,Kidney,Down,-0.680768821,0.011056386
1605,Ptprk-Ptprk,Visium,Kidney,Down,-1.051417625,0.011056386
1606,Edn3-Ednrb,Visium,Kidney,Down,-1.038376429,0.011117448
1607,Col4a4-Adgrg6,Visium,Kidney,Up,0.901251221,0.011287653
1608,Nectin3-Nectin3,Visium,Kidney,Down,-0.946444121,0.01139592
1609,App-Lrp10,Visium,Kidney,Down,-0.77691115,0.011409483
1610,Wnt10a-Fzd1,Visium,Kidney,Up,1.06451089,0.011409483
1611,Prnp-Adgrg6,Visium,Kidney,Up,0.581605004,0.011432492
1612,Wnt2-Fzd5,Visium,Kidney,Down,-1.238821603,0.011432492
1613,Hspg2-Dag1,Visium,Kidney,Down,-0.410750403,0.011514395
1614,Nampt-Insr,Visium,Kidney,Down,-0.819585082,0.011514395
1615,Tgfb1-Acvrl1,Visium,Kidney,Up,0.648174958,0.011534967
1616,Fgb-Itga2b,Visium,Kidney,Down,-1.519955436,0.011633091
1617,Adam12-Sdc4,Visium,Kidney,Down,-0.598060651,0.011738113
1618,Col4a6-Cd93,Visium,Kidney,Up,1.219403421,0.011814924
1619,App-Cd47,Visium,Kidney,Down,-0.722135538,0.011817106
1620,Edn1-Ednra,Visium,Kidney,Up,1.512922437,0.011964338
1621,Sostdc1-Lrp6,Visium,Kidney,Down,-0.851741509,0.011982145
1622,Ccl27a-Ackr2,Visium,Kidney,Down,-0.926080911,0.012029269
1623,Ptges-Ptger3,Visium,Kidney,Down,-0.658592375,0.012123405
1624,Tgfb3-Tgfbr1,Visium,Kidney,Up,0.901369253,0.012201665
1625,Pcsk9-Lrp1,Visium,Kidney,Down,-0.99420592,0.012201665
1626,L1cam-Erbb3,Visium,Kidney,Down,-0.781233988,0.012540883
1627,Lman1-Mcfd2,Visium,Kidney,Down,-0.791015081,0.012741661
1628,Col1a1-Cd93,Visium,Kidney,Up,0.939285065,0.012741661
1629,Ptprd-Il1rap,Visium,Kidney,Down,-0.802507954,0.012756891
1630,Tgfb3-Eng,Visium,Kidney,Up,1.021399947,0.013043736
1631,Myoc-Fzd4,Visium,Kidney,Down,-1.544651415,0.013067949
1632,Sema6a-Plxna2,Visium,Kidney,Down,-0.745643017,0.013175356
1633,Tenm3-Adgrl1,Visium,Kidney,Up,1.063316124,0.013175356
1634,Cxadr-Cxadr,Visium,Kidney,Down,-0.603468569,0.013204521
1635,Gnas-Tshr,Visium,Kidney,Down,-1.010979269,0.013204521
1636,Lamb1-Dag1,Visium,Kidney,Down,-0.502375097,0.013335632
1637,Angptl3-Itgb3,Visium,Kidney,Up,0.975370954,0.013502804
1638,Lrpap1-Sort1,Visium,Kidney,Down,-0.918690444,0.013636264
1639,Clu-Vldlr,Visium,Kidney,Down,-0.690775433,0.013693183
1640,Thbs3-Cd47,Visium,Kidney,Up,0.670579038,0.0137083
1641,Sdc2-Ptprj,Visium,Kidney,Down,-0.498650836,0.013945209
1642,Tnc-Sdc4,Visium,Kidney,Up,1.075059021,0.013945209
1643,Col1a2-Cd93,Visium,Kidney,Up,0.843110435,0.013950898
1644,Il15-Il11ra1,Visium,Kidney,Down,-0.733476019,0.013950898
1645,Mmrn2-Cd248,Visium,Kidney,Up,0.614234173,0.014226622
1646,Lgals3-Itgb3,Visium,Kidney,Up,1.176691374,0.014531621
1647,Angptl3-Itga5,Visium,Kidney,Up,0.737940476,0.014563151
1648,Gnas-Gcgr,Visium,Kidney,Down,-0.803316207,0.014652166
1649,Calr-Itgav,Visium,Kidney,Down,-0.750062989,0.014782087
1650,Lamc1-Dag1,Visium,Kidney,Down,-0.466958903,0.014782087
1651,Wnt9b-Fzd8,Visium,Kidney,Down,-1.15581944,0.01511955
1652,Mmrn2-Cd93,Visium,Kidney,Up,0.60509439,0.015309438
1653,Nrtn-Gfra2,Visium,Kidney,Up,0.886394678,0.015572023
1654,Lama1-Itgb4,Visium,Kidney,Down,-0.884717357,0.015591589
1655,Wnt5a-Fzd5,Visium,Kidney,Down,-0.870596121,0.015621864
1656,Arf1-Insr,Visium,Kidney,Down,-0.726927911,0.015647766
1657,Apoe-Sdc1,Visium,Kidney,Up,0.518625247,0.015650503
1658,Fn1-Itga3,Visium,Kidney,Up,0.537913176,0.015731588
1659,Hmgb1-Ly96,Visium,Kidney,Down,-0.739788866,0.015813956
1660,Ncam1-Robo1,Visium,Kidney,Up,1.210068321,0.016007605
1661,Efemp1-Egfr,Visium,Kidney,Down,-0.589523718,0.016070351
1662,Angpt4-Tek,Visium,Kidney,Up,1.099017422,0.016070351
1663,Hsp90aa1-Egfr,Visium,Kidney,Down,-0.939977376,0.016217938
1664,Vegfa-Ptprb,Visium,Kidney,Down,-0.509688661,0.016533935
1665,C3-Lrp1,Visium,Kidney,Up,1.039419644,0.016669928
1666,Rtn4-Ngfr,Visium,Kidney,Down,-0.704567557,0.017270613
1667,Tgm2-Sdc4,Visium,Kidney,Down,-0.683037734,0.01733303
1668,C3-Cr2,Visium,Kidney,Down,-0.875030939,0.017600205
1669,Bmp6-Acvr1,Visium,Kidney,Down,-0.819467135,0.017856901
1670,Ptn-Sdc2,Visium,Kidney,Up,0.751305251,0.018149087
1671,Adam10-Epha3,Visium,Kidney,Up,0.832948082,0.018149087
1672,Fn1-Itga9,Visium,Kidney,Up,0.59481056,0.018622589
1673,Lrpap1-Ldlr,Visium,Kidney,Down,-0.936454146,0.018703871
1674,Fgf2-Fgfr3,Visium,Kidney,Up,0.798167356,0.018978899
1675,Fn1-Itga5,Visium,Kidney,Up,0.832603136,0.019118337
1676,Lama5-Dag1,Visium,Kidney,Down,-0.445052599,0.019330742
1677,Wnt5a-Sfrp1,Visium,Kidney,Down,-0.45567366,0.019406263
1678,Ddc-Htr1b,Visium,Kidney,Up,1.068956427,0.019439679
1679,Igf1-Itgb3,Visium,Kidney,Up,1.227397701,0.019439679
1680,Col1a1-Itga2,Visium,Kidney,Up,1.563446783,0.019535178
1681,Col4a6-Itgb1,Visium,Kidney,Up,0.691546311,0.019645003
1682,Nrxn2-Adgrl1,Visium,Kidney,Down,-0.598127734,0.019939121
1683,Hbegf-Egfr,Visium,Kidney,Down,-0.506957358,0.020078407
1684,Fn1-Itga2,Visium,Kidney,Up,1.605937305,0.020078407
1685,Wnt5b-Sfrp2,Visium,Kidney,Down,-0.648994729,0.020202063
1686,Tgm2-Adgrg1,Visium,Kidney,Down,-0.563079186,0.020325835
1687,Nectin3-Cadm3,Visium,Kidney,Up,1.002933374,0.020344002
1688,Cadm3-Nectin3,Visium,Kidney,Up,1.002933374,0.020344002
1689,Jag1-Notch2,Visium,Kidney,Down,-0.489261522,0.020344002
1690,Thbs1-Vldlr,Visium,Kidney,Down,-0.649330791,0.020347253
1691,Efna1-Epha1,Visium,Kidney,Down,-1.020317018,0.020517365
1692,Fgf2-Fgfr1,Visium,Kidney,Up,0.853270586,0.020517365
1693,Wnt5a-Lrp5,Visium,Kidney,Down,-0.681874583,0.020528606
1694,Efnb1-Erbb2,Visium,Kidney,Down,-0.694232305,0.020566145
1695,Lama1-Itgb1,Visium,Kidney,Down,-0.606218844,0.020643926
1696,Ecm1-Itgb4,Visium,Kidney,Down,-0.672020804,0.020643926
1697,Ptges2-Ptger1,Visium,Kidney,Down,-0.706899243,0.020812487
1698,Ntn1-Unc5c,Visium,Kidney,Down,-1.018913009,0.020921285
1699,Vegfb-Flt1,Visium,Kidney,Down,-0.840578723,0.021037634
1700,Col1a2-Itga2,Visium,Kidney,Up,1.542988025,0.021531178
1701,Thbs1-Lrp1,Visium,Kidney,Up,0.569763871,0.021564126
1702,Sema4d-Met,Visium,Kidney,Down,-0.682633236,0.021653232
1703,Comp-Sdc1,Visium,Kidney,Up,1.261546734,0.021653232
1704,Jam3-Itga4,Visium,Kidney,Up,0.797700869,0.02244788
1705,Adam17-Notch2,Visium,Kidney,Down,-0.447547052,0.02244788
1706,Ptges2-Ptger2,Visium,Kidney,Down,-0.883561464,0.022685466
1707,Lrfn4-Ptprd,Visium,Kidney,Down,-0.551855795,0.022844311
1708,Inhba-Tgfbr3,Visium,Kidney,Up,1.302533325,0.023053103
1709,Sfrp2-Fzd5,Visium,Kidney,Down,-0.931000809,0.02310332
1710,Mmp2-Itgb3,Visium,Kidney,Up,1.400952903,0.02339091
1711,Timp2-Itga3,Visium,Kidney,Up,0.500798857,0.023548175
1712,Wnt5b-Fzd3,Visium,Kidney,Down,-0.887723446,0.023627691
1713,Bmp6-Bmpr2,Visium,Kidney,Down,-0.733572822,0.023772334
1714,Wnt5a-Frzb,Visium,Kidney,Up,1.451804213,0.023772334
1715,Ptn-Ptprb,Visium,Kidney,Up,0.730572781,0.024072998
1716,Afdn-Nectin1,Visium,Kidney,Down,-0.754887126,0.024232172
1717,Hsp90aa1-Cftr,Visium,Kidney,Down,-0.94424142,0.024369809
1718,Wnt5b-Wif1,Visium,Kidney,Down,-0.873349041,0.024369809
1719,Sema4a-Plxnd1,Visium,Kidney,Down,-0.496356419,0.024392906
1720,Thbs4-Cd47,Visium,Kidney,Down,-0.913722982,0.024471495
1721,Jam3-Jam3,Visium,Kidney,Down,-0.636502344,0.024811772
1722,Pgf-Nrp2,Visium,Kidney,Up,0.829169044,0.025058568
1723,App-Ngfr,Visium,Kidney,Down,-0.970625198,0.025082937
1724,Wnt9b-Fzd5,Visium,Kidney,Down,-1.222819581,0.025082937
1725,Col4a2-Sdc4,Visium,Kidney,Down,-0.475844321,0.025192625
1726,Mmp14-Flt1,Visium,Kidney,Up,0.695678225,0.025327592
1727,Afdn-Ephb2,Visium,Kidney,Down,-0.586743184,0.025488787
1728,Wnt4-Sfrp2,Visium,Kidney,Up,0.876775265,0.025594402
1729,Lrfn4-Ptprf,Visium,Kidney,Down,-0.497778903,0.025951738
1730,Fgf9-Fgfr1,Visium,Kidney,Down,-0.607926588,0.026179132
1731,Ccl5-Sdc4,Visium,Kidney,Up,0.65143206,0.027007541
1732,Plat-Lrp1,Visium,Kidney,Up,0.5569633,0.027037353
1733,Bsg-Slc16a7,Visium,Kidney,Down,-0.753152602,0.027423464
1734,Mmp9-Lrp1,Visium,Kidney,Up,0.844981898,0.027703524
1735,App-Tnfrsf21,Visium,Kidney,Down,-0.665641218,0.027812251
1736,Sema3d-Nrp1,Visium,Kidney,Up,1.251019701,0.028017919
1737,C3-Nrp1,Visium,Kidney,Up,1.131605826,0.028142214
1738,Nectin3-Nectin1,Visium,Kidney,Down,-0.853721843,0.028176584
1739,Nectin1-Nectin3,Visium,Kidney,Down,-0.853721843,0.028176584
1740,C3-Cd19,Visium,Kidney,Up,1.130147761,0.028664778
1741,Icam1-Ahr,Visium,Kidney,Up,0.464777916,0.029717007
1742,Vwf-Lrp1,Visium,Kidney,Up,1.184802724,0.029888125
1743,Srpx2-Plaur,Visium,Kidney,Up,0.66551176,0.030228851
1744,Clstn3-Nrxn2,Visium,Kidney,Down,-1.525425336,0.030228851
1745,Wnt9b-Lrp6,Visium,Kidney,Down,-0.958545902,0.030228851
1746,Angptl4-Gpihbp1,Visium,Kidney,Up,1.209722934,0.030400259
1747,Btc-Erbb4,Visium,Kidney,Down,-0.607306702,0.030524737
1748,Dcn-Erbb4,Visium,Kidney,Up,0.428728004,0.030649079
1749,Tgfb3-Acvrl1,Visium,Kidney,Up,0.887300911,0.030961541
1750,Mfge8-Itgb3,Visium,Kidney,Up,0.857159967,0.031084861
1751,Col6a3-Sdc4,Visium,Kidney,Down,-0.475002011,0.031117366
1752,Thbs1-Sdc4,Visium,Kidney,Down,-0.552810682,0.031417398
1753,Adm-Calcrl,Visium,Kidney,Up,0.747609917,0.032794555
1754,Calm1-Sell,Visium,Kidney,Up,0.606672275,0.032794555
1755,Btc-Egfr,Visium,Kidney,Down,-0.572513026,0.032883065
1756,Hmgb1-Ager,Visium,Kidney,Up,0.638007748,0.032883065
1757,Dpep1-Cysltr2,Visium,Kidney,Up,0.489826387,0.033826188
1758,App-Trpc6,Visium,Kidney,Down,-1.457274575,0.034225761
1759,Plau-Mrc2,Visium,Kidney,Up,0.499634837,0.034379188
1760,Efnb1-Epha2,Visium,Kidney,Up,0.468590661,0.034379188
1761,Arf6-Pld1,Visium,Kidney,Down,-0.490147566,0.03446891
1762,Dkk2-Lrp6,Visium,Kidney,Down,-0.444177408,0.03446891
1763,Ndp-Fzd4,Visium,Kidney,Up,0.873964316,0.034546191
1764,Efna4-Epha3,Visium,Kidney,Up,0.908016757,0.034546191
1765,Dll1-Notch2,Visium,Kidney,Down,-0.651551298,0.034956786
1766,Mmp2-Itgb1,Visium,Kidney,Up,0.529890159,0.035103266
1767,Sema3b-Nrp1,Visium,Kidney,Down,-0.416982138,0.035197917
1768,Btc-Erbb3,Visium,Kidney,Down,-0.598206022,0.035197917
1769,Rspo1-Znrf3,Visium,Kidney,Up,0.743344343,0.035395728
1770,Hspg2-Col13a1,Visium,Kidney,Down,-0.504259021,0.035395728
1771,Nid1-Ptprf,Visium,Kidney,Down,-0.460397155,0.035498193
1772,Fga-Tlr4,Visium,Kidney,Up,0.700344814,0.035750186
1773,Shh-Lrp2,Visium,Kidney,Down,-1.210672746,0.035965296
1774,Cd14-Cd55,Visium,Kidney,Up,0.865693841,0.036741898
1775,Fgf2-Nrp1,Visium,Kidney,Up,0.976368562,0.036781026
1776,Col1a2-Itgb3,Visium,Kidney,Up,1.066980117,0.0370512
1777,Plau-Plaur,Visium,Kidney,Up,0.805868098,0.03763909
1778,Il33-Il1rap,Visium,Kidney,Up,0.966809833,0.037830482
1779,Sema4c-Plxnb2,Visium,Kidney,Down,-0.446252129,0.037830482
1780,Vegfa-Nrp2,Visium,Kidney,Down,-0.457196884,0.037903189
1781,Rgmb-Neo1,Visium,Kidney,Down,-0.429546291,0.038057741
1782,Plau-Lrp1,Visium,Kidney,Up,0.512999817,0.038439409
1783,Sema6d-Kdr,Visium,Kidney,Down,-0.611251351,0.038439409
1784,Wnt16-Sfrp1,Visium,Kidney,Down,-0.848633915,0.038510634
1785,Calr-Lrp1,Visium,Kidney,Down,-0.588280666,0.038510634
1786,Dhcr7-Rora,Visium,Kidney,Down,-0.824188576,0.039112576
1787,Dhcr24-Rorc,Visium,Kidney,Down,-1.095208296,0.039308564
1788,Rarres2-Cmklr1,Visium,Kidney,Up,0.859412562,0.039308564
1789,Col6a1-Sdc4,Visium,Kidney,Down,-0.491320732,0.040249194
1790,Pdgfa-Pdgfra,Visium,Kidney,Up,0.670058526,0.040556647
1791,Sema4g-Plxnb2,Visium,Kidney,Down,-0.743824937,0.040586886
1792,Tgfb3-Acvr1,Visium,Kidney,Up,0.812642267,0.040796957
1793,Mdk-Itgb1,Visium,Kidney,Down,-0.499088964,0.040796957
1794,Cd9-L1cam,Visium,Kidney,Down,-0.689748579,0.040796957
1795,L1cam-Cd9,Visium,Kidney,Down,-0.689748579,0.040796957
1796,Fgf10-Fgfrl1,Visium,Kidney,Down,-1.237599299,0.041441633
1797,Adam23-Itga5,Visium,Kidney,Up,0.949172378,0.041459171
1798,Tnfsf12-Egfr,Visium,Kidney,Down,-0.561621835,0.041587293
1799,Dhcr7-Rorc,Visium,Kidney,Down,-0.869885733,0.041718642
1800,Efna4-Epha2,Visium,Kidney,Up,0.56856687,0.042158657
1801,Ifng-Ifngr1,Visium,Kidney,Up,0.840454634,0.043579656
1802,Lnx2-Cxadr,Visium,Kidney,Down,-0.598708566,0.044307947
1803,Mmp2-Sdc2,Visium,Kidney,Up,0.558551702,0.044495263
1804,Angptl2-Tlr4,Visium,Kidney,Up,0.65831625,0.044680493
1805,Ggt1-Cysltr1,Visium,Kidney,Up,0.787856641,0.045240155
1806,Wnt2-Fzd4,Visium,Kidney,Down,-0.571666812,0.046138429
1807,Fzd8-Ckap4,Visium,Kidney,Down,-0.492630493,0.046222609
1808,Tenm4-Adgrl2,Visium,Kidney,Down,-0.652199488,0.046593224
1809,Fgf2-Gpc4,Visium,Kidney,Up,0.515735344,0.048211054
1810,Cgn-F11r,Visium,Kidney,Down,-0.563920746,0.049231523
1811,Col6a4-Sdc4,Visium,Kidney,Down,-0.555412189,0.049231523
1812,Sema7a-Itgb1,Visium,Kidney,Up,0.402558405,0.049376698
1813,Lgals3-Lag3,Visium,Kidney,Up,0.980146893,0.049376698
1814,Lcn2-Lrp2,STomics,Kidney,Up,3.307271657,6.107135118253091e-09
1815,Lrfn5-Ptprf,STomics,Kidney,Up,3.385988757,6.1592609164336e-07
1816,Bgn-Cd44,STomics,Kidney,Up,1.672796348,1.1932539948643e-06
1817,Nrg3-Erbb3,STomics,Kidney,Up,3.166818633,1.30497670490491e-06
1818,Clstn1-Nrxn1,STomics,Kidney,Up,2.499292283,1.30497670490491e-06
1819,App-Cav1,STomics,Kidney,Down,-1.674944298,1.30497670490491e-06
1820,Efna1-Epha5,STomics,Kidney,Up,3.072040185,1.6463599003892e-06
1821,Nrg3-Erbb4,STomics,Kidney,Up,2.791557403,2.63683804391891e-06
1822,Fgf14-Fgfr3,STomics,Kidney,Up,2.562745545,5.0114447917782e-06
1823,Lrrtm4-Ptprs,STomics,Kidney,Up,2.369209242,6.47352374444025e-06
1824,Nrxn1-Adgrl1,STomics,Kidney,Up,2.669725075,1.07055562287957e-05
1825,Efnb2-Grm5,STomics,Kidney,Up,2.338905307,1.65074276213613e-05
1826,Lin7c-Htr2c,STomics,Kidney,Up,2.206138764,1.82984139416217e-05
1827,Nrxn1-Dag1,STomics,Kidney,Up,2.203318064,1.87191313301473e-05
1828,Mdk-Lrp6,STomics,Kidney,Down,-1.708001284,2.79988628013623e-05
1829,Timp1-Lrp1,STomics,Kidney,Up,3.280307647,2.79988628013623e-05
1830,Col3a1-Ddr1,STomics,Kidney,Down,-1.32246507,2.79988628013623e-05
1831,Il1rapl1-Ptprf,STomics,Kidney,Up,2.091559961,2.79988628013623e-05
1832,Timp3-Kdr,STomics,Kidney,Down,-1.04598111,2.79988628013623e-05
1833,Fgf14-Fgfr2,STomics,Kidney,Up,2.430081464,2.79988628013623e-05
1834,Arf1-Insr,STomics,Kidney,Down,-1.211501746,2.92182459786512e-05
1835,Lamb2-Sv2b,STomics,Kidney,Up,2.575738187,3.09336552320002e-05
1836,Lama5-Sv2b,STomics,Kidney,Up,2.819950386,3.75139031934964e-05
1837,Efna4-Epha6,STomics,Kidney,Up,2.482548248,4.64521626451662e-05
1838,Apoe-Lrp8,STomics,Kidney,Up,1.363253507,5.20634535834465e-05
1839,Clstn2-Nrxn1,STomics,Kidney,Up,3.114026804,5.20634535834465e-05
1840,Egf-Egfr,STomics,Kidney,Down,-1.287215551,5.20634535834465e-05
1841,Nlgn1-Nrxn1,STomics,Kidney,Up,3.456818251,5.20634535834465e-05
1842,Nrxn1-Nlgn1,STomics,Kidney,Up,3.456818251,5.20634535834465e-05
1843,Wnt5b-Fzd1,STomics,Kidney,Down,-2.105737917,5.20634535834465e-05
1844,Apoe-Trem2,STomics,Kidney,Up,2.973641214,6.03209902687439e-05
1845,Cxcl12-Agtr1a,STomics,Kidney,Down,-0.981721486,6.0934087034376e-05
1846,Igf2-Igf2r,STomics,Kidney,Up,1.085901117,6.24405902391606e-05
1847,App-Ncstn,STomics,Kidney,Down,-1.459445931,6.24405902391606e-05
1848,Rtn4-Lingo1,STomics,Kidney,Up,1.655111972,6.56343275435109e-05
1849,Serpine1-Lrp1,STomics,Kidney,Up,1.54456508,7.70601127711323e-05
1850,Mdk-Ncl,STomics,Kidney,Down,-1.459600509,7.72838848920288e-05
1851,Vwf-Itgav,STomics,Kidney,Up,1.804343914,8.37249400730524e-05
1852,Hmgb1-Ly96,STomics,Kidney,Down,-1.92857187,8.37249400730524e-05
1853,Lamb1-Sv2b,STomics,Kidney,Up,2.275519186,9.83275029480634e-05
1854,Lrfn5-Ptprd,STomics,Kidney,Up,3.050638644,9.86320273012163e-05
1855,Lamb2-Cd44,STomics,Kidney,Up,1.532891868,9.93107392226063e-05
1856,Nrxn1-Nlgn2,STomics,Kidney,Up,2.507077679,0.000110187
1857,Nlgn2-Nrxn1,STomics,Kidney,Up,2.507077679,0.000110187
1858,Cfh-Itgam,STomics,Kidney,Up,1.650116693,0.000111622
1859,Fgf14-Fgfr4,STomics,Kidney,Up,2.392763416,0.000113446
1860,F13a1-Itgb1,STomics,Kidney,Up,1.93274487,0.000114275
1861,Cxcl12-Dpp4,STomics,Kidney,Down,-1.250816905,0.000133965
1862,Wnt5b-Fzd4,STomics,Kidney,Down,-1.282491724,0.000136082
1863,Mdk-Itga6,STomics,Kidney,Down,-2.04348606,0.000141451
1864,Icam1-Itgam,STomics,Kidney,Up,2.218219528,0.000141451
1865,Timp1-Cd63,STomics,Kidney,Up,2.954026857,0.000147259
1866,Lrrtm4-Nrxn3,STomics,Kidney,Up,4.651669347,0.000147259
1867,App-Tspan15,STomics,Kidney,Down,-1.020308302,0.000151931
1868,Hdc-Hrh1,STomics,Kidney,Up,2.44151769,0.000155645
1869,Pdgfc-Pdgfrb,STomics,Kidney,Down,-1.13043647,0.000160601
1870,Lcn2-Slc22a17,STomics,Kidney,Up,3.72745562,0.000173376
1871,Ddc-Htr2c,STomics,Kidney,Up,2.225859943,0.000182366
1872,Vegfa-Ptprz1,STomics,Kidney,Up,2.141609751,0.000193391
1873,Hmgb1-Ager,STomics,Kidney,Up,1.340151816,0.000218594
1874,Lrrc4c-Ptprf,STomics,Kidney,Up,2.127885733,0.000234478
1875,Igf2-Igf1r,STomics,Kidney,Up,1.196177284,0.000240466
1876,Lamc1-Sv2b,STomics,Kidney,Up,2.410500808,0.000247723
1877,C3-Itgb2,STomics,Kidney,Up,1.585960222,0.000258507
1878,Tnr-Sdc4,STomics,Kidney,Up,1.547716606,0.000309821
1879,Egf-Cav1,STomics,Kidney,Down,-2.129492251,0.000320647
1880,Fgf12-Fgfr3,STomics,Kidney,Up,1.496354049,0.000333728
1881,Nrxn3-Nlgn1,STomics,Kidney,Up,2.795914107,0.000361767
1882,Nlgn1-Nrxn3,STomics,Kidney,Up,2.795914107,0.000361767
1883,Col9a1-Sdc4,STomics,Kidney,Up,1.868654708,0.000370553
1884,Fgf1-Cd44,STomics,Kidney,Up,1.425588746,0.000420205
1885,Spon2-Itgb1,STomics,Kidney,Up,2.124686622,0.000434776
1886,Serping1-Selp,STomics,Kidney,Up,1.903920281,0.000439107
1887,Efna1-Epha6,STomics,Kidney,Up,1.52478711,0.000444824
1888,C3-Itgam,STomics,Kidney,Up,1.888763635,0.000446418
1889,Il34-Csf1r,STomics,Kidney,Up,1.430120332,0.000446418
1890,Il15-Il15ra,STomics,Kidney,Down,-1.161842041,0.000498678
1891,Efna5-Epha6,STomics,Kidney,Up,2.262680111,0.000507878
1892,Grem1-Kdr,STomics,Kidney,Up,2.845428197,0.000507878
1893,S100a1-Ryr1,STomics,Kidney,Up,1.198376364,0.000534722
1894,C3-Nrp1,STomics,Kidney,Up,0.851326676,0.000538277
1895,Hdc-Hrh2,STomics,Kidney,Up,2.607755738,0.000538277
1896,Agrn-Atp1a3,STomics,Kidney,Up,3.224261476,0.000538277
1897,Fgf20-Fgfr1,STomics,Kidney,Down,-1.135124294,0.000543502
1898,Egf-Nrp1,STomics,Kidney,Down,-0.998851683,0.00057725
1899,Calm3-Kcnq3,STomics,Kidney,Up,1.271825056,0.00057725
1900,Ntn4-Dcc,STomics,Kidney,Up,2.92581587,0.00057725
1901,Ntn4-Unc5d,STomics,Kidney,Up,2.177075619,0.00057725
1902,C1qa-Cd93,STomics,Kidney,Up,0.986673063,0.000578141
1903,Tenm1-Adgrl1,STomics,Kidney,Up,2.282933851,0.000595054
1904,Icam1-Spn,STomics,Kidney,Up,1.687854622,0.000595054
1905,Plau-Plaur,STomics,Kidney,Up,1.76339699,0.0006038
1906,S100a10-Trpv6,STomics,Kidney,Up,1.690313763,0.000648101
1907,C1qa-Cd33,STomics,Kidney,Up,2.244695593,0.000683021
1908,Tnr-Sdc1,STomics,Kidney,Up,1.630514789,0.000701972
1909,Timp1-Itgb1,STomics,Kidney,Up,3.057684599,0.000744189
1910,Egf-Erbb2,STomics,Kidney,Down,-1.452361384,0.000751041
1911,Icam1-Muc1,STomics,Kidney,Up,1.98433303,0.000751118
1912,Lpl-Lrp2,STomics,Kidney,Down,-0.758839405,0.000769581
1913,Il1rapl1-Ptprs,STomics,Kidney,Up,2.130735476,0.000791099
1914,Cd24a-Selp,STomics,Kidney,Up,2.293219938,0.000824588
1915,Gnai2-P2ry12,STomics,Kidney,Up,1.347224858,0.00083221
1916,Afdn-Nectin3,STomics,Kidney,Down,-0.742120462,0.000872516
1917,Igf2-Insr,STomics,Kidney,Up,0.891396362,0.000959469
1918,C4b-Cd46,STomics,Kidney,Up,1.740057041,0.000982822
1919,Gnas-Gcgr,STomics,Kidney,Down,-1.59522649,0.000984305
1920,Ccn2-Itgam,STomics,Kidney,Up,2.084284056,0.001017643
1921,Efnb1-Epha5,STomics,Kidney,Up,1.584627577,0.001051438
1922,Ins2-Insr,STomics,Kidney,Up,1.384601874,0.001051438
1923,Ddc-Htr1f,STomics,Kidney,Up,2.30805868,0.001051438
1924,Ybx1-Notch1,STomics,Kidney,Down,-0.757798186,0.001064527
1925,Pla2g5-Pla2r1,STomics,Kidney,Down,-1.839265782,0.001107097
1926,C3-Lrp1,STomics,Kidney,Up,0.89324454,0.001122761
1927,Efnb2-Grm1,STomics,Kidney,Up,1.843953854,0.001149546
1928,C4a-Nrp1,STomics,Kidney,Up,1.326557743,0.001160668
1929,Ntn1-Unc5d,STomics,Kidney,Up,1.8912934,0.001211582
1930,Adam9-Itga6,STomics,Kidney,Down,-1.3310515,0.001211582
1931,Plat-Itgam,STomics,Kidney,Up,1.262409822,0.001230826
1932,Gnas-Vipr1,STomics,Kidney,Down,-1.806152053,0.001237642
1933,Adipoq-Adipor2,STomics,Kidney,Down,-1.849137211,0.001245775
1934,Lamc2-Cd44,STomics,Kidney,Up,1.591512342,0.001300666
1935,Ggt1-Cysltr1,STomics,Kidney,Up,1.265072475,0.001325154
1936,C1qb-Lrp1,STomics,Kidney,Up,0.77248368,0.001334698
1937,Adam10-Notch3,STomics,Kidney,Down,-0.836458275,0.001334698
1938,Mdk-Lrp1,STomics,Kidney,Down,-1.353630668,0.001386299
1939,Lipa-Rorc,STomics,Kidney,Down,-1.790866598,0.001397836
1940,Ntn1-Dcc,STomics,Kidney,Up,2.240288206,0.001455919
1941,Igfbp4-Lrp6,STomics,Kidney,Down,-1.449982509,0.001455919
1942,Tfpi-Vldlr,STomics,Kidney,Down,-1.373039152,0.001479669
1943,Jam3-Jam3,STomics,Kidney,Down,-1.601260097,0.001603738
1944,Lamb2-Sv2c,STomics,Kidney,Up,2.099267524,0.001603738
1945,F13a1-Itga9,STomics,Kidney,Up,2.180537237,0.001603738
1946,Fn1-Plaur,STomics,Kidney,Up,1.255581182,0.001647014
1947,Lamc3-Cd44,STomics,Kidney,Up,1.22559421,0.001650101
1948,Nectin1-Nectin1,STomics,Kidney,Down,-1.042084086,0.001650101
1949,Pdgfb-Pdgfrb,STomics,Kidney,Down,-1.045405874,0.001650101
1950,C3-Cd46,STomics,Kidney,Up,1.22905539,0.001674862
1951,Mfap2-Notch1,STomics,Kidney,Down,-1.213064666,0.001867862
1952,Adam17-Itga6,STomics,Kidney,Down,-0.985809024,0.001915674
1953,Ntn1-Dscam,STomics,Kidney,Up,2.130855714,0.001963459
1954,Cd44-Tyrobp,STomics,Kidney,Up,1.438381651,0.001975009
1955,Vwf-Lrp1,STomics,Kidney,Up,1.592796445,0.002008564
1956,Gnb1-Kcnj6,STomics,Kidney,Up,0.980664409,0.002054909
1957,Arf1-Pld2,STomics,Kidney,Down,-0.831280487,0.002070969
1958,App-Tnfrsf21,STomics,Kidney,Down,-1.119660282,0.002070969
1959,Gnas-Avpr2,STomics,Kidney,Down,-1.12242037,0.002070969
1960,Bsg-Cd44,STomics,Kidney,Up,0.728247544,0.002084238
1961,Cdh1-Itgb7,STomics,Kidney,Up,1.066708945,0.002197773
1962,Dpep1-Cysltr1,STomics,Kidney,Up,1.13972671,0.002248885
1963,C3-C3ar1,STomics,Kidney,Up,1.743901497,0.002248885
1964,Apoc1-Vldlr,STomics,Kidney,Down,-1.488495069,0.002248885
1965,Ncam2-L1cam,STomics,Kidney,Up,1.03335716,0.002248885
1966,Fn1-Itgb8,STomics,Kidney,Down,-0.879462246,0.002303488
1967,Serpine2-Plaur,STomics,Kidney,Up,1.786906419,0.002303488
1968,Lgals3-Mag,STomics,Kidney,Up,1.944928597,0.002528088
1969,Bmp4-Acvr2a,STomics,Kidney,Down,-1.107053047,0.0025976
1970,Ddc-Htr2b,STomics,Kidney,Up,1.757933992,0.002636173
1971,Gnai2-Lpar3,STomics,Kidney,Down,-1.913337795,0.002636173
1972,Arf4-Lrp2,STomics,Kidney,Down,-0.965684042,0.002766566
1973,Apom-Lrp2,STomics,Kidney,Down,-1.092184701,0.002841542
1974,Vegfa-Flt1,STomics,Kidney,Down,-0.6193939,0.002999914
1975,Sema3f-Plxna3,STomics,Kidney,Up,1.905090624,0.003143991
1976,Gng12-Kcnj6,STomics,Kidney,Up,1.01644547,0.003169422
1977,Col3a1-Itgb1,STomics,Kidney,Down,-0.719207851,0.003224301
1978,Gnai2-Cav1,STomics,Kidney,Down,-1.359508099,0.003531171
1979,Bgn-Tlr2,STomics,Kidney,Up,1.800224624,0.003531171
1980,Mdk-Notch2,STomics,Kidney,Down,-1.119770153,0.003531171
1981,Fgf2-Fgfr3,STomics,Kidney,Up,1.539509873,0.003534985
1982,Fgf13-Fgfr3,STomics,Kidney,Up,1.163369746,0.003534985
1983,Dll4-Notch3,STomics,Kidney,Down,-1.394704776,0.003534985
1984,Nampt-Insr,STomics,Kidney,Down,-0.97716874,0.003534985
1985,Ptdss1-Jmjd6,STomics,Kidney,Down,-0.980689262,0.003534985
1986,Il1rapl1-Ptprd,STomics,Kidney,Up,1.819217323,0.003534985
1987,Ptprd-Il1rapl1,STomics,Kidney,Up,1.819217323,0.003534985
1988,Nectin3-Nectin3,STomics,Kidney,Down,-1.064712616,0.003578065
1989,Cxcl9-Dpp4,STomics,Kidney,Down,-0.998706213,0.003578065
1990,Mmp9-Lrp1,STomics,Kidney,Up,1.176275096,0.003578065
1991,Ncam1-Gfra1,STomics,Kidney,Up,1.248234788,0.003607738
1992,App-Adra2a,STomics,Kidney,Down,-0.922544748,0.003720083
1993,Psen1-Ephb2,STomics,Kidney,Up,0.814504601,0.003735357
1994,Jag2-Notch3,STomics,Kidney,Down,-1.304235139,0.003767759
1995,Wnt5b-Fzd5,STomics,Kidney,Down,-1.569321134,0.003804422
1996,Clstn2-Nrxn3,STomics,Kidney,Up,2.297906886,0.003826784
1997,L1cam-Itgb3,STomics,Kidney,Up,1.34959799,0.003845907
1998,Wnt5b-Lrp6,STomics,Kidney,Down,-1.109552696,0.003845907
1999,App-Cd47,STomics,Kidney,Down,-0.863803069,0.003845907
2000,Jag2-Notch1,STomics,Kidney,Down,-0.956842637,0.003882649
2001,C3-Itgax,STomics,Kidney,Up,0.980183099,0.003897282
2002,Fgf2-Cd44,STomics,Kidney,Up,1.580328193,0.003908618
2003,App-Drd3,STomics,Kidney,Up,2.759962095,0.003908618
2004,Tnfsf12-Egfr,STomics,Kidney,Down,-1.088372296,0.003908618
2005,Hbegf-Cd44,STomics,Kidney,Up,1.663534217,0.00396493
2006,Igf1-Insr,STomics,Kidney,Down,-1.038424213,0.003973592
2007,Serpine1-Lrp2,STomics,Kidney,Up,1.059920037,0.003973592
2008,Fgf12-Fgfr2,STomics,Kidney,Up,1.386832655,0.004083288
2009,Egf-Erbb3,STomics,Kidney,Down,-1.279619423,0.004178599
2010,Ncam1-Agrn,STomics,Kidney,Up,0.961046592,0.004212111
2011,Lama5-Sv2c,STomics,Kidney,Up,1.754619143,0.004223422
2012,Adipoq-Adipor1,STomics,Kidney,Down,-1.814756373,0.004238828
2013,Bsg-Spn,STomics,Kidney,Up,0.814370292,0.00427191
2014,Tenm2-Adgrl1,STomics,Kidney,Up,0.913531681,0.004416298
2015,Cntn2-Nrp1,STomics,Kidney,Up,1.519786241,0.004416298
2016,Bmp6-Acvr2a,STomics,Kidney,Down,-1.401427428,0.004466939
2017,Icam2-Itgam,STomics,Kidney,Up,1.495434975,0.004492496
2018,Egf-Erbb4,STomics,Kidney,Down,-1.064073403,0.004593572
2019,Adam10-Gpnmb,STomics,Kidney,Up,1.297231534,0.004607716
2020,Calm2-Kcnq3,STomics,Kidney,Up,1.194122564,0.004691394
2021,Postn-Egfr,STomics,Kidney,Down,-1.587085701,0.004703494
2022,Bgn-P2rx7,STomics,Kidney,Up,1.047279869,0.004703494
2023,Sema6b-Plxna2,STomics,Kidney,Up,0.855256336,0.004747186
2024,Pdgfb-Lrp1,STomics,Kidney,Down,-0.89838152,0.004779378
2025,Efnb2-Epha3,STomics,Kidney,Down,-1.074586298,0.004893734
2026,Nectin3-Nectin1,STomics,Kidney,Down,-1.073986537,0.004893734
2027,Nectin1-Nectin3,STomics,Kidney,Down,-1.073986537,0.004893734
2028,Lrrtm4-Nrxn2,STomics,Kidney,Up,2.206071514,0.004986831
2029,Adam17-Cd9,STomics,Kidney,Down,-1.266024438,0.005040366
2030,Vcam1-Itgb7,STomics,Kidney,Up,1.341169124,0.005040366
2031,Lamc2-Itgb4,STomics,Kidney,Up,1.086068147,0.005159729
2032,Efnb1-Egfr,STomics,Kidney,Down,-0.655230222,0.005159729
2033,Lpar3-Adgre5,STomics,Kidney,Down,-2.195335354,0.005159729
2034,Flrt2-Adgrl1,STomics,Kidney,Down,-0.919759857,0.005159729
2035,Bmp6-Bmpr1a,STomics,Kidney,Down,-1.152217291,0.005159729
2036,Bmp4-Bmpr2,STomics,Kidney,Down,-0.781052803,0.005215008
2037,Wnt5b-Fzd3,STomics,Kidney,Down,-1.235381023,0.00541457
2038,Wnt5b-Sfrp1,STomics,Kidney,Down,-1.117859048,0.005417101
2039,Col6a4-Sdc4,STomics,Kidney,Up,0.994399211,0.005448306
2040,Apob-Mttp,STomics,Kidney,Down,-1.052681894,0.005448306
2041,Adam10-Tspan15,STomics,Kidney,Down,-1.045570649,0.005525301
2042,App-Vldlr,STomics,Kidney,Down,-0.994019253,0.005541121
2043,Gnas-Pth1r,STomics,Kidney,Down,-0.943198454,0.005598135
2044,Hras-Cav1,STomics,Kidney,Down,-1.273325667,0.00562047
2045,Inhba-Tgfbr3,STomics,Kidney,Up,1.293910769,0.00585957
2046,Vwf-Itgb3,STomics,Kidney,Up,2.200102417,0.006050444
2047,Col4a1-Itgb8,STomics,Kidney,Down,-0.753764646,0.006050444
2048,Fgf2-Fgfr2,STomics,Kidney,Up,1.018131082,0.006149736
2049,Srd5a2-Ar,STomics,Kidney,Down,-1.111633562,0.006149736
2050,Calm1-Kcnn4,STomics,Kidney,Up,0.797243837,0.006149736
2051,Tenm1-Adgrl3,STomics,Kidney,Up,3.134340738,0.00631105
2052,Il27-Il6st,STomics,Kidney,Up,1.873018853,0.006400188
2053,Arf6-Pld1,STomics,Kidney,Down,-0.835969533,0.00679077
2054,Cdh4-Cdh4,STomics,Kidney,Up,2.894532483,0.00679077
2055,Col4a4-Cd44,STomics,Kidney,Up,1.148833302,0.00679077
2056,Chl1-L1cam,STomics,Kidney,Up,1.78721062,0.00679077
2057,Bmp7-Acvr2a,STomics,Kidney,Down,-1.020119419,0.006794685
2058,Wnt5b-Fzd8,STomics,Kidney,Down,-1.513540379,0.00687638
2059,Sema6b-Plxna4,STomics,Kidney,Up,1.354350954,0.006887749
2060,Cdh5-Cdh5,STomics,Kidney,Down,-1.12738834,0.007104327
2061,Rspo3-Lgr4,STomics,Kidney,Down,-1.409828118,0.007173699
2062,Fn1-Mag,STomics,Kidney,Up,1.307396354,0.007197739
2063,Clstn3-Nrxn3,STomics,Kidney,Up,1.558235707,0.00720558
2064,Agrn-Musk,STomics,Kidney,Up,2.453225614,0.007372982
2065,Adam10-Notch1,STomics,Kidney,Down,-0.787559381,0.007388044
2066,Bsg-Cav1,STomics,Kidney,Down,-1.288090887,0.007388044
2067,Fgf2-Itgav,STomics,Kidney,Up,1.336174469,0.007388044
2068,Alb-Lrp2,STomics,Kidney,Down,-1.757496631,0.007388044
2069,Fgf13-Fgfr2,STomics,Kidney,Up,1.34189723,0.007661223
2070,C1qb-Cd33,STomics,Kidney,Up,1.898808288,0.0076865
2071,Epo-Epor,STomics,Kidney,Up,1.236236745,0.007713897
2072,Afdn-Nectin1,STomics,Kidney,Down,-0.744472535,0.007891766
2073,Adam10-Tspan14,STomics,Kidney,Down,-1.032834013,0.008008442
2074,App-Sorcs1,STomics,Kidney,Up,1.896491546,0.00810351
2075,Calm2-Adcy8,STomics,Kidney,Up,1.912343838,0.008217206
2076,Col6a2-Cd44,STomics,Kidney,Up,1.246278494,0.008265495
2077,Anxa2-Cd44,STomics,Kidney,Up,1.081496904,0.008298114
2078,Col6a6-Sdc1,STomics,Kidney,Up,1.288686907,0.008301487
2079,Dll1-Notch1,STomics,Kidney,Down,-0.888117295,0.008452398
2080,Shank1-Adgrl1,STomics,Kidney,Up,1.631234014,0.008479758
2081,Fgl1-Egfr,STomics,Kidney,Down,-1.011384344,0.008739378
2082,Jag1-Notch3,STomics,Kidney,Down,-0.910241106,0.008740693
2083,Sdc2-Adgra2,STomics,Kidney,Down,-0.712663594,0.008757021
2084,Vegfd-Itga9,STomics,Kidney,Up,0.674069574,0.008854751
2085,Bmp4-Bmpr1a,STomics,Kidney,Down,-0.984484911,0.008866241
2086,Gdnf-Sorl1,STomics,Kidney,Up,1.085259056,0.009019974
2087,Nell2-Robo3,STomics,Kidney,Up,1.449522929,0.009019974
2088,Lama5-Cd44,STomics,Kidney,Up,0.97774729,0.009403087
2089,Lif-Il6st,STomics,Kidney,Up,1.380659476,0.009403087
2090,F2-Pard3,STomics,Kidney,Up,1.390367905,0.009430136
2091,Ntn4-Ntrk2,STomics,Kidney,Up,1.274040642,0.009433431
2092,Hbegf-Erbb3,STomics,Kidney,Up,0.830627155,0.009833929
2093,Ace-Bdkrb2,STomics,Kidney,Up,2.135431908,0.009976017
2094,Mdk-Itga4,STomics,Kidney,Down,-1.160253589,0.01003677
2095,Cxcl12-Avpr1a,STomics,Kidney,Down,-0.976325847,0.010217668
2096,Jam3-Itgb1,STomics,Kidney,Down,-0.656072052,0.010245351
2097,Slit2-Robo4,STomics,Kidney,Down,-0.813197159,0.01037046
2098,Reln-Lrp8,STomics,Kidney,Up,1.062551116,0.010546037
2099,Gnas-Adrb2,STomics,Kidney,Down,-2.108971054,0.01089702
2100,Ptn-Alk,STomics,Kidney,Up,1.310483208,0.011091753
2101,Efnb1-Epha6,STomics,Kidney,Up,0.910893782,0.011151688
2102,Inhba-Tgfbr1,STomics,Kidney,Up,0.965045966,0.011151688
2103,Efna1-Epha1,STomics,Kidney,Down,-1.237206798,0.011151688
2104,Hsd17b12-Ar,STomics,Kidney,Down,-0.718427957,0.011158959
2105,Lama2-Sv2c,STomics,Kidney,Up,2.688822912,0.011648403
2106,Rtn4-Rtn4rl2,STomics,Kidney,Up,1.854481848,0.012016622
2107,Lrpap1-Vldlr,STomics,Kidney,Down,-1.095374369,0.012016622
2108,Vegfc-Flt4,STomics,Kidney,Down,-0.913511395,0.012168852
2109,Tnc-Itga7,STomics,Kidney,Up,1.368768354,0.012291072
2110,Dag1-Nrxn3,STomics,Kidney,Up,1.008533859,0.012309372
2111,Wnt3a-Lrp1,STomics,Kidney,Up,1.809947572,0.012686467
2112,Fgf14-Fgfr1,STomics,Kidney,Up,1.320765946,0.012793504
2113,Lamb1-Sv2a,STomics,Kidney,Down,-0.574591861,0.01289292
2114,Lgals9-P4hb,STomics,Kidney,Down,-1.13121984,0.013134574
2115,Bmp8b-Bmpr2,STomics,Kidney,Up,1.320354056,0.013134574
2116,Spon1-Lrp8,STomics,Kidney,Up,1.662404311,0.013525006
2117,Calm1-Kcnq3,STomics,Kidney,Up,0.815370252,0.013771156
2118,Inhba-Eng,STomics,Kidney,Up,0.86941348,0.01411623
2119,Wnt5a-Fzd1,STomics,Kidney,Down,-1.523617067,0.01426098
2120,Col1a2-Itgb1,STomics,Kidney,Down,-0.635041258,0.014290037
2121,Lipc-Lrp1,STomics,Kidney,Up,1.056115573,0.014334414
2122,Mdk-Sdc2,STomics,Kidney,Down,-1.467676877,0.014493036
2123,Nxph1-Nrxn3,STomics,Kidney,Up,2.368402312,0.015086911
2124,Igfbp4-Fzd8,STomics,Kidney,Down,-1.919363964,0.015198883
2125,Lamb1-Itga6,STomics,Kidney,Down,-0.892042577,0.015328529
2126,Kng2-Bdkrb2,STomics,Kidney,Up,2.252014654,0.015699885
2127,Cd55-Adgre5,STomics,Kidney,Down,-1.399974935,0.015836621
2128,Adgre5-Cd55,STomics,Kidney,Down,-1.399974935,0.015836621
2129,Lamc2-Itga3,STomics,Kidney,Up,0.78202002,0.016064799
2130,Lamb1-Sv2c,STomics,Kidney,Up,2.063472661,0.016147278
2131,Fgf2-Kit,STomics,Kidney,Up,0.88925854,0.016247591
2132,Col4a3-Cd44,STomics,Kidney,Up,1.116113544,0.016288804
2133,App-Dcc,STomics,Kidney,Up,1.918395266,0.016319673
2134,Vegfc-Kdr,STomics,Kidney,Down,-0.721297472,0.016319673
2135,Nrg2-Erbb3,STomics,Kidney,Up,1.300372601,0.016319673
2136,Lman1-Mcfd2,STomics,Kidney,Down,-1.413807472,0.01659383
2137,Sema4d-Met,STomics,Kidney,Down,-0.552332535,0.01659383
2138,Bmp7-Acvr1,STomics,Kidney,Down,-0.892730092,0.017910062
2139,Clu-Lrp8,STomics,Kidney,Up,1.548788775,0.017910062
2140,Akr1d1-Ar,STomics,Kidney,Down,-1.487847245,0.018000068
2141,Icam1-Il2ra,STomics,Kidney,Up,1.524480773,0.018200957
2142,Bsg-Slc16a7,STomics,Kidney,Down,-0.494140024,0.018447843
2143,Thbs1-Itgb3,STomics,Kidney,Up,1.403601194,0.018522542
2144,Calm1-Adcy8,STomics,Kidney,Up,1.634546445,0.018522542
2145,Pecam1-Cd38,STomics,Kidney,Down,-0.600477816,0.018717152
2146,Cd38-Pecam1,STomics,Kidney,Down,-0.600477816,0.018717152
2147,Bsg-Slc16a1,STomics,Kidney,Down,-1.216031989,0.018796941
2148,Adam17-Notch1,STomics,Kidney,Down,-0.612849263,0.018833968
2149,Tgfb2-Eng,STomics,Kidney,Down,-0.814840292,0.019037949
2150,Fn1-Nt5e,STomics,Kidney,Down,-0.884021256,0.019144647
2151,Vtn-Itgav,STomics,Kidney,Up,1.506597505,0.019578187
2152,Ddc-Htr1b,STomics,Kidney,Up,1.66096216,0.01957977
2153,Efnb2-Epha6,STomics,Kidney,Up,1.428668658,0.019926014
2154,Bmp3-Acvr2b,STomics,Kidney,Up,1.496654968,0.020029994
2155,Col1a1-Ddr1,STomics,Kidney,Down,-0.85367139,0.020029994
2156,Lipa-Rora,STomics,Kidney,Down,-1.055327585,0.020155111
2157,Igfbp3-Tmem219,STomics,Kidney,Down,-1.283448548,0.020236588
2158,Apoa1-Lrp2,STomics,Kidney,Down,-0.797580018,0.020348956
2159,Pgf-Egfr,STomics,Kidney,Up,0.87602846,0.020699788
2160,Calm1-Grm4,STomics,Kidney,Up,1.098731789,0.021041558
2161,Calm2-Trpc5,STomics,Kidney,Up,1.523012812,0.021235608
2162,Nlgn3-Ptprd,STomics,Kidney,Up,1.284460144,0.021270876
2163,Angpt4-Tek,STomics,Kidney,Down,-1.054105233,0.021460377
2164,Igfbp5-Cav1,STomics,Kidney,Down,-1.263876884,0.021511824
2165,Vegfa-Itgb3,STomics,Kidney,Up,0.86953672,0.02173854
2166,Postn-Itgb1,STomics,Kidney,Down,-1.121241209,0.02173854
2167,App-Tspan12,STomics,Kidney,Down,-0.660740405,0.021904006
2168,Gnb2-Kcnj6,STomics,Kidney,Up,1.2912333,0.0220291
2169,Flrt3-Adgrl2,STomics,Kidney,Down,-1.034797896,0.0220291
2170,Vegfd-Fgfr2,STomics,Kidney,Up,0.602692518,0.0220291
2171,Gnai2-Lhcgr,STomics,Kidney,Up,2.020154268,0.0220291
2172,Clstn1-Nrxn3,STomics,Kidney,Up,1.133300367,0.022275176
2173,Fgf12-Fgfr4,STomics,Kidney,Up,1.028763205,0.022369513
2174,Tgfb2-Tgfbr1,STomics,Kidney,Down,-0.794139208,0.022373272
2175,Wnt5b-Fzd7,STomics,Kidney,Down,-1.365801275,0.022559465
2176,Angptl3-Itgb3,STomics,Kidney,Up,1.367530451,0.022688896
2177,Calm1-Fas,STomics,Kidney,Down,-0.649301132,0.022878736
2178,Ftl1-Scara5,STomics,Kidney,Down,-1.107822304,0.023198383
2179,Col4a5-Sdc4,STomics,Kidney,Down,-0.85482308,0.023341631
2180,Wnt5b-Frzb,STomics,Kidney,Up,0.83861961,0.023341631
2181,Gja1-Gja5,STomics,Kidney,Up,1.276998604,0.02339375
2182,C1qtnf1-Avpr2,STomics,Kidney,Up,1.088145572,0.023633264
2183,Oxt-Avpr2,STomics,Kidney,Up,1.250800573,0.023633264
2184,Mdk-Itgb1,STomics,Kidney,Down,-1.258951523,0.023697671
2185,Bgn-Tlr4,STomics,Kidney,Up,0.841779378,0.023697671
2186,Fn1-Itgb7,STomics,Kidney,Up,0.853380669,0.023697671
2187,Dhcr7-Rorc,STomics,Kidney,Down,-0.987231915,0.023775499
2188,Calm3-Adcy8,STomics,Kidney,Up,1.842715285,0.023953456
2189,Mfng-Notch1,STomics,Kidney,Down,-0.753052797,0.024123488
2190,Tnxb-Sdc1,STomics,Kidney,Up,0.766613507,0.024417488
2191,Lama1-Itgb8,STomics,Kidney,Down,-1.200748314,0.024724012
2192,Spp1-Itga8,STomics,Kidney,Down,-0.705546765,0.024816238
2193,Lamb3-Sv2a,STomics,Kidney,Up,1.006450406,0.024885428
2194,Gas6-Mertk,STomics,Kidney,Down,-0.824795118,0.024885428
2195,Fgf22-Fgfr2,STomics,Kidney,Up,1.060700712,0.024885428
2196,Jam3-F11r,STomics,Kidney,Down,-0.966557954,0.024975498
2197,F11r-Jam3,STomics,Kidney,Down,-0.966557954,0.024975498
2198,Slpi-Plscr4,STomics,Kidney,Up,1.17673414,0.025144192
2199,Wnt3a-Igf1r,STomics,Kidney,Up,1.681397451,0.026118091
2200,Adam17-Tnfrsf1a,STomics,Kidney,Down,-0.583072403,0.026318867
2201,Col4a4-Gp6,STomics,Kidney,Up,1.227327235,0.026339911
2202,Alcam-Cd6,STomics,Kidney,Up,1.114617489,0.026422365
2203,Cd6-Alcam,STomics,Kidney,Up,1.114617489,0.026422365
2204,Calm3-Trpc5,STomics,Kidney,Up,1.433325896,0.026422365
2205,Vegfb-Flt1,STomics,Kidney,Down,-0.58632793,0.02740329
2206,Tenm1-Adgrl2,STomics,Kidney,Up,1.841395012,0.027455661
2207,Entpd1-Adora1,STomics,Kidney,Up,1.538638049,0.027572702
2208,Gdf10-Acvr1,STomics,Kidney,Down,-1.162616123,0.027844164
2209,Icam1-Itgb2,STomics,Kidney,Up,0.815164045,0.027936039
2210,Itgb2-Icam1,STomics,Kidney,Up,0.815164045,0.027936039
2211,Sirpa-Cd47,STomics,Kidney,Down,-0.938791548,0.028177877
2212,Cd47-Sirpa,STomics,Kidney,Down,-0.938791548,0.028177877
2213,Ocln-Ocln,STomics,Kidney,Down,-0.958271121,0.028763322
2214,Hmgb1-Thbd,STomics,Kidney,Down,-0.818474866,0.028860815
2215,Mdk-Sdc3,STomics,Kidney,Down,-1.386304868,0.028886137
2216,Lamc1-Sv2c,STomics,Kidney,Up,1.595939871,0.028886137
2217,Gdf10-Bmpr1a,STomics,Kidney,Down,-1.118879424,0.028886137
2218,Vegfa-Kdr,STomics,Kidney,Down,-0.546756191,0.029129
2219,Efnb2-Pecam1,STomics,Kidney,Down,-0.536201284,0.029185574
2220,App-Notch1,STomics,Kidney,Down,-0.735369903,0.029240345
2221,Slit2-Plxna1,STomics,Kidney,Down,-0.588393237,0.029240345
2222,Afdn-Nrxn3,STomics,Kidney,Up,1.258543043,0.02950751
2223,Afdn-F11r,STomics,Kidney,Down,-0.466606219,0.02950751
2224,Slit2-App,STomics,Kidney,Down,-0.846213335,0.029521403
2225,Aldh1a1-Rorb,STomics,Kidney,Up,1.627592649,0.029539507
2226,Tenm3-Adgrl1,STomics,Kidney,Up,0.758493717,0.030405061
2227,Plg-Lrp2,STomics,Kidney,Up,1.718911342,0.03156121
2228,Vegfa-Ptprb,STomics,Kidney,Down,-0.459632985,0.031795388
2229,Gdf11-Acvr1b,STomics,Kidney,Down,-0.642104673,0.032530596
2230,Csf1-Csf1r,STomics,Kidney,Up,0.567851336,0.032573256
2231,Bmp6-Bmpr2,STomics,Kidney,Down,-0.962215484,0.032736706
2232,Calm3-Scn10a,STomics,Kidney,Up,2.088053631,0.032756166
2233,Thbs4-Cd47,STomics,Kidney,Down,-1.007713939,0.032989929
2234,Cp-Slc40a1,STomics,Kidney,Down,-0.825689154,0.033167943
2235,Fbn1-Itgb3,STomics,Kidney,Up,1.187335342,0.03372107
2236,Sost-Lrp6,STomics,Kidney,Up,1.20954425,0.033795727
2237,Col6a6-Sdc4,STomics,Kidney,Up,0.766575744,0.034679281
2238,Lamc2-Itgb1,STomics,Kidney,Up,0.667282608,0.034866074
2239,Vcl-Alk,STomics,Kidney,Up,1.456065541,0.034866074
2240,Tgfb2-Tgfbr2,STomics,Kidney,Down,-0.633663834,0.035245571
2241,Col2a1-Itgav,STomics,Kidney,Up,1.080119086,0.035513491
2242,Cx3cl1-Itgb3,STomics,Kidney,Up,0.678622931,0.035513491
2243,Col4a3-Cd47,STomics,Kidney,Down,-0.502204717,0.035642737
2244,Srd5a3-Ar,STomics,Kidney,Down,-1.081041708,0.036144855
2245,Angptl2-Pirb,STomics,Kidney,Up,0.818986426,0.036144855
2246,Ncam1-Ncam2,STomics,Kidney,Up,1.001568473,0.036144855
2247,Jag2-Notch4,STomics,Kidney,Down,-0.950513599,0.036556836
2248,Lama2-Cd44,STomics,Kidney,Up,1.655913783,0.036708657
2249,Wnt5b-Fzd6,STomics,Kidney,Down,-0.859649518,0.037111239
2250,Dll4-Notch4,STomics,Kidney,Down,-0.827761875,0.03783249
2251,Calm2-Scn10a,STomics,Kidney,Up,1.750540581,0.038169658
2252,Cntn1-Mcam,STomics,Kidney,Up,1.491311135,0.038468615
2253,Dll4-Notch1,STomics,Kidney,Down,-0.867130127,0.038528546
2254,Col18a1-Gpc1,STomics,Kidney,Up,0.789184077,0.038819495
2255,Hmgb1-Itgam,STomics,Kidney,Up,1.266901536,0.038819495
2256,Gng11-Kcnj6,STomics,Kidney,Up,0.888476857,0.038931412
2257,Adam9-Itgb1,STomics,Kidney,Down,-0.50395647,0.039590846
2258,Spp1-Itgb1,STomics,Kidney,Down,-0.583396005,0.041032066
2259,Serpine1-Vldlr,STomics,Kidney,Up,1.139652186,0.041921725
2260,Fth1-Scara5,STomics,Kidney,Down,-0.953320701,0.042193865
2261,Bmp2-Rgmb,STomics,Kidney,Up,0.789242472,0.042193865
2262,Fgf9-Fgfr1,STomics,Kidney,Down,-0.785211632,0.042193865
2263,Guca2b-Gucy2d,STomics,Kidney,Up,1.6359933,0.042193865
2264,Tgfb1-Itgb8,STomics,Kidney,Down,-0.646085545,0.042271096
2265,Npnt-Itga8,STomics,Kidney,Down,-0.599319504,0.042550189
2266,Inhba-Acvr1,STomics,Kidney,Up,1.200541193,0.042550189
2267,Dcn-Egfr,STomics,Kidney,Down,-0.600621681,0.04293933
2268,Cadm1-Cadm1,STomics,Kidney,Up,0.933117722,0.043130494
2269,Fgf10-Fgfr2,STomics,Kidney,Up,1.216908749,0.043148182
2270,Dhcr7-Nr1h2,STomics,Kidney,Down,-1.186562239,0.043601422
2271,Col4a1-Cd44,STomics,Kidney,Up,0.984061805,0.043601422
2272,Bmp7-Bmpr2,STomics,Kidney,Down,-0.752084042,0.043867606
2273,Tgfb2-Acvr1,STomics,Kidney,Down,-0.738792236,0.043896262
2274,Sema5a-Plxnb3,STomics,Kidney,Up,1.205784319,0.044287844
2275,Cdh1-Fgfr1,STomics,Kidney,Down,-0.632227191,0.0443263
2276,Lama1-Cd44,STomics,Kidney,Up,1.419442077,0.044975822
2277,Aplp2-Plxna4,STomics,Kidney,Up,0.643261061,0.045014397
2278,Angptl4-Cdh5,STomics,Kidney,Down,-0.584817741,0.046053804
2279,Slit1-Robo2,STomics,Kidney,Up,1.562305836,0.046053804
2280,Bmp7-Bmpr1a,STomics,Kidney,Down,-0.874337842,0.046053804
2281,Efnb1-Ephb4,STomics,Kidney,Down,-0.586570412,0.046053804
2282,Fn1-Sdc4,STomics,Kidney,Down,-0.579390029,0.046053804
2283,Bmp7-Eng,STomics,Kidney,Down,-0.72727383,0.046312172
2284,Itgav-Thy1,STomics,Kidney,Up,1.318347326,0.046312172
2285,Sema3f-Nrp2,STomics,Kidney,Up,0.551035169,0.047269904
2286,Tcn2-Lrp2,STomics,Kidney,Down,-0.79339825,0.047643385
2287,Cd14-Itgb2,STomics,Kidney,Up,0.895972123,0.047703221
2288,Adamts3-Ccbe1,STomics,Kidney,Up,0.739314179,0.047901494
2289,Col3a1-Adgrg1,STomics,Kidney,Down,-0.593863664,0.047901494
2290,Gjc1-Gjc1,STomics,Kidney,Down,-0.925595835,0.047989442
2291,Adam2-Itgb1,STomics,Kidney,Up,1.51169277,0.049137494
2292,Mmrn2-Clec14a,STomics,Kidney,Down,-0.859573587,0.049161413
2293,Ccl5-Sdc1,STomics,Kidney,Up,0.788461499,0.049225813
2294,Fbn1-Itgav,STomics,Kidney,Up,0.455553019,0.049427729
2295,Sema3f-Nrp1,STomics,Kidney,Up,0.592937511,0.049647363
2296,Apoe-Sorl1,STomics,Kidney,Up,0.586581108,0.049651602
2297,Hbegf-Cd82,STomics,Kidney,Up,0.815382385,0.049770391
2298,Gnai2-Adcy1,Visium,Liver,Up,2.444116383,3.69361626287531e-09
2299,Apoe-Trem2,Visium,Liver,Up,1.768217551,4.3571341430214505e-09
2300,Bgn-P2rx4,Visium,Liver,Up,0.766421074,9.10209594746579e-08
2301,Lpl-Vldlr,Visium,Liver,Up,1.398141546,2.25256581346461e-07
2302,Tnfsf12-Cd163,Visium,Liver,Down,-1.717142162,3.14535438341982e-07
2303,Hp-Cd163,Visium,Liver,Down,-1.270183028,6.2984421675264e-07
2304,Cdh1-Fgfr1,Visium,Liver,Down,-1.958461662,7.58000165677998e-07
2305,Sema6d-Trem2,Visium,Liver,Up,2.110116604,7.94727273776178e-07
2306,Cxcl12-Cxcr4,Visium,Liver,Up,1.76426676,4.28855939837425e-06
2307,Lgals9-Ighm,Visium,Liver,Up,1.270888175,4.28855939837425e-06
2308,Mif-Cxcr4,Visium,Liver,Up,1.659290798,4.28855939837425e-06
2309,Cdh1-Ptprm,Visium,Liver,Down,-2.095791278,4.76006445791363e-06
2310,Vcam1-Itgb1,Visium,Liver,Up,0.746162543,5.70732256927623e-06
2311,Bgn-P2rx7,Visium,Liver,Up,1.144328612,9.53734994112963e-06
2312,Hsp90aa1-Egfr,Visium,Liver,Down,-0.854983572,9.89025109099905e-06
2313,Vcam1-Itga9,Visium,Liver,Up,0.890842521,1.03743560483443e-05
2314,Hspa1b-Lrp1,Visium,Liver,Down,-1.123528376,1.36567662632983e-05
2315,Vcam1-Itgb2,Visium,Liver,Up,1.015107214,1.43746519373091e-05
2316,Col6a3-Sdc1,Visium,Liver,Up,1.217435326,1.48654967295201e-05
2317,Ccn2-Lrp1,Visium,Liver,Up,1.402926735,2.40528744536624e-05
2318,Postn-Egfr,Visium,Liver,Down,-1.094377247,4.03118766778009e-05
2319,Col6a2-Sdc1,Visium,Liver,Up,1.031176199,0.000131974
2320,Vcam1-Itgb7,Visium,Liver,Up,1.393788524,0.000133656
2321,Col6a3-Cd44,Visium,Liver,Up,1.057112001,0.000159609
2322,Cyp17a1-Ar,Visium,Liver,Up,1.194518333,0.000183912
2323,Tgfa-Egfr,Visium,Liver,Down,-1.043612466,0.000183912
2324,Il1a-Il1rap,Visium,Liver,Down,-0.986993613,0.000183912
2325,Efnb1-Egfr,Visium,Liver,Down,-0.956104341,0.000189574
2326,Ccn2-Fgfr2,Visium,Liver,Up,1.170167643,0.000226114
2327,Hmgb1-Cxcr4,Visium,Liver,Up,1.503748973,0.000248101
2328,Pcsk9-Vldlr,Visium,Liver,Up,0.779679412,0.000271214
2329,Fga-Itgax,Visium,Liver,Up,1.08101273,0.00033313
2330,Ccn2-Lrp6,Visium,Liver,Up,1.420014198,0.000370158
2331,Col6a1-Sdc1,Visium,Liver,Up,0.96377173,0.000393318
2332,Tnxb-Sdc1,Visium,Liver,Up,1.013108066,0.000437605
2333,Col4a3-Sdc1,Visium,Liver,Up,2.715065822,0.000663606
2334,F11r-Jam2,Visium,Liver,Down,-0.711727652,0.000711797
2335,Jam2-F11r,Visium,Liver,Down,-0.711727652,0.000711797
2336,Lpl-Lrp1,Visium,Liver,Up,0.859058547,0.00083132
2337,Col5a3-Sdc3,Visium,Liver,Up,0.785149335,0.000906431
2338,Ltbp3-Itgb5,Visium,Liver,Up,0.790347996,0.000991517
2339,Il1rap-Ptprf,Visium,Liver,Down,-0.476655983,0.001245491
2340,Col4a5-Itgb1,Visium,Liver,Down,-0.946264478,0.001348048
2341,C3-Itgax,Visium,Liver,Up,1.127364661,0.001582906
2342,F2-Thbd,Visium,Liver,Down,-0.588043491,0.001713624
2343,Proc-Tek,Visium,Liver,Down,-0.504128283,0.001932326
2344,Bgn-Fgfr3,Visium,Liver,Up,0.570119961,0.002245019
2345,Lpl-Sdc1,Visium,Liver,Up,1.208508672,0.002245019
2346,Mfge8-Pdgfrb,Visium,Liver,Up,0.899998488,0.002273265
2347,Sult2a3-Pparg,Visium,Liver,Up,2.004403497,0.002576143
2348,Cxadr-Cxadr,Visium,Liver,Down,-0.617407903,0.002576143
2349,Col6a3-Sdc4,Visium,Liver,Up,0.731304379,0.002843203
2350,App-Vldlr,Visium,Liver,Up,0.820020074,0.003206949
2351,Adam10-Gpnmb,Visium,Liver,Up,2.144785488,0.003366708
2352,Cdh1-Egfr,Visium,Liver,Down,-1.558677904,0.003691825
2353,Hsp90b1-Lrp6,Visium,Liver,Down,-0.460818009,0.004530824
2354,Ccn2-Igf2r,Visium,Liver,Up,1.205733376,0.004530824
2355,Col1a1-Cd36,Visium,Liver,Up,1.255205347,0.004530824
2356,Proc-Thbd,Visium,Liver,Down,-0.620995873,0.004793814
2357,Sema6a-Plxna2,Visium,Liver,Down,-0.775232254,0.004793814
2358,Cdh1-Cdh1,Visium,Liver,Down,-2.218665704,0.004793814
2359,Vtn-Plaur,Visium,Liver,Up,0.741777704,0.005148961
2360,Kng1-Plaur,Visium,Liver,Up,0.746140769,0.005348222
2361,Ptpn6-Cd22,Visium,Liver,Up,1.129074898,0.00548162
2362,Timp3-Kdr,Visium,Liver,Up,0.567026357,0.005725065
2363,Reln-Vldlr,Visium,Liver,Up,0.794046206,0.005725065
2364,Pltp-Abca1,Visium,Liver,Down,-0.504510309,0.005725065
2365,App-Ngfr,Visium,Liver,Up,0.748743706,0.006155697
2366,Col4a3-Sdc4,Visium,Liver,Up,1.862675447,0.006464914
2367,Plg-Plaur,Visium,Liver,Up,0.707347317,0.006591278
2368,Cxcl10-Sdc4,Visium,Liver,Down,-0.598663764,0.006717465
2369,Col1a1-Sdc1,Visium,Liver,Up,0.94080276,0.006856359
2370,Lgals3-Itgb1,Visium,Liver,Up,0.620946677,0.00773372
2371,Sult2a3-Ppard,Visium,Liver,Up,0.985202013,0.00773372
2372,Jam2-Itgb1,Visium,Liver,Down,-0.685622024,0.00773372
2373,Ccn2-Itgb2,Visium,Liver,Up,1.383629603,0.00773372
2374,Col6a1-Cd44,Visium,Liver,Up,0.830446403,0.008062413
2375,Fgf2-Sdc1,Visium,Liver,Up,1.259484809,0.008227795
2376,Ltbp1-Itgb5,Visium,Liver,Up,0.846705072,0.008529696
2377,Pdgfb-Pdgfrb,Visium,Liver,Up,1.098978972,0.008529696
2378,Gdf15-Egfr,Visium,Liver,Down,-0.743372174,0.008529696
2379,Col4a5-Sdc4,Visium,Liver,Down,-0.76461876,0.011359927
2380,Thbs1-Sdc1,Visium,Liver,Up,0.888082384,0.011736483
2381,Bgn-Cd44,Visium,Liver,Up,0.659221917,0.012270967
2382,Fn1-Plaur,Visium,Liver,Up,0.630823966,0.015959712
2383,Thbs2-Cd36,Visium,Liver,Up,0.937492767,0.01613159
2384,Inhbc-Acvr2a,Visium,Liver,Down,-0.574156176,0.016267607
2385,Tnfsf13-Tnfrsf1a,Visium,Liver,Up,0.587739547,0.018013389
2386,St6gal1-Cd22,Visium,Liver,Up,0.793446138,0.018733442
2387,Lgals3-Mertk,Visium,Liver,Up,0.704024673,0.019512207
2388,Hmgb1-Thbd,Visium,Liver,Down,-0.576662375,0.019935407
2389,Cd84-Cd84,Visium,Liver,Up,1.150224417,0.020928857
2390,Clu-Vldlr,Visium,Liver,Up,0.689814002,0.021201917
2391,Sult2a3-Ppara,Visium,Liver,Up,1.405881005,0.021731386
2392,Ccn2-Itga5,Visium,Liver,Up,1.113752808,0.02205736
2393,Bgn-Tlr2,Visium,Liver,Up,0.611608622,0.02325827
2394,Mfge8-Itgb5,Visium,Liver,Up,0.50789876,0.02331058
2395,Spp1-Itga4,Visium,Liver,Up,0.823852136,0.02331058
2396,Dsg1c-Dsc2,Visium,Liver,Up,1.16986106,0.023720606
2397,Dsc2-Dsg1c,Visium,Liver,Up,1.16986106,0.023720606
2398,Pdgfb-Lrp1,Visium,Liver,Up,0.691847071,0.024702004
2399,Col6a1-Sdc4,Visium,Liver,Up,0.513438599,0.025590276
2400,Lipc-Scarb1,Visium,Liver,Down,-0.446828648,0.025927103
2401,Mmp2-Sdc2,Visium,Liver,Up,0.53846281,0.026011178
2402,Cxcl10-Dpp4,Visium,Liver,Down,-0.588304817,0.026769156
2403,Gnai2-C5ar1,Visium,Liver,Up,0.842187012,0.026769156
2404,Thbs1-Cd36,Visium,Liver,Up,1.119760891,0.027557171
2405,Nid2-Col13a1,Visium,Liver,Down,-0.942283401,0.027557171
2406,Bst2-Pira2,Visium,Liver,Down,-0.676764528,0.029499904
2407,Lrig1-Egfr,Visium,Liver,Down,-0.759272999,0.029780922
2408,Lpl-Gpihbp1,Visium,Liver,Up,0.714264488,0.031474398
2409,Il33-Il1rap,Visium,Liver,Down,-0.612968988,0.032104494
2410,Hc-C5ar1,Visium,Liver,Up,0.781346322,0.032104494
2411,Lgals9-Havcr2,Visium,Liver,Up,0.78146628,0.033584162
2412,Cd55-Adgre5,Visium,Liver,Down,-0.502400811,0.037905646
2413,Adgre5-Cd55,Visium,Liver,Down,-0.502400811,0.037905646
2414,Ccl5-Ackr2,Visium,Liver,Up,1.122851336,0.03814352
2415,Inhba-Acvr1,Visium,Liver,Down,-0.634131475,0.03814352
2416,Saa1-Cd36,Visium,Liver,Up,0.580971295,0.038152971
2417,Serpine1-Lrp1,Visium,Liver,Up,1.382230086,0.040041616
2418,Adm-Ramp2,Visium,Liver,Up,0.84788228,0.040041616
2419,Vim-Cd44,Visium,Liver,Up,0.556640042,0.041996745
2420,Ccl5-Sdc1,Visium,Liver,Up,1.123429986,0.041996745
2421,Aplp2-Plxna4,Visium,Liver,Up,0.583225387,0.042605717
2422,Lgals3-Itgb3,Visium,Liver,Up,0.784082856,0.043221101
2423,Lamb1-Dag1,Visium,Liver,Up,0.489941526,0.045310922
2424,Timp1-Lrp1,Visium,Liver,Up,0.883363185,0.046262366
2425,Ccn2-Egfr,Visium,Liver,Up,1.012295405,0.046805901
2426,Gnai2-Egfr,Visium,Liver,Down,-0.54652906,0.046805901
2427,Icam4-Itgb1,Visium,Liver,Down,-0.890850152,0.046805901
2428,Srd5a3-Ar,Visium,Liver,Up,0.863170007,0.047270138
2429,Anxa2-Robo4,Visium,Liver,Up,0.521890603,0.049432599
2430,Calm1-Adcy8,STomics,Liver,Up,7.264987993,2.15563449924011e-05
2431,Sult1a1-Ppara,STomics,Liver,Down,-0.787818832,2.15563449924011e-05
2432,Col6a4-Sdc4,STomics,Liver,Up,7.498716913,2.15563449924011e-05
2433,Calm1-Kcnq3,STomics,Liver,Up,7.120683372,2.15563449924011e-05
2434,Apoe-Vldlr,STomics,Liver,Down,-1.15625659,2.15563449924011e-05
2435,Wnt3a-Lrp1,STomics,Liver,Up,7.14639572,2.15563449924011e-05
2436,Ctsd-Lrp1,STomics,Liver,Down,-0.841921866,2.15563449924011e-05
2437,Aldh1a1-Rorb,STomics,Liver,Up,8.159476135,2.15563449924011e-05
2438,C3-Lrp1,STomics,Liver,Down,-0.675818068,2.22434708152636e-05
2439,Grn-Sort1,STomics,Liver,Up,1.646787771,2.42640039039485e-05
2440,Pcsk9-Sort1,STomics,Liver,Up,1.798041103,2.78153509983292e-05
2441,Nrg1-Egfr,STomics,Liver,Up,1.616561333,2.99135057974344e-05
2442,Lrpap1-Sort1,STomics,Liver,Up,1.499103166,3.95235694727695e-05
2443,Lgals1-Itgb1,STomics,Liver,Down,-1.227865563,5.08267357032983e-05
2444,Aplp2-Pigr,STomics,Liver,Down,-0.702836536,5.08267357032983e-05
2445,Sult1a1-Pparg,STomics,Liver,Down,-0.820651099,5.21070912935012e-05
2446,Ptn-Sdc2,STomics,Liver,Up,6.388713845,5.21070912935012e-05
2447,C4a-Nrp1,STomics,Liver,Down,-0.954506403,5.83623401540762e-05
2448,Ang-Plxnb2,STomics,Liver,Down,-0.836372754,6.5497945782749e-05
2449,Cxcl12-Cd4,STomics,Liver,Up,7.490007946,6.74843917049766e-05
2450,Ptn-Sdc1,STomics,Liver,Up,6.653751412,0.000109251
2451,Apoc3-Lrp1,STomics,Liver,Down,-0.639347485,0.000130178
2452,Calm2-Adcy8,STomics,Liver,Up,6.213364648,0.000139076
2453,Lgals1-Ptprc,STomics,Liver,Down,-1.282516278,0.000173275
2454,Mpzl1-Mpzl1,STomics,Liver,Up,6.148564373,0.000173275
2455,Ptn-Sdc4,STomics,Liver,Up,7.031725932,0.000173275
2456,Inhbc-Acvr2b,STomics,Liver,Down,-1.123843974,0.000177135
2457,C3-Cd81,STomics,Liver,Down,-0.588399708,0.000181651
2458,Serpine1-Lrp1,STomics,Liver,Up,6.699894748,0.000216896
2459,Apoc1-Vldlr,STomics,Liver,Down,-1.050439093,0.000279956
2460,Cxcl12-Oprm1,STomics,Liver,Up,3.250918433,0.000406956
2461,Fgf14-Fgfr3,STomics,Liver,Up,5.740294337,0.000467469
2462,Col4a5-Sdc4,STomics,Liver,Up,1.475356905,0.000467469
2463,Bmp7-Bmpr2,STomics,Liver,Up,5.454983591,0.000467469
2464,Ptn-Ncl,STomics,Liver,Up,6.211660718,0.000473018
2465,Col6a4-Sdc1,STomics,Liver,Up,6.837234875,0.000473018
2466,Apoe-Lrp1,STomics,Liver,Down,-0.624940468,0.000489083
2467,C3-Nrp1,STomics,Liver,Down,-0.541959057,0.000565523
2468,Reln-Vldlr,STomics,Liver,Down,-1.279623441,0.000632977
2469,Spon2-Itgam,STomics,Liver,Up,5.335202009,0.000649276
2470,Psap-Lrp1,STomics,Liver,Down,-0.718515441,0.000699169
2471,Tnfsf10-Tnfrsf11b,STomics,Liver,Up,4.971882656,0.000699169
2472,Clu-Vldlr,STomics,Liver,Down,-1.033746186,0.000759643
2473,Fgf13-Fgfr4,STomics,Liver,Up,5.459583802,0.000759643
2474,Bmp7-Bmpr1a,STomics,Liver,Up,5.16365025,0.000771713
2475,Sult2a3-Pparg,STomics,Liver,Down,-2.119198057,0.000771713
2476,Inhbe-Acvr2b,STomics,Liver,Down,-1.432215687,0.000772014
2477,Calm2-Kcnq3,STomics,Liver,Up,5.983214141,0.000772014
2478,Apoe-Sdc1,STomics,Liver,Down,-0.566192219,0.000889197
2479,Efnb1-Ephb2,STomics,Liver,Up,5.947317366,0.000894897
2480,Slpi-Plscr1,STomics,Liver,Up,5.682022249,0.000928212
2481,Sult2a3-Ppara,STomics,Liver,Down,-1.82302488,0.000934947
2482,Ptn-Plxnb2,STomics,Liver,Up,5.785556808,0.000960459
2483,Spon1-App,STomics,Liver,Up,2.90859514,0.000960459
2484,Sema3b-Nrp1,STomics,Liver,Up,5.764584381,0.000991707
2485,Apoe-Sdc4,STomics,Liver,Down,-0.561509158,0.000991707
2486,Daglb-Cnr2,STomics,Liver,Up,4.920092992,0.000991707
2487,Efnb1-Epha5,STomics,Liver,Up,5.343746675,0.000991707
2488,Serping1-Lrp1,STomics,Liver,Down,-0.77764316,0.001028408
2489,Vtn-Pvr,STomics,Liver,Up,0.826032981,0.001031793
2490,Sema4a-Plxnb2,STomics,Liver,Down,-0.603925081,0.001067732
2491,Fgf13-Fgfr3,STomics,Liver,Up,5.596397653,0.001094117
2492,Efnb1-Ephb1,STomics,Liver,Up,5.35640807,0.001120072
2493,Efna1-Epha6,STomics,Liver,Up,2.224539384,0.001137827
2494,Pdpn-Clec1b,STomics,Liver,Up,4.767179219,0.001137827
2495,Calm3-Adcy8,STomics,Liver,Up,5.284348484,0.001150909
2496,Inhbb-Acvr2a,STomics,Liver,Up,5.067205126,0.001205903
2497,Lipc-Lrp1,STomics,Liver,Down,-0.746554686,0.001229828
2498,Fgf14-Fgfr4,STomics,Liver,Up,5.408289153,0.001246302
2499,Calm1-Grm4,STomics,Liver,Up,2.911989954,0.001246302
2500,Efna5-Ephb1,STomics,Liver,Up,5.051365038,0.001279828
2501,Wnt5a-Fzd8,STomics,Liver,Up,5.245080193,0.001279828
2502,Nrg3-Erbb3,STomics,Liver,Up,2.759339779,0.001279828
2503,Calm1-Oprm1,STomics,Liver,Up,2.890226424,0.00130359
2504,Nid2-Col13a1,STomics,Liver,Up,5.275479221,0.00130751
2505,Calm3-Kcnq3,STomics,Liver,Up,5.280704069,0.001313171
2506,Efnb1-Epha6,STomics,Liver,Up,6.510614171,0.001388899
2507,Cfh-Itgam,STomics,Liver,Up,2.304802002,0.001529113
2508,Mif-Cd74,STomics,Liver,Down,-0.637682484,0.001529113
2509,Fgf14-Fgfr2,STomics,Liver,Up,2.595443616,0.001563184
2510,Col18a1-Gpc1,STomics,Liver,Up,0.676170077,0.001815722
2511,Clstn2-Nrxn3,STomics,Liver,Up,5.754626107,0.001815722
2512,Nrg3-Erbb4,STomics,Liver,Up,2.814109625,0.001834337
2513,Srd5a1-Ar,STomics,Liver,Down,-0.870144418,0.001834337
2514,Cd84-Cd84,STomics,Liver,Up,6.053946389,0.001834337
2515,App-Lrp2,STomics,Liver,Up,5.092449614,0.001851191
2516,Efna1-Epha4,STomics,Liver,Up,2.973185274,0.001943084
2517,Sema3c-Plxna4,STomics,Liver,Up,4.417894287,0.001943084
2518,Vwf-Itga2b,STomics,Liver,Up,4.641552927,0.001943084
2519,Il1rapl1-Ptprf,STomics,Liver,Up,1.255147981,0.002019656
2520,Efna1-Epha8,STomics,Liver,Up,5.262009241,0.002119921
2521,Vwf-Tnfrsf11b,STomics,Liver,Up,4.895990583,0.002168959
2522,Sema4b-Dcbld2,STomics,Liver,Up,4.767529005,0.002206039
2523,Tnfsf12-Egfr,STomics,Liver,Up,1.279754165,0.002312916
2524,Wnt3a-Lrp6,STomics,Liver,Up,4.717604479,0.002346952
2525,Tgfa-Erbb2,STomics,Liver,Up,4.754571353,0.002355459
2526,Col4a5-Sdc1,STomics,Liver,Up,1.195594034,0.002439657
2527,Thbs2-Sdc4,STomics,Liver,Up,0.737738073,0.002522783
2528,Gdf6-Bmpr1a,STomics,Liver,Up,4.184891453,0.002580601
2529,Tenm1-Adgrl2,STomics,Liver,Up,2.739072911,0.00260679
2530,Gng5-Kcnj6,STomics,Liver,Up,5.084112412,0.00267243
2531,Cxcl12-Avpr1a,STomics,Liver,Up,0.690435007,0.002754935
2532,Lgals9-Cd40,STomics,Liver,Up,2.250444926,0.002783735
2533,Lrpap1-Vldlr,STomics,Liver,Down,-1.113002883,0.002863097
2534,Clstn2-Nrxn2,STomics,Liver,Up,4.674163293,0.002863097
2535,F9-Lrp1,STomics,Liver,Down,-0.657871612,0.003244202
2536,Rspo1-Znrf3,STomics,Liver,Up,4.274505896,0.003512171
2537,Hbegf-Cd9,STomics,Liver,Up,4.281835768,0.003861699
2538,Sema3b-Nrp2,STomics,Liver,Up,4.448627014,0.003868766
2539,Gas6-Mertk,STomics,Liver,Down,-0.762077935,0.003868766
2540,Slit3-Robo2,STomics,Liver,Up,5.708893495,0.003901265
2541,Nrg1-Erbb3,STomics,Liver,Up,0.984543466,0.003936519
2542,Tnc-Egfr,STomics,Liver,Up,2.218749581,0.003950669
2543,Gdf2-Acvr2b,STomics,Liver,Down,-1.139593919,0.004452216
2544,Col18a1-Itgb5,STomics,Liver,Down,-0.58491435,0.004610226
2545,Col4a3-Cd47,STomics,Liver,Up,2.798433802,0.004973974
2546,Efna1-Epha5,STomics,Liver,Up,2.606897377,0.00524586
2547,Mfng-Notch1,STomics,Liver,Up,5.354436267,0.005347556
2548,Hsp90aa1-Lrp1,STomics,Liver,Down,-0.621224289,0.005590165
2549,Tenm2-Adgrl2,STomics,Liver,Up,2.513413178,0.005629515
2550,Lama1-Itga1,STomics,Liver,Down,-0.814395855,0.005646858
2551,S100a1-Ryr1,STomics,Liver,Up,2.253824269,0.00565018
2552,Clstn3-Nrxn3,STomics,Liver,Up,4.908043643,0.005775527
2553,Trf-Tfr2,STomics,Liver,Down,-0.461942917,0.005791958
2554,Ccn1-Itgb2,STomics,Liver,Up,4.314415492,0.005963171
2555,Lefty1-Acvr2a,STomics,Liver,Up,4.35212077,0.006079827
2556,Hmgb1-Itgam,STomics,Liver,Up,2.13815763,0.006079827
2557,Postn-Egfr,STomics,Liver,Up,1.280420823,0.006368826
2558,Ptprs-Ntrk3,STomics,Liver,Up,4.637427067,0.006412893
2559,Ntrk3-Ptprs,STomics,Liver,Up,4.637427067,0.006412893
2560,Fgg-Itga2b,STomics,Liver,Up,0.677647136,0.006444376
2561,Col4a3-Sdc4,STomics,Liver,Up,2.812755172,0.006532562
2562,Adam10-Erbb2,STomics,Liver,Up,2.176561368,0.006532562
2563,Jam3-Itgal,STomics,Liver,Up,5.446631215,0.006549497
2564,Il1rapl1-Ptprd,STomics,Liver,Up,1.135543182,0.006579694
2565,Ptprd-Il1rapl1,STomics,Liver,Up,1.135543182,0.006579694
2566,Selplg-Vsir,STomics,Liver,Up,4.358203062,0.006611403
2567,C1qb-Lrp1,STomics,Liver,Down,-0.532900826,0.006672908
2568,Col1a1-Ddr2,STomics,Liver,Up,4.542181763,0.007315774
2569,Tgfa-Egfr,STomics,Liver,Up,1.050590284,0.007812174
2570,Vcl-Alk,STomics,Liver,Up,2.249316062,0.00788639
2571,Thy1-Adgre5,STomics,Liver,Up,2.143088592,0.008335938
2572,Apoc3-Ldlr,STomics,Liver,Down,-0.428478244,0.008341908
2573,Lama3-Sdc2,STomics,Liver,Up,1.070716107,0.008510092
2574,Egf-Egfr,STomics,Liver,Up,2.089151528,0.00931306
2575,S100a4-Egfr,STomics,Liver,Up,1.023378751,0.010609284
2576,Cxcl12-Cxcr3,STomics,Liver,Up,2.21508306,0.010609284
2577,Hp-Cd163,STomics,Liver,Up,0.894682752,0.010675094
2578,Inhbb-Acvr1,STomics,Liver,Up,4.417375029,0.010938667
2579,Col1a1-Cd36,STomics,Liver,Down,-1.102838605,0.011032691
2580,Col4a3-Itgb1,STomics,Liver,Up,2.287443175,0.011375326
2581,Sema3a-Plxna2,STomics,Liver,Up,2.075117783,0.011517836
2582,Sema4d-Plxna2,STomics,Liver,Up,2.355728691,0.011517836
2583,Cxcl10-Sdc4,STomics,Liver,Up,0.954889082,0.011602507
2584,App-Gpc1,STomics,Liver,Up,1.002975769,0.011665013
2585,Col4a3-Itgav,STomics,Liver,Up,2.667536512,0.012759097
2586,Fgf13-Fgfr2,STomics,Liver,Up,2.27811166,0.013446895
2587,Il1b-Il1rap,STomics,Liver,Up,1.909984312,0.015078055
2588,Hbegf-Cd44,STomics,Liver,Up,1.992404023,0.015614261
2589,Ptma-Vipr1,STomics,Liver,Up,0.477386325,0.016192363
2590,Ntrk3-Ptprd,STomics,Liver,Up,1.735794701,0.016256715
2591,Gnai2-Oprm1,STomics,Liver,Up,2.20567597,0.016890152
2592,Wnt5a-Ror1,STomics,Liver,Up,1.857737049,0.017024558
2593,Col4a2-Adgrg6,STomics,Liver,Up,2.013554028,0.017375837
2594,Cd6-Alcam,STomics,Liver,Up,2.394184743,0.017614083
2595,Alcam-Cd6,STomics,Liver,Up,2.394184743,0.017614083
2596,Fga-Itga2b,STomics,Liver,Up,0.575597389,0.018224891
2597,Afdn-Nrxn3,STomics,Liver,Up,1.010213318,0.018224891
2598,Hsd17b12-Ar,STomics,Liver,Down,-0.533942174,0.018224891
2599,Ntrk3-Ptprf,STomics,Liver,Up,1.716771759,0.018224891
2600,Hgf-Nrp2,STomics,Liver,Down,-0.914214194,0.018244345
2601,Angptl8-Gpihbp1,STomics,Liver,Down,-0.651395414,0.018697523
2602,Spp1-Cd44,STomics,Liver,Up,0.720967866,0.019691436
2603,Wnt5a-Notch1,STomics,Liver,Up,1.942932169,0.020325126
2604,Calm2-Grm7,STomics,Liver,Up,1.0261097,0.020705084
2605,Dll1-Notch1,STomics,Liver,Up,1.926914926,0.020974493
2606,Vegfa-Gpc1,STomics,Liver,Up,0.778356563,0.021958958
2607,Nrg1-Erbb4,STomics,Liver,Up,0.982062641,0.021958958
2608,App-Dcc,STomics,Liver,Up,2.088163846,0.022766466
2609,Tenm4-Adgrl2,STomics,Liver,Up,1.579623325,0.023151133
2610,Cdh1-Itgae,STomics,Liver,Up,1.959054948,0.023151133
2611,Col4a5-Cd44,STomics,Liver,Up,1.799583688,0.023785449
2612,Lrfn5-Ptprd,STomics,Liver,Up,6.794409659,0.024518249
2613,Hgf-Sdc1,STomics,Liver,Down,-0.56633758,0.024518249
2614,Lrfn5-Ptprf,STomics,Liver,Up,6.442727796,0.024518249
2615,Cxcl12-Oprd1,STomics,Liver,Up,6.198886117,0.024518249
2616,Lipc-Ldlr,STomics,Liver,Down,-0.465766985,0.024518249
2617,Col4a5-Itgb1,STomics,Liver,Up,1.498140314,0.024518249
2618,Dnajb11-Prtg,STomics,Liver,Up,6.395661494,0.024518249
2619,Spp1-Itgb3,STomics,Liver,Up,0.823887549,0.024634228
2620,Cdh1-Igf1r,STomics,Liver,Up,1.06172727,0.024690214
2621,Fgg-Tlr4,STomics,Liver,Up,0.640157956,0.024690214
2622,Pdgfd-Pdgfra,STomics,Liver,Up,1.741681876,0.025525649
2623,Ptges3-Ptger3,STomics,Liver,Up,1.807214396,0.025525649
2624,Col18a1-Itgb1,STomics,Liver,Down,-0.53569651,0.025525649
2625,Comp-Sdc1,STomics,Liver,Up,6.380167848,0.02555746
2626,Apoe-Scarb1,STomics,Liver,Down,-0.533749115,0.026349711
2627,Ddc-Htr2c,STomics,Liver,Up,6.028471538,0.026349711
2628,Plau-Lrp1,STomics,Liver,Up,6.064927407,0.026349711
2629,Rarres2-Gpr1,STomics,Liver,Up,6.861680943,0.026349711
2630,Col9a3-Sdc4,STomics,Liver,Up,7.057107115,0.026349711
2631,Efnb1-Erbb2,STomics,Liver,Up,1.799895395,0.026349711
2632,Lrrc4b-Ptprd,STomics,Liver,Up,6.113250262,0.026349711
2633,C3-Cr2,STomics,Liver,Up,11.14134324,0.026349711
2634,Comp-Sdc4,STomics,Liver,Up,7.173902068,0.026349711
2635,Cadm1-Cadm1,STomics,Liver,Down,-0.513767213,0.026349711
2636,Pcsk9-Vldlr,STomics,Liver,Down,-0.885066773,0.026349711
2637,Dcn-Egfr,STomics,Liver,Up,0.622945019,0.026784225
2638,Hras-Grin2d,STomics,Liver,Up,2.357450931,0.026784225
2639,Apoe-Ldlr,STomics,Liver,Down,-0.420886637,0.026905599
2640,Psen1-Ephb2,STomics,Liver,Up,1.739564101,0.026905599
2641,Gdf2-Alk,STomics,Liver,Up,2.031422041,0.026959615
2642,Lrrc4b-Ptprf,STomics,Liver,Up,5.889551351,0.026959615
2643,Col4a3-Sdc1,STomics,Liver,Up,2.52628788,0.026959615
2644,Alcam-Chl1,STomics,Liver,Up,5.787768899,0.027177344
2645,C1qa-Cspg4,STomics,Liver,Up,5.693825634,0.02729151
2646,Hbegf-Egfr,STomics,Liver,Up,1.607924889,0.02772754
2647,Col1a1-Sdc1,STomics,Liver,Down,-0.701166602,0.02796514
2648,Mst1-Mst1r,STomics,Liver,Up,5.695273418,0.02796514
2649,Rbp4-Stra6,STomics,Liver,Up,9.883627441,0.02796514
2650,Fzd8-Ckap4,STomics,Liver,Up,1.788418582,0.02796514
2651,Fgf10-Fgfr2,STomics,Liver,Up,5.688337301,0.02796514
2652,Hsp90b1-Tlr4,STomics,Liver,Up,0.633115856,0.0291386
2653,Efnb2-Pecam1,STomics,Liver,Up,1.68910535,0.029250389
2654,Gnb1-Kcnj6,STomics,Liver,Up,2.058253577,0.029250389
2655,Efna5-Epha6,STomics,Liver,Up,5.610285838,0.029250389
2656,Bgn-Fgfr3,STomics,Liver,Down,-0.612793447,0.029250389
2657,Pgf-Egfr,STomics,Liver,Up,5.757632324,0.029250389
2658,Col2a1-Sdc1,STomics,Liver,Up,6.306675904,0.029250389
2659,Spp1-Itgav,STomics,Liver,Up,0.563504829,0.029368533
2660,Lgals9-Ighm,STomics,Liver,Up,2.060150171,0.030108771
2661,Hrg-Erbb2,STomics,Liver,Up,0.844733739,0.030108771
2662,Ccn2-Egfr,STomics,Liver,Up,1.639191478,0.030108771
2663,Gnas-Tshr,STomics,Liver,Up,5.641656367,0.030157234
2664,Col9a3-Sdc1,STomics,Liver,Up,6.277404846,0.030157234
2665,C3-Cd19,STomics,Liver,Up,2.908470096,0.030157234
2666,Cxcl12-Cmklr1,STomics,Liver,Up,0.62664762,0.03024482
2667,Wnt3-Egfr,STomics,Liver,Up,1.904075695,0.030360215
2668,Hpx-Lrp1,STomics,Liver,Down,-0.458273754,0.030576757
2669,Fgf2-Notch1,STomics,Liver,Up,1.792079958,0.030924028
2670,Gnai2-Tshr,STomics,Liver,Up,5.604913556,0.031194954
2671,Col2a1-Sdc4,STomics,Liver,Up,7.206233518,0.031194954
2672,Calr-Tshr,STomics,Liver,Up,9.127031182,0.031194954
2673,Cyp17a1-Ar,STomics,Liver,Down,-0.944537927,0.031404554
2674,Sult2a3-Ppard,STomics,Liver,Down,-1.127976523,0.031855314
2675,Fn1-Itga2,STomics,Liver,Up,7.735530286,0.031855314
2676,Ddc-Drd3,STomics,Liver,Up,5.340066219,0.031855314
2677,Epha4-Efnb1,STomics,Liver,Up,5.204944428,0.031855314
2678,Efnb1-Epha4,STomics,Liver,Up,5.204944428,0.031855314
2679,Fn1-Tshr,STomics,Liver,Up,8.813028132,0.031855314
2680,Wnt5a-Ryk,STomics,Liver,Up,1.658835903,0.031855314
2681,Hmgb1-Sdc1,STomics,Liver,Down,-0.474559248,0.031855314
2682,Lipc-Scarb1,STomics,Liver,Down,-0.631024097,0.032003599
2683,Vcan-Egfr,STomics,Liver,Up,5.307370507,0.032003599
2684,Sema4g-Plxnb2,STomics,Liver,Down,-0.447571371,0.032003599
2685,Col4a3-Cd44,STomics,Liver,Up,2.173198849,0.032904141
2686,Vcan-Itgb1,STomics,Liver,Up,5.324466024,0.032978949
2687,Adam15-Itga5,STomics,Liver,Up,1.820608046,0.032978949
2688,Agt-Agtr1b,STomics,Liver,Up,8.257503457,0.032978949
2689,C4b-Cr2,STomics,Liver,Up,9.32615691,0.033243055
2690,Vtn-Itgb5,STomics,Liver,Down,-0.402925412,0.033243055
2691,Bmp6-Acvr1,STomics,Liver,Up,1.231137884,0.033834729
2692,Fgf1-Cspg4,STomics,Liver,Up,5.070840088,0.033991988
2693,Meltf-Plg,STomics,Liver,Up,8.096138424,0.033991988
2694,Calm1-Scn4a,STomics,Liver,Up,5.560040166,0.034283707
2695,App-Sorcs1,STomics,Liver,Up,1.683974523,0.034283707
2696,Gnas-Crhr1,STomics,Liver,Up,5.278303123,0.034304357
2697,Ccl19-Ackr4,STomics,Liver,Up,1.759421068,0.034304357
2698,Fgf21-Fgfr3,STomics,Liver,Up,5.347305818,0.034304357
2699,Dag1-Nrxn3,STomics,Liver,Up,0.741093445,0.034797763
2700,Nectin1-Nectin1,STomics,Liver,Down,-0.612925623,0.034952577
2701,Sult1e1-Ppara,STomics,Liver,Up,7.454241356,0.035522873
2702,Cdh4-Cdh4,STomics,Liver,Up,5.131868424,0.035750674
2703,F13a1-Itga9,STomics,Liver,Up,5.282685024,0.035750674
2704,Sema3e-Nrp1,STomics,Liver,Up,4.986209914,0.035750674
2705,Inhba-Bambi,STomics,Liver,Up,4.776702911,0.035774756
2706,Il1rapl1-Ptprs,STomics,Liver,Up,4.867270247,0.035774756
2707,Comp-Cd47,STomics,Liver,Up,5.45222233,0.037033404
2708,Kng2-Bdkrb2,STomics,Liver,Up,1.823598234,0.037033404
2709,Thbs2-Itgb1,STomics,Liver,Up,0.610204313,0.037249389
2710,App-Casr,STomics,Liver,Up,4.779341517,0.037411689
2711,Btc-Erbb3,STomics,Liver,Up,1.621057272,0.039050504
2712,Slit3-Robo4,STomics,Liver,Up,4.832359806,0.039050504
2713,Calm1-Scn10a,STomics,Liver,Up,1.603252138,0.039050504
2714,Fgf21-Fgfr4,STomics,Liver,Up,4.714868749,0.039050504
2715,Hsp90aa1-Fgfr3,STomics,Liver,Down,-0.522248574,0.039050504
2716,Calm1-Kcnn4,STomics,Liver,Up,1.652248353,0.039050504
2717,Cyp19a1-Esr1,STomics,Liver,Up,5.429377101,0.039340586
2718,Akr1d1-Ar,STomics,Liver,Down,-0.518908455,0.039382268
2719,Adam12-Epha1,STomics,Liver,Up,4.893212739,0.039382268
2720,Fyn-Thy1,STomics,Liver,Up,1.880695668,0.039382268
2721,Gnas-Lhcgr,STomics,Liver,Up,4.7208023,0.039382268
2722,Ntf3-Ntrk2,STomics,Liver,Up,5.267472798,0.039382268
2723,Col2a1-Itgb1,STomics,Liver,Up,5.22078917,0.039971872
2724,Alcam-L1cam,STomics,Liver,Up,4.734880914,0.040059306
2725,L1cam-Alcam,STomics,Liver,Up,4.734880914,0.040059306
2726,Ntn4-Ntrk2,STomics,Liver,Up,2.900811636,0.040059306
2727,Tenm4-Adgrl1,STomics,Liver,Up,4.701486232,0.040059306
2728,Comp-Itgav,STomics,Liver,Up,4.822661322,0.040059306
2729,Lrrtm4-Nrxn3,STomics,Liver,Up,4.700327452,0.040059306
2730,Gnai2-Mtnr1a,STomics,Liver,Up,4.538450497,0.040059306
2731,Thbs2-Sdc1,STomics,Liver,Up,0.638287441,0.040059306
2732,Ceacam1-Sdc4,STomics,Liver,Up,0.480102443,0.040912747
2733,Ntn4-Unc5d,STomics,Liver,Up,4.533817235,0.040912747
2734,Bmp6-Bmpr1a,STomics,Liver,Up,0.833261993,0.041390367
2735,Spp1-Itga8,STomics,Liver,Up,0.832151131,0.041390367
2736,Calr-Lrp1,STomics,Liver,Down,-0.457537367,0.041390367
2737,Psen1-Nectin1,STomics,Liver,Down,-0.440241237,0.041390367
2738,Ddc-Htr2a,STomics,Liver,Up,4.607791262,0.041390367
2739,Ccl5-Ccrl2,STomics,Liver,Up,4.722236604,0.041702455
2740,Tenm4-Adgrl3,STomics,Liver,Up,4.613715975,0.041887138
2741,Gnb2-Kcnj6,STomics,Liver,Up,1.747660499,0.042043004
2742,Tenm2-Adgrl3,STomics,Liver,Up,4.570916758,0.042682396
2743,Clec2d-Klrb1b,STomics,Liver,Up,4.579331377,0.042824479
2744,Igfbp4-Fzd8,STomics,Liver,Up,0.449875092,0.042824479
2745,Dkk2-Lrp6,STomics,Liver,Up,4.735450272,0.042824479
2746,Ppia-Bsg,STomics,Liver,Down,-0.46914875,0.042824479
2747,Cdh1-Itgb7,STomics,Liver,Up,1.368028942,0.042824479
2748,Hspg2-Col13a1,STomics,Liver,Up,1.154612358,0.043039877
2749,Pdgfb-Pdgfrb,STomics,Liver,Up,4.936883563,0.043039877
2750,Ngf-Sorcs2,STomics,Liver,Up,4.434152188,0.04366459
2751,Lpl-Lrp2,STomics,Liver,Up,4.660072354,0.04407625
2752,Adam12-Sdc4,STomics,Liver,Up,0.997537584,0.04407625
2753,Ptges2-Ptger4,STomics,Liver,Up,4.83474052,0.044265639
2754,Nxph1-Nrxn3,STomics,Liver,Up,4.538364466,0.044688926
2755,Ngf-Ntrk3,STomics,Liver,Up,4.485405993,0.044688926
2756,Lin7c-Htr2c,STomics,Liver,Up,4.405388843,0.044688926
2757,Bmp2-Bmpr1b,STomics,Liver,Up,4.329781399,0.044688926
2758,Fn1-Itgb6,STomics,Liver,Up,1.840044711,0.044688926
2759,Vegfb-Nrp1,STomics,Liver,Down,-0.557324597,0.044688926
2760,App-Drd3,STomics,Liver,Up,4.265330347,0.044761893
2761,Nectin3-Pvr,STomics,Liver,Up,0.819949961,0.044761893
2762,Pvr-Nectin3,STomics,Liver,Up,0.819949961,0.044761893
2763,Pltp-Abca1,STomics,Liver,Down,-0.520470041,0.044893735
2764,Hgf-Plxnb1,STomics,Liver,Down,-0.591572171,0.045461743
2765,Gnai2-Lpar3,STomics,Liver,Up,4.448131664,0.04556988
2766,Comp-Cd36,STomics,Liver,Up,4.770295652,0.045765464
2767,Gdf10-Bmpr1a,STomics,Liver,Up,0.813870437,0.045765464
2768,Serping1-Selp,STomics,Liver,Up,1.626747053,0.045765464
2769,Cntf-Il6st,STomics,Liver,Up,1.562238478,0.045765464
2770,Tenm2-Adgrl1,STomics,Liver,Up,4.398432422,0.045765464
2771,Col3a1-Ddr1,STomics,Liver,Up,1.530545586,0.045765464
2772,Calm2-Scn4a,STomics,Liver,Up,4.220020919,0.045956103
2773,Nrxn3-Nlgn1,STomics,Liver,Up,4.168333211,0.045956103
2774,Nlgn1-Nrxn3,STomics,Liver,Up,4.168333211,0.045956103
2775,Lrrtm4-Ptprs,STomics,Liver,Up,4.214674311,0.046452573
2776,Calm1-Cacna1c,STomics,Liver,Up,1.230083598,0.046452573
2777,Ntng2-Lrrc4c,STomics,Liver,Up,4.390064933,0.046483723
2778,Bmp2-Acvr2b,STomics,Liver,Down,-0.863645899,0.04669317
2779,Bmp8b-Bmpr2,STomics,Liver,Up,4.348342704,0.04669317
2780,Il15-Il2rb,STomics,Liver,Up,4.198753054,0.04669317
2781,Bsg-Slc16a7,STomics,Liver,Down,-0.405409302,0.046741385
2782,Gpc3-Igf1r,STomics,Liver,Up,4.147314406,0.046955413
2783,Il18-Il1rapl1,STomics,Liver,Up,1.781893869,0.046955413
2784,Fgg-Itgb2,STomics,Liver,Up,0.737102016,0.047221718
2785,Fbn1-Itga5,STomics,Liver,Up,1.60776601,0.04729665
2786,Kng1-Bdkrb2,STomics,Liver,Up,2.315645267,0.04729665
2787,Gng12-Kcnj6,STomics,Liver,Up,1.646084027,0.04729665
2788,Adam10-Gpnmb,STomics,Liver,Up,2.659720558,0.047345654
2789,Adam17-Cd40,STomics,Liver,Up,4.818927113,0.047345654
2790,Cyp19a1-Nr1i2,STomics,Liver,Up,4.206826839,0.047548287
2791,Dscam-Dcc,STomics,Liver,Up,4.458282986,0.048263947
2792,Cdh2-Fcer2a,STomics,Liver,Up,1.773534668,0.048263947
2793,Apoe-Sdc1,Visium,Spleen,Down,-1.823802109,5.8098396303708e-20
2794,Fcer2a-Cr2,Visium,Spleen,Up,1.779167298,2.2663833253689402e-14
2795,Cd55-Adgre5,Visium,Spleen,Up,0.778686028,2.2663833253689402e-14
2796,Adgre5-Cd55,Visium,Spleen,Up,0.778686028,2.2663833253689402e-14
2797,Tnxb-Sdc1,Visium,Spleen,Down,-1.534279898,3.77620946211636e-13
2798,Lgals9-Ighm,Visium,Spleen,Down,-1.409499041,3.77620946211636e-13
2799,Adam10-Fcer2a,Visium,Spleen,Up,1.196002699,3.77620946211636e-13
2800,Col4a1-Sdc1,Visium,Spleen,Down,-1.224192843,9.8620183635028e-13
2801,Fn1-Sdc1,Visium,Spleen,Down,-1.460242136,1.5155573350923799e-12
2802,C3-Itgam,Visium,Spleen,Down,-1.154532116,2.34820163131256e-12
2803,Ccl5-Sdc1,Visium,Spleen,Down,-1.857375265,2.34820163131256e-12
2804,Camp-Fpr2,Visium,Spleen,Down,-3.365425363,1.9541303414336498e-11
2805,Lipc-Lrp1,Visium,Spleen,Down,-1.645603341,5.93918773206349e-11
2806,Col1a1-Sdc1,Visium,Spleen,Down,-1.702584136,1.2558587577993002e-10
2807,Slpi-Plscr1,Visium,Spleen,Down,-1.995353359,1.27005824782455e-10
2808,Col4a2-Sdc1,Visium,Spleen,Down,-1.36287604,1.99745228915657e-10
2809,Cfh-Itgam,Visium,Spleen,Down,-1.854998438,2.31280551205291e-10
2810,Hmgb1-Sdc1,Visium,Spleen,Down,-1.342225367,3.68496972774189e-10
2811,S100a8-Tlr4,Visium,Spleen,Down,-2.063690517,5.77348384257298e-10
2812,Col1a2-Sdc1,Visium,Spleen,Down,-1.247088462,8.27936834310299e-10
2813,Calm1-Sell,Visium,Spleen,Up,0.634138923,2.3262497580466602e-09
2814,S100a9-Tlr4,Visium,Spleen,Down,-1.951491035,4.972491688150161e-09
2815,Gzma-F2r,Visium,Spleen,Up,1.549177181,6.432535219099051e-09
2816,Col6a3-Sdc1,Visium,Spleen,Down,-1.387148083,7.484376322007531e-09
2817,Lpl-Sdc1,Visium,Spleen,Down,-1.914516406,1.05130603949259e-08
2818,Clcf1-Il6st,Visium,Spleen,Up,0.703938572,1.16956406617364e-08
2819,S100a8-Ly96,Visium,Spleen,Down,-1.576263448,1.32057830134888e-08
2820,Hp-Itgam,Visium,Spleen,Down,-2.262311392,1.69289514302693e-08
2821,Gnas-Vipr1,Visium,Spleen,Up,1.395886046,1.88364108091222e-08
2822,Selplg-Sell,Visium,Spleen,Up,0.664001524,2.42851422501833e-08
2823,C4b-C5ar2,Visium,Spleen,Down,-1.155947588,6.52257641220278e-08
2824,Lgals3-Lag3,Visium,Spleen,Down,-1.920412089,1.20836356671413e-07
2825,Vasp-Itga4,Visium,Spleen,Up,0.532772108,1.20836356671413e-07
2826,Adam10-Gpnmb,Visium,Spleen,Down,-2.119888248,1.31862069620539e-07
2827,Ltb-Cd40,Visium,Spleen,Up,0.711782746,2.0739516599836e-07
2828,Camp-P2rx7,Visium,Spleen,Down,-2.107345355,2.21408320042495e-07
2829,Thbs1-Sdc1,Visium,Spleen,Down,-1.756029764,3.24410381298928e-07
2830,Il10-Il10ra,Visium,Spleen,Down,-2.546077986,3.24410381298928e-07
2831,Spp1-Cd44,Visium,Spleen,Down,-1.967604323,3.75612813208103e-07
2832,Btla-Cd79a,Visium,Spleen,Up,0.632741181,4.18430266484782e-07
2833,Ccl5-Ccr1,Visium,Spleen,Down,-1.754810728,5.97118091399552e-07
2834,Angptl4-Sdc1,Visium,Spleen,Down,-1.637016713,6.32197467789135e-07
2835,Clcf1-Lifr,Visium,Spleen,Up,0.791527397,6.36768967566012e-07
2836,Ptma-Vipr1,Visium,Spleen,Up,1.322378583,8.41916956455877e-07
2837,Mmp2-Itgb1,Visium,Spleen,Down,-0.925879633,9.80855944845103e-07
2838,Cd80-Ctla4,Visium,Spleen,Down,-1.878728983,2.10843090243673e-06
2839,Ctla4-Cd80,Visium,Spleen,Down,-1.878728983,2.10843090243673e-06
2840,Reln-Itgb1,Visium,Spleen,Down,-1.745315454,2.14461492974297e-06
2841,Fn1-Nt5e,Visium,Spleen,Down,-0.883322959,3.4863954775489e-06
2842,Lipc-Scarb1,Visium,Spleen,Down,-1.28862417,3.4863954775489e-06
2843,Ltf-Lrp1,Visium,Spleen,Down,-1.510864834,3.91653774373253e-06
2844,Cd80-Cd274,Visium,Spleen,Down,-0.935195123,4.62554184564153e-06
2845,Cd274-Cd80,Visium,Spleen,Down,-0.935195123,4.62554184564153e-06
2846,Col6a2-Sdc1,Visium,Spleen,Down,-1.690185913,5.14265201040675e-06
2847,Thbs2-Sdc1,Visium,Spleen,Down,-1.719502599,6.09811571337422e-06
2848,Rtn4-S1pr2,Visium,Spleen,Down,-1.001223098,6.21782548983032e-06
2849,Fn1-Itgb7,Visium,Spleen,Up,0.542611244,7.33318476848429e-06
2850,Hp-Itgb2,Visium,Spleen,Down,-1.085275179,8.69393755773706e-06
2851,Tnfsf13-Fas,Visium,Spleen,Down,-1.16726411,1.00414340569082e-05
2852,Icam1-Itgam,Visium,Spleen,Down,-0.828386331,1.14578730964293e-05
2853,Cd86-Ctla4,Visium,Spleen,Down,-1.032891548,1.15290553994991e-05
2854,Ccl4-Ackr2,Visium,Spleen,Down,-1.582498107,1.45791459029037e-05
2855,Anxa1-Fpr2,Visium,Spleen,Down,-1.75051844,1.47917299390636e-05
2856,Lgals9-Cd40,Visium,Spleen,Up,0.613585397,1.55379362235427e-05
2857,Apoe-Lrp5,Visium,Spleen,Down,-0.723035572,1.55379362235427e-05
2858,Thy1-Adgre5,Visium,Spleen,Up,0.669690526,1.64436647791328e-05
2859,Spon1-App,Visium,Spleen,Down,-1.649207961,2.80257056173338e-05
2860,C3-Cr2,Visium,Spleen,Up,0.582587556,3.16885435824194e-05
2861,Cxcl13-Cxcr5,Visium,Spleen,Up,0.717705299,3.18370944424775e-05
2862,Adam23-Itga4,Visium,Spleen,Up,0.64544009,3.29863522653954e-05
2863,Icam2-Itgal,Visium,Spleen,Up,0.481355583,3.70078130139906e-05
2864,Apoe-Lrp1,Visium,Spleen,Down,-0.472783206,3.70078130139906e-05
2865,Daglb-Gpr55,Visium,Spleen,Down,-1.235104442,3.79297925584248e-05
2866,Ccl5-Ackr2,Visium,Spleen,Down,-1.124183098,4.40881063905787e-05
2867,Pecam1-Pecam1,Visium,Spleen,Up,0.609040511,4.4550024997345e-05
2868,Col6a1-Sdc1,Visium,Spleen,Down,-1.497512087,4.97864992426301e-05
2869,Ccl6-Ccr1,Visium,Spleen,Down,-1.251036515,5.59229293171772e-05
2870,Cd14-Cd55,Visium,Spleen,Up,0.868679393,6.51578208099179e-05
2871,Mmp9-Lrp1,Visium,Spleen,Down,-0.886891959,7.71468226278301e-05
2872,Hmgb1-Itgam,Visium,Spleen,Down,-0.805659209,8.13647869718794e-05
2873,Icosl-Cd28,Visium,Spleen,Up,0.961313647,9.5551235524186e-05
2874,Fyn-Thy1,Visium,Spleen,Up,0.692988658,0.000102198
2875,Thbs2-Itgb1,Visium,Spleen,Down,-0.710161464,0.000111223
2876,Hsp90b1-Lrp1,Visium,Spleen,Down,-0.528064147,0.000115033
2877,Hp-Cd163,Visium,Spleen,Down,-1.099094099,0.000116054
2878,Slamf7-Slamf7,Visium,Spleen,Down,-0.899147341,0.000144715
2879,Lipc-Ldlr,Visium,Spleen,Down,-1.427502277,0.000144715
2880,Bgn-P2rx7,Visium,Spleen,Down,-0.622156309,0.000147104
2881,Itgb2l-Icam1,Visium,Spleen,Down,-1.672539372,0.000148649
2882,Penk-Ogfr,Visium,Spleen,Down,-1.466849276,0.00016976
2883,Mmp9-Cd44,Visium,Spleen,Down,-0.818468672,0.000193375
2884,L1cam-Itgav,Visium,Spleen,Up,1.068397127,0.000194468
2885,Slpi-Plscr4,Visium,Spleen,Down,-1.344028655,0.000208683
2886,Lgals1-Itgb1,Visium,Spleen,Down,-0.537111017,0.000214666
2887,Cx3cl1-Itgb1,Visium,Spleen,Down,-1.250695667,0.000214666
2888,Fcer2a-Fgfr2,Visium,Spleen,Up,1.358551463,0.000214666
2889,Slamf6-Slamf6,Visium,Spleen,Up,0.633863909,0.000217527
2890,Hsp90b1-Tlr2,Visium,Spleen,Down,-0.893120566,0.000220634
2891,Reln-Notch1,Visium,Spleen,Down,-1.393204527,0.000224695
2892,Ccl5-Ccr5,Visium,Spleen,Down,-1.359505527,0.00022872
2893,Mmp9-Itgb2,Visium,Spleen,Down,-0.761781572,0.000274968
2894,Hsp90b1-Tlr4,Visium,Spleen,Down,-0.792731282,0.000286655
2895,Lnx2-Cd8a,Visium,Spleen,Up,0.902144699,0.000302659
2896,Mmp9-Tlr4,Visium,Spleen,Down,-1.250759688,0.000312875
2897,Calm1-Scn4a,Visium,Spleen,Down,-0.989222966,0.000329484
2898,L1cam-Itgb3,Visium,Spleen,Up,1.223252124,0.000376614
2899,Lta4h-Ltb4r1,Visium,Spleen,Down,-1.360898762,0.000408067
2900,Sema4d-Ptprc,Visium,Spleen,Up,0.458234665,0.000409155
2901,Tnfsf9-Traf1,Visium,Spleen,Down,-1.361045446,0.000442737
2902,S100a9-Ager,Visium,Spleen,Down,-1.174595539,0.00045482
2903,Sdc1-Adgra2,Visium,Spleen,Down,-1.510136626,0.000466184
2904,Entpd1-Adora2a,Visium,Spleen,Down,-0.888643051,0.000479254
2905,Gnai2-Tbxa2r,Visium,Spleen,Up,0.634142773,0.000482695
2906,Ccn2-Itgam,Visium,Spleen,Down,-0.86619214,0.000563134
2907,Jag1-Notch2,Visium,Spleen,Up,0.690225682,0.0005905
2908,Psen2-Notch2,Visium,Spleen,Up,0.490747978,0.000666351
2909,Cd52-Siglecg,Visium,Spleen,Up,0.474312458,0.000666351
2910,Ccl5-Cxcr3,Visium,Spleen,Down,-0.98713705,0.000666351
2911,Timd4-Havcr1,Visium,Spleen,Down,-1.763452286,0.000762466
2912,Nectin2-Cd96,Visium,Spleen,Up,1.162663158,0.000788874
2913,Calm2-Scn4a,Visium,Spleen,Down,-0.905619401,0.000832557
2914,Calm3-Scn4a,Visium,Spleen,Down,-1.013166609,0.00085288
2915,Lgals3-Mag,Visium,Spleen,Down,-0.895531812,0.000885669
2916,Gdf3-Tgfbr1,Visium,Spleen,Down,-1.096457488,0.000919448
2917,Gdf10-Bmpr1a,Visium,Spleen,Down,-1.070152096,0.001047494
2918,Fn1-Itga4,Visium,Spleen,Up,0.473613183,0.001097048
2919,Mfng-Notch2,Visium,Spleen,Up,0.475958612,0.001230354
2920,Hmgb1-Tlr1,Visium,Spleen,Up,0.463819316,0.00126579
2921,Cfp-Ncr1,Visium,Spleen,Up,0.658059506,0.00126579
2922,Icam4-Itga4,Visium,Spleen,Up,1.295915013,0.001269437
2923,F13a1-Itgb1,Visium,Spleen,Down,-0.845787946,0.001436266
2924,Gnas-Adrb2,Visium,Spleen,Up,0.484760358,0.001501054
2925,Edn3-Kel,Visium,Spleen,Up,1.265038112,0.001537514
2926,Prg4-Cd44,Visium,Spleen,Down,-1.261401392,0.00165316
2927,Gnas-Crhr1,Visium,Spleen,Up,0.749152112,0.001701439
2928,Hsp90b1-Pparg,Visium,Spleen,Down,-0.684214568,0.00170629
2929,Icam4-Itgav,Visium,Spleen,Up,1.163733189,0.001812248
2930,Itgb2-Thy1,Visium,Spleen,Up,0.549067656,0.001867008
2931,Anxa2-Tlr2,Visium,Spleen,Down,-0.601564445,0.001949855
2932,Adam11-Itga4,Visium,Spleen,Up,0.773978065,0.00204235
2933,Pdgfb-Pdgfra,Visium,Spleen,Down,-0.745914115,0.002218746
2934,Pf4-Ccr1,Visium,Spleen,Down,-1.059157835,0.002452838
2935,Gdf15-Tgfbr2,Visium,Spleen,Down,-0.701915071,0.002474216
2936,Angpt2-Itgb2,Visium,Spleen,Up,0.699365799,0.002476173
2937,Fn1-Cd79a,Visium,Spleen,Up,0.47925052,0.002476173
2938,Apoe-Sdc4,Visium,Spleen,Down,-0.40730571,0.002476173
2939,Vegfa-Ptprb,Visium,Spleen,Up,0.605521316,0.002747788
2940,Apoe-Lrp8,Visium,Spleen,Down,-0.738025832,0.002747788
2941,Alox5ap-Alox5,Visium,Spleen,Down,-1.338201432,0.002756206
2942,Cd200-Cd200r4,Visium,Spleen,Down,-1.02706239,0.002822649
2943,Ifng-Ifngr1,Visium,Spleen,Down,-0.938973881,0.002879574
2944,Gdf15-Tgfbr1,Visium,Spleen,Down,-0.916167147,0.002958878
2945,Icam2-Itgb2,Visium,Spleen,Up,0.427816862,0.003125444
2946,Itgb2-Icam2,Visium,Spleen,Up,0.427816862,0.003125444
2947,Angpt2-Itgav,Visium,Spleen,Up,0.870273496,0.003367965
2948,Lgals3-Itgb1,Visium,Spleen,Down,-0.48703249,0.003454886
2949,Efnb2-Pecam1,Visium,Spleen,Up,0.761954079,0.003483675
2950,Htra2-Cd40,Visium,Spleen,Up,0.510055507,0.003483675
2951,Reln-Itgb3,Visium,Spleen,Down,-1.480270646,0.00349603
2952,Sema4d-Plxnb1,Visium,Spleen,Up,0.584871726,0.003502474
2953,Fgf1-Fgfr3,Visium,Spleen,Up,0.701313999,0.00359083
2954,Ccl21a-Ccr7,Visium,Spleen,Up,0.60216539,0.003713496
2955,Cxcl9-Cxcr3,Visium,Spleen,Down,-0.897702644,0.003713496
2956,C3-C5ar2,Visium,Spleen,Down,-0.681953126,0.003746939
2957,Plau-Lrp1,Visium,Spleen,Down,-1.283845535,0.003773695
2958,Jag2-Notch2,Visium,Spleen,Up,0.831657357,0.003773814
2959,Ccl19-Ccr7,Visium,Spleen,Up,0.57398797,0.00380674
2960,Gnas-Avpr2,Visium,Spleen,Up,1.552956571,0.003886111
2961,Tgfb1-Tgfbr3,Visium,Spleen,Up,0.494291053,0.0038864
2962,Snca-Lag3,Visium,Spleen,Down,-1.246446559,0.004094786
2963,Gnai2-Adcy1,Visium,Spleen,Up,0.690147469,0.004094786
2964,C3-Itgax,Visium,Spleen,Down,-0.423972053,0.004104918
2965,Cd177-Pecam1,Visium,Spleen,Down,-1.201202749,0.004104918
2966,Cd9-L1cam,Visium,Spleen,Up,0.715190034,0.004275241
2967,L1cam-Cd9,Visium,Spleen,Up,0.715190034,0.004275241
2968,Clec11a-Itgb1,Visium,Spleen,Down,-0.707068462,0.00457287
2969,Lpl-Lrp1,Visium,Spleen,Down,-0.60981214,0.00457287
2970,Ang-Plxnb2,Visium,Spleen,Down,-1.053884734,0.004701046
2971,Dll1-Notch2,Visium,Spleen,Up,0.454587645,0.006092717
2972,Ppbp-Cxcr2,Visium,Spleen,Down,-1.168245392,0.006392798
2973,Bgn-Tlr2,Visium,Spleen,Down,-0.595979586,0.006475096
2974,Timp1-Cd63,Visium,Spleen,Down,-0.639109908,0.006695573
2975,Itgb2-Cd226,Visium,Spleen,Up,0.543781857,0.006712456
2976,Plat-Lrp1,Visium,Spleen,Down,-0.964748675,0.006775748
2977,Angpt2-Tie1,Visium,Spleen,Up,0.871724134,0.006836109
2978,Jam3-Itgam,Visium,Spleen,Down,-0.836857934,0.007017184
2979,Ptpn6-Cd22,Visium,Spleen,Up,0.43088782,0.008063296
2980,Tnf-Rhbdf2,Visium,Spleen,Up,0.667122576,0.008791649
2981,Tgfb1-Eng,Visium,Spleen,Up,0.441304614,0.009361198
2982,C4b-Cr2,Visium,Spleen,Up,0.442297131,0.009712868
2983,Lcn2-Slc22a17,Visium,Spleen,Down,-1.027148039,0.009712868
2984,Ccl5-Ccrl2,Visium,Spleen,Down,-0.822263526,0.009712868
2985,Apoe-Scarb1,Visium,Spleen,Down,-0.407588368,0.009712868
2986,Ptprc-Cd22,Visium,Spleen,Up,0.408641281,0.009712868
2987,Cd22-Ptprc,Visium,Spleen,Up,0.408641281,0.009712868
2988,Cxcl12-Avpr1a,Visium,Spleen,Down,-1.132251921,0.009960235
2989,Rspo1-Lrp6,Visium,Spleen,Up,0.857181586,0.010011681
2990,Cxcl12-Cxcr3,Visium,Spleen,Down,-0.454217225,0.010062396
2991,Cxcl10-Ackr1,Visium,Spleen,Up,0.981800861,0.01149608
2992,Pvr-Cd96,Visium,Spleen,Up,0.762900147,0.011757632
2993,Cd96-Pvr,Visium,Spleen,Up,0.762900147,0.011757632
2994,Ftl1-Scara5,Visium,Spleen,Down,-0.718913825,0.013360104
2995,Vwf-Gp5,Visium,Spleen,Down,-1.026044626,0.013748553
2996,Hspg2-Dag1,Visium,Spleen,Up,0.504587697,0.01399639
2997,Sema3g-Nrp2,Visium,Spleen,Down,-0.797712563,0.014050833
2998,Gnai2-Cnr1,Visium,Spleen,Up,0.901114811,0.014313314
2999,F11r-F11r,Visium,Spleen,Down,-0.967057562,0.014771565
3000,Igfbp4-Fzd8,Visium,Spleen,Up,0.640290852,0.01491812
3001,Egfl7-Notch2,Visium,Spleen,Up,0.464555046,0.015075905
3002,Jag2-Notch1,Visium,Spleen,Up,0.758754381,0.015358815
3003,Adam10-Il6ra,Visium,Spleen,Up,0.480684811,0.015404545
3004,Cx3cl1-Itga4,Visium,Spleen,Down,-0.828593099,0.016150381
3005,Adam9-Itgb1,Visium,Spleen,Down,-0.536344552,0.016260763
3006,Adam10-Tspan5,Visium,Spleen,Up,0.609469443,0.016260763
3007,Lama2-Itgb1,Visium,Spleen,Down,-0.600190388,0.016260763
3008,Hfe-Tfrc,Visium,Spleen,Up,0.725883115,0.016260763
3009,Icosl-Icos,Visium,Spleen,Up,0.571555,0.016279562
3010,Gzma-F2rl2,Visium,Spleen,Up,0.93030454,0.016306941
3011,Vegfa-Axl,Visium,Spleen,Up,0.44134831,0.017818194
3012,Timp1-Itgb1,Visium,Spleen,Down,-0.529060258,0.019063433
3013,Adam10-Tspan15,Visium,Spleen,Up,0.494321738,0.019355838
3014,Lgals8-Itga3,Visium,Spleen,Up,0.660984963,0.019496504
3015,Fbln1-Itgb1,Visium,Spleen,Down,-0.70789008,0.021057431
3016,Jag1-Notch3,Visium,Spleen,Up,0.689855427,0.021702209
3017,Col1a2-Itga11,Visium,Spleen,Down,-0.821462969,0.021702209
3018,C1qa-Cd33,Visium,Spleen,Down,-0.427669668,0.02191746
3019,App-Fpr2,Visium,Spleen,Down,-0.770139855,0.022819231
3020,Tnfsf12-Tnfrsf25,Visium,Spleen,Up,0.636506623,0.023977774
3021,Adam10-Tspan10,Visium,Spleen,Down,-0.603357211,0.024080914
3022,Gnai2-C5ar1,Visium,Spleen,Down,-0.899337071,0.024816243
3023,F13a1-Itga9,Visium,Spleen,Down,-0.800950692,0.025580807
3024,Itgav-Thy1,Visium,Spleen,Up,0.513616771,0.025598611
3025,Icam5-Itgb2,Visium,Spleen,Up,0.686605047,0.025598611
3026,Icam4-Itgb3,Visium,Spleen,Up,0.976224904,0.025598611
3027,Tnf-Cd40,Visium,Spleen,Up,0.556972942,0.025619901
3028,Sema7a-Itgb1,Visium,Spleen,Down,-0.496361438,0.025780291
3029,Adam10-Axl,Visium,Spleen,Up,0.385291898,0.025780291
3030,Myl9-Cd69,Visium,Spleen,Up,0.516637659,0.026978153
3031,Tgm2-Itgb1,Visium,Spleen,Down,-0.377012945,0.027071418
3032,Kitl-Epor,Visium,Spleen,Up,0.747500131,0.027365267
3033,Serpine1-Lrp1,Visium,Spleen,Down,-0.800569301,0.030164366
3034,Lrpap1-Sorl1,Visium,Spleen,Up,0.394738478,0.031101387
3035,Ltb-Tnfrsf1a,Visium,Spleen,Up,0.383384195,0.032520452
3036,Sema4a-Plxnb1,Visium,Spleen,Up,0.52218909,0.032567466
3037,Hras-Cav1,Visium,Spleen,Up,0.601195541,0.032599927
3038,Bmp6-Bmpr2,Visium,Spleen,Down,-0.817034025,0.033162768
3039,Mmp2-Itgav,Visium,Spleen,Down,-0.593185393,0.035755368
3040,Col4a2-Cd93,Visium,Spleen,Up,0.467029699,0.0366504
3041,App-Gpc1,Visium,Spleen,Down,-0.521290938,0.036724467
3042,Adam17-Rhbdf2,Visium,Spleen,Up,0.411634866,0.038028125
3043,Mif-Cxcr2,Visium,Spleen,Down,-0.514656183,0.038106129
3044,Col6a4-Sdc4,Visium,Spleen,Up,0.553706431,0.038106129
3045,Plau-Itgb2,Visium,Spleen,Down,-0.915712745,0.038106129
3046,Vegfa-Flt1,Visium,Spleen,Up,0.539547299,0.038106129
3047,Cxcl10-Ccr3,Visium,Spleen,Up,0.478325968,0.038106129
3048,Cd80-Cd28,Visium,Spleen,Down,-0.777910578,0.038106129
3049,Cd28-Cd80,Visium,Spleen,Down,-0.777910578,0.038106129
3050,Ccl3-Ccr3,Visium,Spleen,Down,-0.830622341,0.038106129
3051,Serping1-Selp,Visium,Spleen,Down,-0.940985824,0.038954639
3052,Adam17-Cd40,Visium,Spleen,Up,0.410167446,0.039807213
3053,Cxcl13-Ackr1,Visium,Spleen,Up,0.924924041,0.039807213
3054,Icam4-Itgb2,Visium,Spleen,Up,0.86212769,0.040243158
3055,Icam5-Itgal,Visium,Spleen,Up,0.665512603,0.041198946
3056,Icam4-Itgal,Visium,Spleen,Up,0.813435676,0.041198946
3057,Vwf-Itga2b,Visium,Spleen,Down,-0.925418569,0.041198946
3058,Spon2-Itgb1,Visium,Spleen,Down,-0.406736438,0.041198946
3059,Apoe-Abca1,Visium,Spleen,Down,-0.351849736,0.041403108
3060,Afdn-F11r,Visium,Spleen,Down,-0.647146992,0.043856825
3061,Gnai2-Ccr5,Visium,Spleen,Down,-0.539401558,0.044242363
3062,Mmrn2-Cd93,Visium,Spleen,Up,0.503070999,0.045804892
3063,Tbxas1-Tbxa2r,Visium,Spleen,Up,0.490101395,0.045932382
3064,Bsg-Slc16a1,Visium,Spleen,Up,0.611533601,0.046352626
3065,Il16-Kcnd1,Visium,Spleen,Up,0.572239933,0.046352626
3066,Hsp90b1-Lrp1,STomics,Spleen,Down,-1.026025186,0.000589805
3067,Amelx-Lamp1,STomics,Spleen,Down,-7.1735832,0.007573762
3068,Plg-Itgb1,STomics,Spleen,Down,-2.607365531,0.00791661
3069,Col4a6-Sdc1,STomics,Spleen,Down,-2.59678822,0.00791661
3070,Tnr-Sdc1,STomics,Spleen,Down,-2.179805929,0.00791661
3071,Efnb2-Pecam1,STomics,Spleen,Up,1.54676172,0.00791661
3072,Gnb5-Kcnj6,STomics,Spleen,Down,-3.092848278,0.008845582
3073,Plg-Pard3,STomics,Spleen,Down,-3.207791651,0.008845582
3074,Madcam1-Itga4,STomics,Spleen,Up,0.982675686,0.011240888
3075,Col6a6-Sdc1,STomics,Spleen,Down,-1.685927151,0.019976615
3076,Madcam1-Itgb7,STomics,Spleen,Up,0.941177386,0.020684057
3077,Thbs4-Cd47,STomics,Spleen,Up,0.913775798,0.020684057
3078,Plg-Itga9,STomics,Spleen,Down,-2.553501912,0.024364827
3079,Ncam1-Ncam2,STomics,Spleen,Down,-3.180608982,0.031004776
3080,Tafa5-S1pr2,STomics,Spleen,Down,-2.242465313,0.032419987
3081,Vwf-Itga2b,STomics,Spleen,Down,-1.155061843,0.032419987
3082,Ntf3-Ntrk2,STomics,Spleen,Down,-2.414803154,0.032419987
3083,Ccl21a-Ccr7,STomics,Spleen,Up,0.986480737,0.034710663
3084,Hspa8-Aqp2,STomics,Spleen,Down,-9.607579552,0.034710663
3085,Col6a1-Sdc4,STomics,Spleen,Up,1.047363296,0.034710663
3086,Col2a1-Sdc1,STomics,Spleen,Down,-2.069213594,0.036021247
3087,Col1a1-Ddr2,STomics,Spleen,Up,1.083862761,0.03925141
3088,Col1a2-Cd93,STomics,Spleen,Up,0.792558016,0.041864394
3089,Col4a3-Sdc1,STomics,Spleen,Down,-2.576587893,0.041864394
3090,Hsp90b1-Tlr2,STomics,Spleen,Down,-1.350858488,0.042372098
3091,Bmp5-Bmpr2,STomics,Spleen,Down,-2.443264785,0.043956171
3092,Slitrk5-Ptprd,STomics,Spleen,Down,-2.549777041,0.045361034
3093,Ptn-Ncl,STomics,Spleen,Up,0.801044515,0.046001887
