,gene,tech,organ,regulate,logFC,FDR
0,Lyz2,Visium,Brain,Up,2.68419111737311,2.992338000376e-13
1,C4b,Visium,Brain,Up,3.00826759276286,2.992338000376e-13
2,Itgax,Visium,Brain,Up,3.85976745728813,2.992338000376e-13
3,Cd52,Visium,Brain,Up,1.38916816757661,4.42624841756832e-12
4,Pcdhb9,Visium,Brain,Up,0.929585285787924,7.42967123417444e-12
5,Fcgr2b,Visium,Brain,Up,1.4622416739024,4.03280836292543e-11
6,Cd84,Visium,Brain,Up,1.28297748004449,4.03280836292543e-11
7,9630013A20Rik,Visium,Brain,Down,-2.29755590103649,4.19729041301161e-11
8,H2-D1,Visium,Brain,Up,0.765690626247764,4.19729041301161e-11
9,Cst7,Visium,Brain,Up,4.54066456943393,4.48240040956834e-11
10,Gfap,Visium,Brain,Up,1.6050839658303,4.7101776343582194e-11
11,Serpina3n,Visium,Brain,Up,2.22705910532281,7.05909653434025e-11
12,Ccl4,Visium,Brain,Up,2.73347946561001,8.471231735923779e-11
13,Itgb2,Visium,Brain,Up,1.2323329776593,1.56044854382279e-10
14,Cd68,Visium,Brain,Up,1.07458117727477,1.56044854382279e-10
15,Cybb,Visium,Brain,Up,2.61591409476993,1.56735768715518e-10
16,Tyrobp,Visium,Brain,Up,1.00507133129602,1.56735768715518e-10
17,Ccl3,Visium,Brain,Up,2.65200245277111,2.08836433445579e-10
18,Spag6,Visium,Brain,Up,1.14979692291832,5.30891430818259e-10
19,Nrep,Visium,Brain,Down,-0.620506528698592,6.82805518305626e-10
20,Ctsz,Visium,Brain,Up,0.747796485256699,8.05742301792343e-10
21,Cd300c2,Visium,Brain,Up,1.05927309567843,9.97595915886282e-10
22,Gpnmb,Visium,Brain,Up,1.81611390738901,1.0559255623017202e-09
23,8430408G22Rik,Visium,Brain,Up,1.8841540984268,1.0559255623017202e-09
24,AC149090.1,Visium,Brain,Up,0.834158140848855,1.0559255623017202e-09
25,C3ar1,Visium,Brain,Up,1.43091936815311,1.0559255623017202e-09
26,C1qc,Visium,Brain,Up,0.966581491047343,1.47682667438404e-09
27,Trem2,Visium,Brain,Up,1.03973758584022,1.61334561053517e-09
28,Cd48,Visium,Brain,Up,1.86601300547234,1.87849950176037e-09
29,Ctss,Visium,Brain,Up,1.01608380600824,1.9194063812589603e-09
30,Abca8a,Visium,Brain,Up,1.09292231753119,2.39783142720246e-09
31,C1qa,Visium,Brain,Up,1.044967225443,2.39783142720246e-09
32,Capg,Visium,Brain,Up,1.4691455247606,3.688255955674969e-09
33,Mpeg1,Visium,Brain,Up,1.26432755142584,3.81740363534242e-09
34,Defb1,Visium,Brain,Up,1.27079980265553,7.033566786580121e-09
35,H2-Q6,Visium,Brain,Up,2.06028348671236,7.867636129171811e-09
36,Cxcl16,Visium,Brain,Up,1.74227010852502,9.34162875953431e-09
37,Timp1,Visium,Brain,Up,2.09772891123299,1.14521774058855e-08
38,Vegfa,Visium,Brain,Up,0.705607600684323,1.14521774058855e-08
39,Slc11a1,Visium,Brain,Up,1.34828834475843,1.6681138191472e-08
40,C1qb,Visium,Brain,Up,0.914571338074933,2.00217231727912e-08
41,Fcer1g,Visium,Brain,Up,0.836430539023783,2.31744773656387e-08
42,Slamf9,Visium,Brain,Up,1.58563130614346,2.50053217636517e-08
43,Ccl6,Visium,Brain,Up,1.24734377805865,3.75526239121038e-08
44,Ptprc,Visium,Brain,Up,1.06728686197435,3.91431524153846e-08
45,Gm21887,Visium,Brain,Down,-2.22592633780341,4.20679689569398e-08
46,B2m,Visium,Brain,Up,0.723069534800479,8.24485843003915e-08
47,Wfdc17,Visium,Brain,Up,1.45903609987473,9.96112851563006e-08
48,Gpr34,Visium,Brain,Up,0.836318972710649,1.05087990686071e-07
49,H2-Q7,Visium,Brain,Up,1.66481979545004,2.34367525730735e-07
50,Gm45351,Visium,Brain,Up,2.00957446458568,2.66171501929312e-07
51,Tmem176a,Visium,Brain,Up,0.612250456949735,3.51652648710975e-07
52,Gpr17,Visium,Brain,Down,-0.862472180341693,6.26194027913155e-07
53,Lgals3,Visium,Brain,Up,1.86132072750414,8.8215962070808e-07
54,C3,Visium,Brain,Up,1.85373413219205,1.05474809772523e-06
55,Fcgr3,Visium,Brain,Up,0.703301726856914,1.16271865480368e-06
56,Bcl3,Visium,Brain,Up,1.65602867708299,1.18068863084802e-06
57,Bcl2a1b,Visium,Brain,Up,1.4053707929401,1.71943887541047e-06
58,Hexb,Visium,Brain,Up,0.644294406816282,1.77336475838769e-06
59,Cyba,Visium,Brain,Up,0.835105280789293,1.90172015205092e-06
60,AU020206,Visium,Brain,Up,1.16489166072528,2.69923715216514e-06
61,S100a6,Visium,Brain,Up,0.575869126229249,2.96772673021289e-06
62,Pcdhb14,Visium,Brain,Up,0.708700833814276,3.5283588126364e-06
63,Elmsan1,Visium,Brain,Up,0.907611938801468,3.8436772792677e-06
64,Ms4a6d,Visium,Brain,Up,1.11517573639584,3.9623394612687e-06
65,Hvcn1,Visium,Brain,Up,1.07131362904874,3.9623394612687e-06
66,Cxcl5,Visium,Brain,Up,1.71779167509409,4.98295289825032e-06
67,Slc10a4,Visium,Brain,Down,-2.49406992255864,7.48019089425018e-06
68,Osmr,Visium,Brain,Up,1.00861325206951,1.045336289074e-05
69,Igsf6,Visium,Brain,Up,1.57803310624452,1.08895402175062e-05
70,Itgb5,Visium,Brain,Up,0.574568705554772,1.14419701447922e-05
71,Hk2,Visium,Brain,Up,0.933076251707945,1.49532935059643e-05
72,Ctsd,Visium,Brain,Up,0.587217377094628,1.60823882906566e-05
73,Vim,Visium,Brain,Up,0.971945067918057,1.60823882906566e-05
74,Ide,Visium,Brain,Up,0.450509821930821,2.11186814709318e-05
75,Tlr2,Visium,Brain,Up,1.16961976497005,2.33089284668906e-05
76,Laptm5,Visium,Brain,Up,0.680221657625507,2.5635767747181e-05
77,Cd14,Visium,Brain,Up,1.02216355407459,2.65803981528845e-05
78,Tlr7,Visium,Brain,Up,1.07411741622935,3.12241735620261e-05
79,Ccl12,Visium,Brain,Up,1.45581590734104,3.30369443669455e-05
80,Lcp1,Visium,Brain,Up,0.688634451038785,3.57319471801108e-05
81,Csf3r,Visium,Brain,Up,0.758991134566467,3.83150981676247e-05
82,Pcdhb3,Visium,Brain,Up,0.721330593243413,3.87795646325692e-05
83,Aif1,Visium,Brain,Up,0.677588732676642,3.89006409641361e-05
84,Psmb8,Visium,Brain,Up,0.655669465472342,4.02096103499177e-05
85,Lag3,Visium,Brain,Up,0.986439969378685,4.69398688955796e-05
86,Cebpa,Visium,Brain,Up,0.768416786153343,4.94920406260499e-05
87,Ly86,Visium,Brain,Up,0.92517090464015,5.47375722909901e-05
88,Tmem176b,Visium,Brain,Up,0.4662060344348,5.76121908934578e-05
89,Mia,Visium,Brain,Down,-1.52030984822732,6.20961548770483e-05
90,Apoe,Visium,Brain,Up,0.449019854211865,7.88070411040323e-05
91,Bcl2a1a,Visium,Brain,Up,1.43998672812915,8.13910113137312e-05
92,Met,Visium,Brain,Down,-1.13237903502104,8.37219711254546e-05
93,Ms4a7,Visium,Brain,Up,1.85077524060981,0.0001130036149294
94,Cd72,Visium,Brain,Up,1.38759569096287,0.0001223209119008
95,Gpr84,Visium,Brain,Up,1.11640872261048,0.0001401623019347
96,Pcdhb8,Visium,Brain,Up,0.925425709571633,0.000145358478648
97,Asb4,Visium,Brain,Up,1.3005075086495,0.0001707274475327
98,H2-K1,Visium,Brain,Up,0.578742818685014,0.0001744032980238
99,Tmem267,Visium,Brain,Down,-0.601667446147616,0.000184964423254
100,Prom1,Visium,Brain,Down,-0.611637698574451,0.000195337122959
101,Adgre1,Visium,Brain,Up,0.758807476947103,0.000195337122959
102,H2-T23,Visium,Brain,Up,0.599623825685311,0.000195337122959
103,Efemp1,Visium,Brain,Up,0.579813864638892,0.0002118087841822
104,Cd44,Visium,Brain,Up,0.869095243329904,0.0002155919455678
105,S100a4,Visium,Brain,Up,0.915224079704453,0.0002155919455678
106,Irf8,Visium,Brain,Up,0.752577534162198,0.0002485926644203
107,Ogdhl,Visium,Brain,Up,0.479689265098946,0.0002619555050148
108,Pcdhb6,Visium,Brain,Up,0.863653926281891,0.0002850481489587
109,Cyp11a1,Visium,Brain,Down,-0.795409652320001,0.0002927814323957
110,Btbd16,Visium,Brain,Down,-1.44131842201699,0.0002980573540707
111,Gm47283,Visium,Brain,Down,-1.62255157840465,0.0002980573540707
112,Hist2h2aa1,Visium,Brain,Down,-0.941878974576164,0.0003032939953233
113,Flnc,Visium,Brain,Up,1.1342396037784,0.0003032939953233
114,Epsti1,Visium,Brain,Up,0.894970394898488,0.000368646781598
115,Upk1b,Visium,Brain,Up,0.987552403296361,0.0003885949707791
116,Atf3,Visium,Brain,Up,1.03416530072403,0.0003908390217578
117,Cd24a,Visium,Brain,Down,-0.775146527907443,0.0003984112311306
118,Tmem252,Visium,Brain,Up,1.11482822131652,0.0004077005759773
119,Smad7,Visium,Brain,Up,0.605483918312502,0.0004670720955636
120,Ppl,Visium,Brain,Up,1.04035519484384,0.0005527864138615
121,Plek,Visium,Brain,Up,0.559201059075154,0.0005637105558589
122,Adm,Visium,Brain,Up,0.848233375413728,0.0005855442341354
123,F3,Visium,Brain,Up,0.538277675530452,0.0006918550956397
124,Vwf,Visium,Brain,Up,0.609034791336403,0.0006918550956397
125,Cebpd,Visium,Brain,Up,0.715456184131773,0.0007022484893953
126,Cd37,Visium,Brain,Up,0.730767526973551,0.0007200652797268
127,Irgm1,Visium,Brain,Up,0.649498916524406,0.0007881263837809
128,Crygn,Visium,Brain,Down,-1.1619473712925,0.0008147146171318
129,Aspg,Visium,Brain,Up,0.876453962010275,0.0009567413368686
130,Brca1,Visium,Brain,Down,-0.825876447859237,0.0010619373262075
131,Hspb3,Visium,Brain,Down,-0.685700798228779,0.0011414882735156
132,Arl11,Visium,Brain,Up,1.09087577336714,0.0011739351310552
133,Sgk1,Visium,Brain,Up,1.09542724718073,0.0011739351310552
134,Smyd1,Visium,Brain,Down,-0.93793423304602,0.0012179045558744
135,Naalad2,Visium,Brain,Up,1.08173071731466,0.0013102184030509
136,Havcr2,Visium,Brain,Up,0.785483658912295,0.0013877635409761
137,Zc3hav1,Visium,Brain,Up,0.640689084524027,0.0013877635409761
138,Lhx1os,Visium,Brain,Down,-1.2917208558249,0.0014034618389203
139,Mid1,Visium,Brain,Down,-1.11308953111778,0.001438933479646
140,Lat2,Visium,Brain,Up,0.695016184197406,0.0014727056330493
141,Csf1,Visium,Brain,Up,0.555979512984632,0.0014727056330493
142,Vmn1r90,Visium,Brain,Up,1.31791290592124,0.0014727056330493
143,Slc18a2,Visium,Brain,Down,-3.33550274507071,0.0015734890183609
144,Ctsh,Visium,Brain,Up,0.596270228773994,0.0015734890183609
145,Gpx8,Visium,Brain,Down,-1.29562372199405,0.0015734890183609
146,1700024G13Rik,Visium,Brain,Down,-1.6698849241375,0.0015754226799026
147,Myo1f,Visium,Brain,Up,0.799184440633298,0.0016431115983111
148,Tctex1d4,Visium,Brain,Down,-1.43488288042133,0.0018006135937225
149,Fmo2,Visium,Brain,Up,1.03040710527829,0.0018113226139202
150,Casp1,Visium,Brain,Up,0.828289194001174,0.001969975577586
151,St14,Visium,Brain,Up,0.982945845732562,0.0022500995202319
152,Th,Visium,Brain,Down,-2.54790511455075,0.0022942134291747
153,Bdkrb2,Visium,Brain,Up,1.18128433930109,0.0029974108942153
154,Esyt3,Visium,Brain,Up,1.04950963288448,0.0030591964547397
155,Csrnp1,Visium,Brain,Up,0.589203288164356,0.0030639732028682
156,Grn,Visium,Brain,Up,0.423614769157221,0.0032558850349534
157,Ip6k3,Visium,Brain,Up,1.04709621406625,0.0032695759933789
158,Tnfaip8l2,Visium,Brain,Up,0.77099760665478,0.0036437815254958
159,Cd53,Visium,Brain,Up,0.560700547924198,0.0036437815254958
160,Tlr13,Visium,Brain,Up,0.90078848182978,0.0038731460320279
161,Naip2,Visium,Brain,Up,1.21111639745992,0.0039718590240258
162,Sspo,Visium,Brain,Down,-3.16021957992226,0.0041616932312883
163,Ncf1,Visium,Brain,Up,0.577992514767409,0.00420467454366
164,Fap,Visium,Brain,Down,-0.825126541175381,0.0043151566154181
165,Ggta1,Visium,Brain,Up,0.824402490224696,0.004326533093271
166,Fbn2,Visium,Brain,Down,-0.942183878548136,0.0044274748476957
167,Ppp1r17,Visium,Brain,Up,1.46052787259547,0.0050675916848957
168,Maff,Visium,Brain,Up,1.06199479809245,0.0052924232982307
169,Csrp2,Visium,Brain,Down,-0.762096236635219,0.0056307349835154
170,Abcc3,Visium,Brain,Up,0.752401199837539,0.0056923011085587
171,1700063D05Rik,Visium,Brain,Up,0.587656862959051,0.0057220288758898
172,Kcns3,Visium,Brain,Down,-0.56671616865833,0.0057753815886676
173,Slc7a10,Visium,Brain,Down,-0.458423722059339,0.0059258169884385
174,Hydin,Visium,Brain,Down,-1.2125275807344,0.0064793216224789
175,Fam71e1,Visium,Brain,Down,-0.52912885195832,0.0065538032665606
176,Morn5,Visium,Brain,Down,-1.02352277376866,0.0067992709677426
177,Cd38,Visium,Brain,Down,-0.592403627291092,0.007276885605698
178,Gm40518,Visium,Brain,Up,0.713236104014563,0.0074511291263878
179,H2-Oa,Visium,Brain,Up,0.766969300605364,0.0074992579716309
180,Jdp2,Visium,Brain,Up,0.48612476847873,0.0074992579716309
181,Bhlhe40,Visium,Brain,Up,0.552156694425734,0.007988085236981
182,Lrrc51,Visium,Brain,Down,-0.670608872745228,0.0080177148100359
183,Tead2,Visium,Brain,Down,-0.798549585461188,0.0083481887454509
184,Gm8104,Visium,Brain,Up,0.982755536114197,0.0083862851169983
185,Mlf1,Visium,Brain,Down,-1.26795182452326,0.0089106412987258
186,Mpzl1,Visium,Brain,Down,-0.446260528432497,0.009030127264389
187,Fam19a4,Visium,Brain,Up,0.755761441119547,0.009030127264389
188,Col7a1,Visium,Brain,Down,-0.85268266893824,0.0095285749310682
189,Socs3,Visium,Brain,Up,0.748529074412604,0.0095285749310682
190,Col20a1,Visium,Brain,Down,-0.674826547767828,0.0095812840864934
191,Dnaic1,Visium,Brain,Down,-0.5210440916779,0.0096422335306495
192,Dynlrb2,Visium,Brain,Down,-1.34701953521694,0.0097486525889259
193,H2-Ob,Visium,Brain,Up,0.973524011094888,0.0097486525889259
194,Rasal3,Visium,Brain,Up,0.747673536985449,0.0101630098129588
195,Vgll3,Visium,Brain,Down,-0.906419842460382,0.0104140136941102
196,Lsp1,Visium,Brain,Up,0.633771339769843,0.0108566184714985
197,Apod,Visium,Brain,Up,0.765596938600373,0.0112062751814344
198,Lair1,Visium,Brain,Up,0.568154950273013,0.0113727251584818
199,Sntn,Visium,Brain,Down,-1.42850529056646,0.0113727251584818
200,Renbp,Visium,Brain,Up,0.575311505203361,0.0120997015900925
201,Cd74,Visium,Brain,Up,0.977419417200197,0.0122899702090779
202,Xlr,Visium,Brain,Up,0.809691182505066,0.0123676064379559
203,Nme9,Visium,Brain,Down,-1.56421505621013,0.0123676064379559
204,Erich2,Visium,Brain,Down,-1.24707407030132,0.0123807148064834
205,Rab3c,Visium,Brain,Up,0.520145079981393,0.0128280049560432
206,Dnah10,Visium,Brain,Down,-1.06756549160914,0.0128482541240455
207,Pld4,Visium,Brain,Up,0.498686229454211,0.0129298325960374
208,Fcrls,Visium,Brain,Up,0.440558377792973,0.0136635508421958
209,Kif19a,Visium,Brain,Down,-0.842956112125625,0.013697893022659
210,Dmp1,Visium,Brain,Up,0.690653703763514,0.0137356584833195
211,Lgals3bp,Visium,Brain,Up,0.68427527627025,0.013848123541103
212,Slc15a3,Visium,Brain,Up,0.680465168775397,0.0144323236389673
213,Dock2,Visium,Brain,Up,0.620574933335514,0.0144323236389673
214,Mkrn3,Visium,Brain,Down,-0.999219286291501,0.0144323236389673
215,Gm9885,Visium,Brain,Down,-0.520383831821656,0.0146415467665046
216,Mlph,Visium,Brain,Up,1.01610330064406,0.0147649087838517
217,Ak7,Visium,Brain,Down,-1.2295491941701,0.0149994641625494
218,Ncf2,Visium,Brain,Up,0.549433975653781,0.0157072936120466
219,Calcr,Visium,Brain,Up,1.79140915935937,0.0160031291908633
220,Tbxas1,Visium,Brain,Up,0.645822579240742,0.0165910976303464
221,Cela1,Visium,Brain,Up,0.549329396849401,0.0165910976303464
222,Apba1,Visium,Brain,Up,0.426820425610131,0.0173635242860148
223,Chrna1os,Visium,Brain,Down,-0.660148261060945,0.0173737396480689
224,Cd86,Visium,Brain,Up,0.671303638289904,0.0173803192076113
225,Glis2,Visium,Brain,Down,-0.488333721431677,0.0183038266635813
226,Lrrc46,Visium,Brain,Down,-0.827576447450245,0.0187136763943235
227,Fermt3,Visium,Brain,Up,0.628142679908027,0.0194797536980235
228,Ncf4,Visium,Brain,Up,0.710919434968433,0.0197346350612206
229,Gm17750,Visium,Brain,Down,-0.493912078563337,0.019811580324956
230,Kcnn1,Visium,Brain,Down,-0.423701195322804,0.0198713175968805
231,9330199G10Rik,Visium,Brain,Up,1.04923850712312,0.0199128514120167
232,P2ry6,Visium,Brain,Up,0.624487111717536,0.0201114892877197
233,Carlr,Visium,Brain,Down,-0.627066787446481,0.0207430896362911
234,Slc35f2,Visium,Brain,Down,-0.668510964315661,0.0207546596910944
235,Aldh1l2,Visium,Brain,Up,0.766785653645812,0.0209461566661784
236,Cers1,Visium,Brain,Up,0.758175595788936,0.021589227231813
237,Gm20683,Visium,Brain,Down,-0.95630026539644,0.0223395149475566
238,Hist1h4h,Visium,Brain,Down,-0.46445434130566,0.0230128021536598
239,Sat1,Visium,Brain,Up,0.436993361705618,0.0233083426308216
240,Trim30d,Visium,Brain,Up,0.792100867510674,0.0233128579505371
241,A430027H14Rik,Visium,Brain,Down,-0.626145253669606,0.0234243735655082
242,Kcp,Visium,Brain,Down,-0.790820267035329,0.024141709820151
243,Tph2,Visium,Brain,Down,-0.888768853037893,0.0256541275425538
244,Slf1,Visium,Brain,Up,0.501821963647654,0.0258404192247178
245,3222401L13Rik,Visium,Brain,Up,0.767287503754574,0.0258404192247178
246,Odf3b,Visium,Brain,Down,-1.06615722883813,0.0258404192247178
247,Gsto2,Visium,Brain,Down,-0.723062022293958,0.0269708098240763
248,A830009L08Rik,Visium,Brain,Down,-0.542387386653191,0.0269708098240763
249,1700016K19Rik,Visium,Brain,Down,-0.755240829847971,0.0278327812163443
250,H2-DMb1,Visium,Brain,Up,0.68339358767411,0.0281924042264481
251,Cd33,Visium,Brain,Up,0.487972699769212,0.0284881997397991
252,Gm17455,Visium,Brain,Down,-0.893988857107803,0.0288427071528881
253,Tacr3,Visium,Brain,Down,-0.637011913091965,0.0290709962090062
254,Frmpd2,Visium,Brain,Down,-0.817903579439605,0.0292554018554163
255,Abca1,Visium,Brain,Up,0.434156870872346,0.0324376982423711
256,Tifab,Visium,Brain,Up,0.694849442241452,0.0332677403052987
257,Psmb9,Visium,Brain,Up,0.606244841052531,0.0343961511815375
258,Spidr,Visium,Brain,Up,0.608945362858956,0.034921447547084
259,Pcdhb13,Visium,Brain,Up,0.623864774643726,0.0360647127556897
260,Cd274,Visium,Brain,Up,0.721786370114104,0.0362221350050961
261,Gm35161,Visium,Brain,Down,-0.645680305177665,0.0367900035160426
262,Spaca9,Visium,Brain,Down,-1.02734390713202,0.0367900035160426
263,Ankrd66,Visium,Brain,Down,-0.88026113169195,0.0367900035160426
264,Ackr3,Visium,Brain,Up,0.519658892467598,0.0367900035160426
265,Frzb,Visium,Brain,Down,-0.61616279971534,0.0371278722702691
266,Gm10053,Visium,Brain,Down,-0.467283857967367,0.0371278722702691
267,Tagln,Visium,Brain,Up,0.532083651246132,0.0389740936817375
268,Parvg,Visium,Brain,Up,0.583382735334406,0.0390629130286189
269,Gosr1,Visium,Brain,Up,0.482224281749801,0.0399141130763442
270,Gdf10,Visium,Brain,Down,-0.506840344886071,0.0399141130763442
271,Prkcd,Visium,Brain,Up,0.884255901559998,0.040168853973098
272,Cyp2s1,Visium,Brain,Down,-0.605671254696078,0.0407214542552901
273,Itgam,Visium,Brain,Up,0.513770312699142,0.0418817866481586
274,Aqp1,Visium,Brain,Down,-1.56597160003189,0.042883600194029
275,Iqca,Visium,Brain,Down,-1.17023145117745,0.0429424009146362
276,Glipr1,Visium,Brain,Up,0.894041690437495,0.0429424009146362
277,Mycbpap,Visium,Brain,Down,-0.711111622270016,0.0438968544014545
278,Ppp1r32,Visium,Brain,Down,-0.783570374732896,0.0442340629443454
279,Nckap1l,Visium,Brain,Up,0.487435616072382,0.04519201000525
280,Srebf1,Visium,Brain,Up,0.381167011397276,0.0455020339016484
281,Bcas1,Visium,Brain,Up,0.372424614660577,0.0470244794566874
282,Tcap,Visium,Brain,Down,-0.572395821748401,0.0474898928009868
283,Adam12,Visium,Brain,Down,-0.681275926819131,0.0479962302147709
284,C1ql1,Visium,Brain,Down,-0.56697203390968,0.0479962302147709
285,Cfap43,Visium,Brain,Down,-0.884093892735034,0.0479962302147709
286,Edil3,Visium,Brain,Up,0.402994773474223,0.0484359860459459
287,Nxph3,Visium,Brain,Down,-0.468084032004646,0.0485069697229545
288,Trf,Visium,Brain,Up,0.696252956167916,0.0487863973450757
289,Stat3,Visium,Brain,Up,0.385096741087963,0.0493108462241226
290,C4b,STomics,Brain,Up,2.57293499826247,9.690271949752902e-10
291,Lyz2,STomics,Brain,Up,1.88863089409627,6.7337001363726e-08
292,C1qa,STomics,Brain,Up,0.92142899721685,1.56213667288827e-06
293,Serpina3n,STomics,Brain,Up,1.89598298689763,1.61952173495908e-06
294,Mpeg1,STomics,Brain,Up,0.994228681420343,1.78781614562739e-06
295,9630013A20Rik,STomics,Brain,Down,-2.71829475957808,1.91313263920889e-06
296,Gm21887,STomics,Brain,Down,-3.72790928359317,6.11483153007364e-06
297,AU020206,STomics,Brain,Up,1.35872541430557,1.02750180849997e-05
298,Abca8a,STomics,Brain,Up,1.11870108052412,1.02750180849997e-05
299,Gpnmb,STomics,Brain,Up,1.73273349424438,1.04707281604309e-05
300,Ctss,STomics,Brain,Up,0.622281985922806,1.70496934276242e-05
301,H2-K1,STomics,Brain,Up,0.643599009333366,1.88071618328485e-05
302,Gm47283,STomics,Brain,Down,-2.57613680818493,1.88071618328485e-05
303,Cnmd,STomics,Brain,Down,-1.37704078369851,2.31248144618996e-05
304,H2-D1,STomics,Brain,Up,0.597601110194558,2.43082400860938e-05
305,Cd52,STomics,Brain,Up,1.17792558697,2.58610938786964e-05
306,Gpr17,STomics,Brain,Down,-1.3274364534951,2.60385189011947e-05
307,Fcgr2b,STomics,Brain,Up,1.06193538028243,7.95527294619415e-05
308,Ctsd,STomics,Brain,Up,0.596469469222497,8.19370489202464e-05
309,Camk2a,STomics,Brain,Up,0.555987556257594,8.19370489202464e-05
310,Lgals3bp,STomics,Brain,Up,0.788472260484215,0.0001138423712594
311,Gm11273,STomics,Brain,Down,-0.710833312948651,0.0001166254778098
312,Cd68,STomics,Brain,Up,0.745797119492156,0.0001182068000938
313,Sgk1,STomics,Brain,Up,0.942547136811254,0.000159492107811
314,Oxt,STomics,Brain,Down,-6.52521113283476,0.0002284516648199
315,Tmem267,STomics,Brain,Down,-1.25641399612975,0.0002385830634191
316,Gtsf2,STomics,Brain,Down,-1.30571510375912,0.0002385830634191
317,Xdh,STomics,Brain,Up,0.862522119934689,0.0002385830634191
318,Apod,STomics,Brain,Up,0.796477107041556,0.0002385830634191
319,Pcdhb9,STomics,Brain,Up,0.73725528589838,0.0002810874827913
320,Osmr,STomics,Brain,Up,0.97521782596412,0.0004969703315138
321,Itm2a,STomics,Brain,Down,-0.641202708784688,0.000571404475429
322,Ctsz,STomics,Brain,Up,0.587839477365314,0.0005944689124213
323,Plin4,STomics,Brain,Up,1.1176840046193,0.0006462709480336
324,Pcdhb8,STomics,Brain,Up,1.00351062043877,0.0007465077873916
325,Nme7,STomics,Brain,Up,0.742551728493238,0.0007699999379688
326,Gm48530,STomics,Brain,Up,1.60055179221553,0.0007820798534188
327,Marcksl1,STomics,Brain,Down,-0.943163366933415,0.0007820798534188
328,AC149090.1,STomics,Brain,Up,1.0234883641235,0.0010819066787145
329,Bcl2a1b,STomics,Brain,Up,0.981150385551013,0.0010819066787145
330,Slc16a8,STomics,Brain,Up,0.992539828043441,0.0010819066787145
331,Cxcl16,STomics,Brain,Up,1.18955938627733,0.0011666950197406
332,Plek,STomics,Brain,Up,0.805661261226132,0.0011696341553483
333,Ccl6,STomics,Brain,Up,0.968560003743037,0.0012250646954376
334,Zc3hav1,STomics,Brain,Up,0.842032914917501,0.0012280882184619
335,Dpysl3,STomics,Brain,Down,-0.733049256096653,0.0012623726531656
336,Pcdhb14,STomics,Brain,Up,0.854754249835859,0.0016248353756937
337,Flnc,STomics,Brain,Up,1.10190898151583,0.0016430942974923
338,C230034O21Rik,STomics,Brain,Down,-0.927415032020868,0.0018924471243258
339,Nrep,STomics,Brain,Down,-0.594792803499527,0.0018924471243258
340,C1qc,STomics,Brain,Up,0.595488900524057,0.0019499466745674
341,Slc11a1,STomics,Brain,Up,0.984124534599596,0.0022496333775794
342,Opalin,STomics,Brain,Down,-0.733368970329999,0.002444855837112
343,C3ar1,STomics,Brain,Up,1.04891807426637,0.0029230531355252
344,Flywch1,STomics,Brain,Up,0.656418422779283,0.0029230531355252
345,Capg,STomics,Brain,Up,1.05353285650988,0.0035229335202214
346,Slc15a3,STomics,Brain,Up,0.738136651651051,0.0040336043447107
347,C3,STomics,Brain,Up,1.23166665123415,0.0041498431284894
348,Itgb5,STomics,Brain,Up,0.551061165310277,0.0048437534264009
349,Efemp1,STomics,Brain,Up,0.59734543999589,0.0048437534264009
350,Spag6,STomics,Brain,Up,0.916990754700101,0.0050627084450273
351,Lgals3,STomics,Brain,Up,1.43536307573385,0.0075587564578335
352,Vim,STomics,Brain,Up,0.726137759257315,0.0076247033236421
353,Gnb1l,STomics,Brain,Up,1.90872388511869,0.0077490491105379
354,Fcgr3,STomics,Brain,Up,0.518734773844401,0.007875713356502
355,Fam107a,STomics,Brain,Up,0.424634083302193,0.007875713356502
356,Idi1,STomics,Brain,Down,-0.835040003874088,0.0079138037415208
357,Calcr,STomics,Brain,Down,-1.69466734236847,0.0079138037415208
358,Lrmda,STomics,Brain,Up,0.793113919020784,0.0081641648192237
359,1700047M11Rik,STomics,Brain,Down,-0.690749596226544,0.0081855311703965
360,Pcdhb6,STomics,Brain,Up,1.33237270055401,0.0091883106003216
361,Ncf1,STomics,Brain,Up,0.652237475279395,0.0099217031321776
362,B2m,STomics,Brain,Up,0.477045984248838,0.0099734824213016
363,Eva1c,STomics,Brain,Up,0.785298826013847,0.0100420551650665
364,Trim33,STomics,Brain,Up,0.559052541589406,0.0111839145363608
365,Gm12371,STomics,Brain,Down,-0.705813138835299,0.0111839145363608
366,Avp,STomics,Brain,Down,-3.01222074718673,0.0111839145363608
367,Hvcn1,STomics,Brain,Up,0.845551898240969,0.0113806392266335
368,Ptprc,STomics,Brain,Up,0.692830086569443,0.0113806392266335
369,H2-Q7,STomics,Brain,Up,1.42746037780698,0.0121772394204713
370,H2-DMb1,STomics,Brain,Up,0.767813533437561,0.0121772394204713
371,Csf3r,STomics,Brain,Up,0.68584904600207,0.0127715772816555
372,Nkx2-2,STomics,Brain,Down,-0.621990542512615,0.0132918470708776
373,1700026J12Rik,STomics,Brain,Up,1.69381784914233,0.0143801677629716
374,Kazald1,STomics,Brain,Up,0.536424561113345,0.0143801677629716
375,Ntn5,STomics,Brain,Up,0.717184483590985,0.0143801677629716
376,Enpp6,STomics,Brain,Down,-0.594089418937781,0.0146237378267395
377,Trem2,STomics,Brain,Up,0.694218900096553,0.014792498131484
378,Gm765,STomics,Brain,Up,0.700645123262385,0.014792498131484
379,Tyrobp,STomics,Brain,Up,0.847538588052959,0.0148306039012867
380,Aspg,STomics,Brain,Up,0.811617521524875,0.0148306039012867
381,C1qb,STomics,Brain,Up,0.605297779326653,0.0148306039012867
382,Mog,STomics,Brain,Down,-0.508852823087217,0.014935165105084
383,Gpr141,STomics,Brain,Down,-1.06914332495068,0.0151705036518118
384,Mia,STomics,Brain,Down,-0.927510560980429,0.0161492481431496
385,Gm4950,STomics,Brain,Down,-0.735083408399968,0.0162702419787206
386,Fa2h,STomics,Brain,Down,-0.40013711134255,0.0162702419787206
387,3222401L13Rik,STomics,Brain,Up,0.840348526837253,0.0162702419787206
388,Igfbp4,STomics,Brain,Up,0.525581779193811,0.0162702419787206
389,Cd300c2,STomics,Brain,Up,0.657912377039772,0.0162702419787206
390,Pcdhb3,STomics,Brain,Up,0.628669042509677,0.0174594984804881
391,S100a4,STomics,Brain,Up,0.902142592765342,0.0180405069894692
392,Col8a1,STomics,Brain,Up,0.577407133131096,0.0181666906173351
393,Laptm5,STomics,Brain,Up,0.437484388297436,0.0187851091721528
394,Glra2,STomics,Brain,Down,-0.618642850234,0.0194893110134009
395,Tsix,STomics,Brain,Up,1.53278271470118,0.0207986096461948
396,Abca4,STomics,Brain,Up,0.738088927378598,0.0213768253515394
397,Gal3st1,STomics,Brain,Down,-0.702656150074281,0.0213768253515394
398,Ubap1l,STomics,Brain,Down,-0.62387092409248,0.0213768253515394
399,Trh,STomics,Brain,Down,-1.96922135563017,0.0213768253515394
400,Grb14,STomics,Brain,Down,-0.71005241459177,0.0219145683962827
401,Mvp,STomics,Brain,Up,0.473661577262858,0.0219145683962827
402,Pycard,STomics,Brain,Up,0.530490834044138,0.0224646660883425
403,Pcdhb5,STomics,Brain,Up,0.647315257452469,0.0231227576324491
404,Gm29478,STomics,Brain,Down,-1.07225216788258,0.0233384260002976
405,Ptger4,STomics,Brain,Up,0.882981497210074,0.0240914320854648
406,Sfmbt2,STomics,Brain,Down,-0.521883726541727,0.02523052694513
407,Olfr66,STomics,Brain,Down,-0.579358780924912,0.02523052694513
408,Itgb2,STomics,Brain,Up,0.762445418788986,0.0254379478217895
409,Cd84,STomics,Brain,Up,0.740783344769913,0.0263978160778489
410,Kcng2,STomics,Brain,Up,0.566176587313595,0.0267761300478833
411,Mal,STomics,Brain,Down,-0.406773364340591,0.0298129753556522
412,Ptk2b,STomics,Brain,Up,0.659569550650939,0.0312673120669123
413,Rbfox3,STomics,Brain,Up,0.593070437128693,0.03128582178813
414,D130009I18Rik,STomics,Brain,Up,1.45976042147825,0.031776525638421
415,Uchl4,STomics,Brain,Down,-0.651996489671928,0.031776525638421
416,Car1,STomics,Brain,Down,-0.78441445480338,0.033303350982014
417,B230209E15Rik,STomics,Brain,Up,0.73844239511559,0.033303350982014
418,Nkd1,STomics,Brain,Down,-0.66110352743203,0.0338072274182522
419,Ccdc88b,STomics,Brain,Up,0.635374654854911,0.0338072274182522
420,Rnf122,STomics,Brain,Down,-0.558793062219645,0.0338072274182522
421,Irf8,STomics,Brain,Up,0.544251370880863,0.0338072274182522
422,Bmp6,STomics,Brain,Up,0.52009326157077,0.0354237060912827
423,Fcer1g,STomics,Brain,Up,0.620920789080225,0.0362159518092518
424,Gamt,STomics,Brain,Down,-0.544889708261723,0.0383510586436263
425,Klf9,STomics,Brain,Up,0.445200747275973,0.0387482941438915
426,Ube4bos1,STomics,Brain,Up,1.73683468520726,0.0419680794743079
427,Plce1,STomics,Brain,Up,0.446592531892727,0.0456271838735287
428,Jsrp1,STomics,Brain,Up,0.607029503372905,0.0461985300468101
429,Il16,STomics,Brain,Up,0.718416560080773,0.0461985300468101
430,Hist3h2a,STomics,Brain,Down,-0.377568394378785,0.0462344098920857
431,Slc12a7,STomics,Brain,Up,0.668060595415955,0.0477815813341274
432,Tnnc1,STomics,Brain,Down,-0.896864439011163,0.0477815813341274
433,Ms4a6d,STomics,Brain,Up,0.827934068926543,0.0477815813341274
434,Sept1,STomics,Brain,Down,-0.534617874427764,0.0492876641203334
435,Tcp11,STomics,Brain,Down,-0.478762075699793,0.0492876641203334
436,Myot,Visium,Heart,Up,1.95551477678952,3.15610645162092e-08
437,Csprs,Visium,Heart,Up,3.39870657726023,3.15610645162092e-08
438,2310002L09Rik,Visium,Heart,Up,1.12860258952586,3.15610645162092e-08
439,Serpina3n,Visium,Heart,Up,1.83860290065632,5.44583328350075e-08
440,Acta1,Visium,Heart,Up,1.9926167986867,5.44583328350075e-08
441,Scn4b,Visium,Heart,Up,1.67620843237457,6.57110137863292e-08
442,Eef1a2,Visium,Heart,Up,1.51602979952349,2.40421686334292e-07
443,Neat1,Visium,Heart,Up,1.12714151014266,2.44691139298429e-07
444,Ano5,Visium,Heart,Up,3.64221726387352,2.44691139298429e-07
445,Ano10,Visium,Heart,Down,-1.46414592401384,2.53160074841968e-07
446,Edn3,Visium,Heart,Up,3.08870155545536,2.99441953545195e-07
447,Bdh1,Visium,Heart,Up,1.14703175042803,3.18369776950368e-07
448,Klk1b26,Visium,Heart,Up,4.06253789919296,3.18369776950368e-07
449,Sfrp5,Visium,Heart,Down,-2.71049452492492,9.07975239538709e-07
450,Dbh,Visium,Heart,Down,-1.85847975408367,1.7315004289044e-06
451,Prune2,Visium,Heart,Up,1.08546776535362,1.7315004289044e-06
452,Casq1,Visium,Heart,Down,-1.76190780379097,1.7315004289044e-06
453,Ccl8,Visium,Heart,Up,1.68076124013567,1.88202082144257e-06
454,Myl7,Visium,Heart,Down,-1.25328615928745,2.01113261115045e-06
455,Ddc,Visium,Heart,Down,-3.10265136792,2.43334703392263e-06
456,Lars2,Visium,Heart,Up,0.880141562951086,2.48857657243854e-06
457,Fkbp5,Visium,Heart,Up,1.70989448757202,2.81309674369937e-06
458,Sln,Visium,Heart,Down,-1.18088876292819,3.39790590721993e-06
459,Cdh22,Visium,Heart,Up,2.91269629997881,3.79257253696534e-06
460,Efnb3,Visium,Heart,Down,-1.06931163874175,4.8050280523289e-06
461,Fmo2,Visium,Heart,Up,1.28053804422595,4.8050280523289e-06
462,Gm47283,Visium,Heart,Down,-1.70784337092676,4.91480961370053e-06
463,Kcnip2,Visium,Heart,Down,-1.16216287738458,5.05576344107923e-06
464,Gck,Visium,Heart,Up,1.29398061284583,9.19834788170334e-06
465,Acsm5,Visium,Heart,Up,1.91401479518826,1.11477711431233e-05
466,Tgm2,Visium,Heart,Up,0.739869780055013,1.11477711431233e-05
467,Prkcz,Visium,Heart,Up,1.3225969186492,1.16086770711364e-05
468,Myl4,Visium,Heart,Down,-0.992937745776419,1.224158460521e-05
469,Ptpn11,Visium,Heart,Up,0.746794274368047,1.26035007880564e-05
470,Cpxm2,Visium,Heart,Up,1.56152419670228,1.37926688011199e-05
471,Mmp3,Visium,Heart,Up,1.56873864011355,1.38572041641438e-05
472,Cdkn1a,Visium,Heart,Up,1.18257188692785,1.38572041641438e-05
473,AC149090.1,Visium,Heart,Up,0.826661562204067,1.76794537321065e-05
474,Stard10,Visium,Heart,Down,-0.767680530850652,1.76794537321065e-05
475,Tbc1d10c,Visium,Heart,Down,-1.49434446395384,1.76794537321065e-05
476,Ugp2,Visium,Heart,Up,0.830231876534985,1.89858686457444e-05
477,Tnni1,Visium,Heart,Down,-3.7045822464097,2.06057646635703e-05
478,Gm24474,Visium,Heart,Down,-1.40235295657151,2.07302501786113e-05
479,Abat,Visium,Heart,Up,0.952105498391574,2.63186771424847e-05
480,Cds1,Visium,Heart,Up,1.76585164330313,3.56108054910476e-05
481,Pum3,Visium,Heart,Down,-0.775366568841054,3.899585882795e-05
482,Syn2,Visium,Heart,Up,1.46241962932591,3.899585882795e-05
483,C4b,Visium,Heart,Up,1.6686804208772,3.92574668644545e-05
484,Gm5532,Visium,Heart,Up,0.799911770651812,4.96168728127303e-05
485,Gm40457,Visium,Heart,Up,1.59637055179416,5.42236724982988e-05
486,Cp,Visium,Heart,Up,0.791240586867593,5.42236724982988e-05
487,Tceal8,Visium,Heart,Down,-0.838163048318583,6.2437533410449e-05
488,Lrrc10,Visium,Heart,Up,0.665357148069507,6.48772048494379e-05
489,Prkcq,Visium,Heart,Up,1.73824354881332,6.62593360826696e-05
490,Ogdhl,Visium,Heart,Up,1.65541689795969,6.83614457326575e-05
491,Fhl1,Visium,Heart,Up,0.7921490697836,6.996519127831e-05
492,Slc22a1,Visium,Heart,Down,-1.42252767293364,7.73340193654518e-05
493,Ehd4,Visium,Heart,Up,0.798390489738316,9.14979836924572e-05
494,Ighg2c,Visium,Heart,Up,1.60814500501353,9.76418430273897e-05
495,Amy1,Visium,Heart,Up,1.22963176248144,0.0001019401259506
496,Lrrc3b,Visium,Heart,Down,-0.932029258091879,0.0001198201453692
497,Pth1r,Visium,Heart,Up,0.796393205111376,0.0001248163995698
498,Trim54,Visium,Heart,Up,0.841598803148568,0.0001272163101582
499,C3,Visium,Heart,Up,0.963766633313091,0.0001343205009483
500,Tppp3,Visium,Heart,Down,-0.725115724757425,0.000146114720492
501,Ifi205,Visium,Heart,Up,1.70856677500499,0.0001514147637429
502,Lyve1,Visium,Heart,Up,0.800016738103443,0.0001583803290759
503,Slc38a4,Visium,Heart,Down,-1.47710265648596,0.0001636361233435
504,Sult1a1,Visium,Heart,Up,0.7046137099764,0.0001839748676016
505,Ifi207,Visium,Heart,Up,1.20936895253489,0.0001839748676016
506,Lgals4,Visium,Heart,Down,-1.11582970524759,0.0001981331437539
507,Fetub,Visium,Heart,Up,1.76381262502533,0.0002202678101834
508,Hcn2,Visium,Heart,Up,0.797171236589621,0.0002247136005485
509,Sdf2l1,Visium,Heart,Down,-0.98411993757175,0.0002247136005485
510,Gm6563,Visium,Heart,Down,-1.3701958983934,0.0002247136005485
511,F13a1,Visium,Heart,Up,0.910149310194394,0.0002768867364811
512,Alas1,Visium,Heart,Up,0.60885983983476,0.0002768867364811
513,Adamts8,Visium,Heart,Up,1.87428061468562,0.0002768867364811
514,Cacna1g,Visium,Heart,Down,-1.11983172967723,0.0002788889719678
515,Mal,Visium,Heart,Up,1.02809460764355,0.0002788889719678
516,Fam124a,Visium,Heart,Up,0.984901324908084,0.0002788889719678
517,Apbb1ip,Visium,Heart,Up,1.24776339865937,0.0003012226791182
518,Ppip5k1,Visium,Heart,Up,0.714500382429784,0.000304129796752
519,Rxfp1,Visium,Heart,Down,-1.62459722269096,0.0003236498337193
520,Slc17a7,Visium,Heart,Up,0.891934943105425,0.0003565352826629
521,Rit1,Visium,Heart,Down,-0.724074897922209,0.0003967633699443
522,Slc16a6,Visium,Heart,Up,1.38202847580537,0.0004079060636475
523,Ankrd1,Visium,Heart,Up,1.03240575518559,0.0004183528711693
524,Selenos,Visium,Heart,Down,-0.683456001702643,0.0004204609815878
525,Alyref,Visium,Heart,Down,-0.638068521668351,0.0004475415523302
526,Nrep,Visium,Heart,Down,-0.945223757866135,0.0004475415523302
527,Gm16316,Visium,Heart,Down,-1.2724778064727,0.0004571786817117
528,Gfpt2,Visium,Heart,Up,0.814838455881324,0.0004916132990721
529,Lmntd1,Visium,Heart,Down,-1.46266435664863,0.000493996268338
530,Serinc3,Visium,Heart,Up,0.784964149135699,0.0004965552881622
531,AC123870.1,Visium,Heart,Down,-1.32374673315941,0.0005749174153387
532,Cnksr1,Visium,Heart,Up,1.24131687680564,0.0005869679557622
533,Ppil1,Visium,Heart,Down,-0.747067869557644,0.0006315985529758
534,Ric3,Visium,Heart,Up,1.69715494704677,0.0006361526074421
535,Ccr2,Visium,Heart,Up,1.63486205172459,0.0006407891263453
536,Ttll7,Visium,Heart,Up,1.39034011845259,0.0006407891263453
537,C5ar1,Visium,Heart,Up,1.08239037958013,0.0006506535538708
538,Pdlim5,Visium,Heart,Up,0.773031712320078,0.0006643187511265
539,Pde1c,Visium,Heart,Down,-0.680204631011066,0.0006892495453497
540,Impa2,Visium,Heart,Down,-0.926813829008326,0.0007158962171481
541,Dpep1,Visium,Heart,Up,0.844936528680526,0.0007192721731286
542,Mfsd4a,Visium,Heart,Up,1.48221624575003,0.0007192721731286
543,Cks1b,Visium,Heart,Down,-0.865874102240061,0.0007192721731286
544,Gm31659,Visium,Heart,Down,-1.18057924837688,0.0007643667247722
545,Wisp2,Visium,Heart,Up,0.93987316005109,0.0007643667247722
546,Gm32849,Visium,Heart,Down,-1.48002045457034,0.0008627088849022
547,Pltp,Visium,Heart,Up,0.575752245112774,0.0009271928005154
548,Dpm2,Visium,Heart,Down,-0.700687348899425,0.0010439227177583
549,Hspb6,Visium,Heart,Up,0.828969081106457,0.0011098162527686
550,Cd84,Visium,Heart,Up,1.35838837044921,0.0011297668904193
551,Thbd,Visium,Heart,Up,0.550306735502995,0.0011515485133239
552,Col3a1,Visium,Heart,Down,-0.60397382929628,0.0011526463623013
553,Fam78a,Visium,Heart,Down,-0.663009998616114,0.0011916314108589
554,Lrrcc1,Visium,Heart,Up,1.03030289971188,0.0012726348275586
555,A330102I10Rik,Visium,Heart,Down,-1.67496775368804,0.0012879587410526
556,Slc43a2,Visium,Heart,Up,0.736350165420057,0.0012981302071491
557,Lilr4b,Visium,Heart,Up,1.50287981875088,0.0013011051581684
558,Plin3,Visium,Heart,Up,0.665492019493781,0.0014021357688414
559,Ift81,Visium,Heart,Down,-0.71113818729818,0.001442614076378
560,Lox,Visium,Heart,Up,1.40632205690771,0.0015096876323739
561,Amot,Visium,Heart,Up,0.97398761345473,0.0015096876323739
562,Fbxw7,Visium,Heart,Down,-0.623788990985353,0.0015123127693697
563,Ccbe1,Visium,Heart,Up,1.56836924071671,0.0015901508676815
564,Tns1,Visium,Heart,Up,0.826257659383913,0.0016150327397661
565,Syvn1,Visium,Heart,Down,-0.624419081267875,0.0016224241890151
566,Cdh4,Visium,Heart,Up,1.73255266856309,0.0016378676437165
567,Qsox1,Visium,Heart,Up,0.670211478250676,0.0016707080081452
568,Lamb3,Visium,Heart,Down,-0.822670833984655,0.0016878385366006
569,1810021B22Rik,Visium,Heart,Down,-1.17562156398408,0.0017133854745856
570,Cacna1h,Visium,Heart,Down,-0.89715105330943,0.0018213591890901
571,Trnp1,Visium,Heart,Up,0.966701741293672,0.0018991307853836
572,Cyp4b1,Visium,Heart,Up,0.586367307893433,0.0019007799329194
573,Gm10073,Visium,Heart,Down,-0.722539811173257,0.0020251652346465
574,Syt12,Visium,Heart,Up,1.36077733627074,0.0020281280747501
575,Nrxn2,Visium,Heart,Up,1.06574181020493,0.0021100843727462
576,Siah2,Visium,Heart,Down,-0.766774315647669,0.0021224149299638
577,Apol11b,Visium,Heart,Up,1.87456198454707,0.0021228450184756
578,Camk2b,Visium,Heart,Up,1.04816229880294,0.0021486973894301
579,Pmf1,Visium,Heart,Down,-0.778438510553356,0.0022681200701859
580,B2m,Visium,Heart,Up,0.8224527221568,0.002290809936759
581,Rasl10b,Visium,Heart,Up,0.686375765139264,0.002290809936759
582,Capns1,Visium,Heart,Up,0.542850966583072,0.002290809936759
583,Megf9,Visium,Heart,Up,0.9157595091384,0.002290809936759
584,Gm15743,Visium,Heart,Up,1.34641639143774,0.0023187236614899
585,Cox16,Visium,Heart,Down,-0.839895177589326,0.0023842510825854
586,Inpp5a,Visium,Heart,Up,0.58246209859521,0.0023842510825854
587,Krt80,Visium,Heart,Up,1.38685161991602,0.002395024875626
588,Hcn4,Visium,Heart,Down,-1.10191562003457,0.0024088934971495
589,Dguok,Visium,Heart,Down,-0.560203997089075,0.0024375625656122
590,Mybphl,Visium,Heart,Down,-0.617110741742442,0.0024375625656122
591,Sac3d1,Visium,Heart,Down,-0.775635791496534,0.0024482199122671
592,Atp2a3,Visium,Heart,Up,0.88840036601175,0.0024482199122671
593,Gpr153,Visium,Heart,Down,-0.71063070948973,0.0024607448941437
594,Cep128,Visium,Heart,Down,-0.847288252357102,0.0024702761536886
595,Olfr1033,Visium,Heart,Up,0.943776898492071,0.0024751491165102
596,Itgb6,Visium,Heart,Down,-1.09162958469647,0.0024757170392802
597,Pcdh1,Visium,Heart,Up,0.656389304801886,0.0025336403150353
598,2810474O19Rik,Visium,Heart,Up,1.16439158732873,0.002620236365608
599,Pcdhb20,Visium,Heart,Up,1.27575334207176,0.0026310202295701
600,Gm11967,Visium,Heart,Up,1.54534388684056,0.0026877255933872
601,Tmem107,Visium,Heart,Down,-0.671198665334407,0.0026939749077913
602,Skap2,Visium,Heart,Up,1.03998843350661,0.0026988563643937
603,Mtg1,Visium,Heart,Down,-0.544191113529801,0.0027179906969391
604,Pirb,Visium,Heart,Up,0.938652207573704,0.002775845971797
605,Cfh,Visium,Heart,Up,0.570280739784461,0.002789908999984
606,Gpx7,Visium,Heart,Down,-0.633381128711368,0.002789908999984
607,Rnaset2b,Visium,Heart,Up,0.745911971788561,0.002789908999984
608,Ppp1r3d,Visium,Heart,Down,-0.666602932308806,0.0028027363326322
609,Ccl5,Visium,Heart,Up,0.964561348417573,0.0028049866564352
610,Six5,Visium,Heart,Down,-0.640192886646463,0.0028049866564352
611,Adra1b,Visium,Heart,Down,-0.680975925465666,0.0028070915732969
612,Sgk1,Visium,Heart,Up,0.678141729844978,0.002869919518907
613,Pla1a,Visium,Heart,Up,0.634964628573396,0.0028889543222067
614,Clic5,Visium,Heart,Up,0.597324007460967,0.0029106804284511
615,Scara5,Visium,Heart,Up,0.620307190392784,0.002963350571356
616,E330017L17Rik,Visium,Heart,Down,-0.832628256252472,0.0029946895405855
617,AL583891.1,Visium,Heart,Down,-1.3490083897833,0.0030281041837463
618,Nox4,Visium,Heart,Up,1.2980544594222,0.0030341257180242
619,Col11a2,Visium,Heart,Down,-1.75873802452666,0.0031661545046921
620,Mrc1,Visium,Heart,Up,0.694445157454202,0.003300519760137
621,Creld2,Visium,Heart,Down,-0.672216935523724,0.0033852225832195
622,Ube2v1,Visium,Heart,Up,1.42497818771595,0.0034412715480926
623,Fbln7,Visium,Heart,Up,1.36584032349696,0.0034621418839073
624,Med30,Visium,Heart,Down,-0.726487796674247,0.0035212833445137
625,Dcaf4,Visium,Heart,Down,-0.992611929045152,0.0036085210584627
626,Prkcd,Visium,Heart,Up,0.716353457178104,0.0036372339244386
627,Med31,Visium,Heart,Down,-0.840504540107038,0.0036385474182148
628,Eepd1,Visium,Heart,Down,-0.64875563715084,0.0036939386764922
629,Smim5,Visium,Heart,Down,-0.782132326878575,0.0037686081136073
630,Klhl41,Visium,Heart,Up,0.586259956845847,0.0038109395175203
631,Ankrd23,Visium,Heart,Up,0.748991160218055,0.0041032420471354
632,Rsph3a,Visium,Heart,Down,-0.996217554668443,0.0043129087136584
633,Ppp1r1b,Visium,Heart,Down,-1.12419742404139,0.0044007994839443
634,Dynll2,Visium,Heart,Up,0.526524932953072,0.0044135066712648
635,Ahsa1,Visium,Heart,Down,-0.660965145149208,0.0045423314717953
636,Pfkfb1,Visium,Heart,Up,0.869292655538492,0.0046509824395731
637,Fam160b2,Visium,Heart,Up,0.683383764575677,0.004702078056049
638,S100a9,Visium,Heart,Up,1.50169684796056,0.0047025141031858
639,Gpc1,Visium,Heart,Up,0.799197437416329,0.0047035117463061
640,Gja3,Visium,Heart,Down,-0.738923188544203,0.0047045337298589
641,Gm26870,Visium,Heart,Up,3.41196400149493,0.0047639179475914
642,Kcnj5,Visium,Heart,Down,-0.681828496774567,0.004816631097073
643,Acot1,Visium,Heart,Down,-1.15913599446297,0.0049448305591917
644,Zfyve21,Visium,Heart,Down,-0.563572478576521,0.0049619571253812
645,Gadd45g,Visium,Heart,Down,-0.827717281200199,0.0049928769620183
646,Anks1,Visium,Heart,Down,-0.599368348215404,0.0049962969966727
647,Mlf1,Visium,Heart,Down,-0.663810791938142,0.0049962969966727
648,Aplnr,Visium,Heart,Down,-0.651529649238359,0.0050336866264451
649,Ly6e,Visium,Heart,Up,0.530406664192621,0.0050437505213197
650,Sorcs2,Visium,Heart,Down,-1.06810690797522,0.0050911167570392
651,Nrtn,Visium,Heart,Down,-0.611142308593007,0.0051025857457828
652,Adamts5,Visium,Heart,Up,0.569170793553666,0.0051025857457828
653,Dnaja1,Visium,Heart,Down,-0.519521790388881,0.0052102907618065
654,Ctgf,Visium,Heart,Up,0.904383631260111,0.0052739368175092
655,Sod3,Visium,Heart,Up,0.522883285472072,0.0052906024216033
656,Abcb4,Visium,Heart,Up,0.930683156323601,0.0053008448336107
657,Plekhg1,Visium,Heart,Up,1.00216405148968,0.0053008448336107
658,Icam1,Visium,Heart,Up,0.844773259604329,0.0053008448336107
659,Zfp953,Visium,Heart,Down,-1.05093526515997,0.0053094091697014
660,Rrp15,Visium,Heart,Down,-0.897102123449974,0.0053339305398005
661,Tuba1c,Visium,Heart,Up,1.11771183517648,0.0053339305398005
662,Thy1,Visium,Heart,Up,0.628897306999504,0.005353750544373
663,Aldob,Visium,Heart,Up,1.5607677214982,0.0054891840781729
664,Gstp2,Visium,Heart,Down,-0.924495499889738,0.0055650303224407
665,Slc6a6,Visium,Heart,Up,1.13929660162085,0.0056970310761641
666,Tceal1,Visium,Heart,Down,-0.665917836846686,0.0057718712383791
667,Ddit4l,Visium,Heart,Down,-1.38857696459841,0.0057881625919735
668,Gm9493,Visium,Heart,Down,-0.858792359465623,0.0059227691107073
669,Maf,Visium,Heart,Up,0.624910850624372,0.0059227691107073
670,Fstl3,Visium,Heart,Up,0.69561865127445,0.0060181546656862
671,Vps37c,Visium,Heart,Down,-0.76983549610833,0.0061909253603358
672,Acsf2,Visium,Heart,Up,0.613267018293169,0.0061909253603358
673,Gm33609,Visium,Heart,Up,1.02763674895022,0.0064152984877571
674,Itga9,Visium,Heart,Up,0.699131045659769,0.0064568412331978
675,Mfge8,Visium,Heart,Up,0.499143410907406,0.006458573785441
676,Ppp1r14c,Visium,Heart,Down,-0.623371514967923,0.0066060463454681
677,Oas2,Visium,Heart,Up,0.996484951011158,0.0066366702970287
678,Dnajb12,Visium,Heart,Up,0.670560804815602,0.0067136453190022
679,9130011E15Rik,Visium,Heart,Down,-0.952202909191982,0.0067146458399387
680,Clic4,Visium,Heart,Up,0.535915483610432,0.0070140209016352
681,Il17d,Visium,Heart,Down,-0.705610610180971,0.0070638721555586
682,Itm2a,Visium,Heart,Down,-0.693675277373432,0.0071880506807477
683,Heatr5b,Visium,Heart,Down,-0.715127001425956,0.0074747620625206
684,Parp3,Visium,Heart,Up,0.59861231936472,0.0074995480550909
685,Trim67,Visium,Heart,Up,1.7646106923615,0.0077466183594267
686,Bex3,Visium,Heart,Down,-0.830352620440223,0.0078748628939149
687,Cmtm8,Visium,Heart,Down,-0.715208905922143,0.0080505160705148
688,C530008M17Rik,Visium,Heart,Down,-0.715294680817235,0.0081129227109483
689,Dmpk,Visium,Heart,Up,0.51815434143819,0.0081129227109483
690,Arc,Visium,Heart,Up,1.73049702253788,0.0082396122914244
691,Atp1b1,Visium,Heart,Up,0.533407121057473,0.0086287739813601
692,Tac1,Visium,Heart,Up,0.808077796341154,0.0086403338104069
693,Klra9,Visium,Heart,Up,1.50281021904363,0.0087872578568106
694,Pirt,Visium,Heart,Down,-1.06121265535728,0.0087895401409354
695,Rbm3,Visium,Heart,Up,0.551072383876602,0.0088008172888067
696,Rbm45,Visium,Heart,Up,1.15158854213932,0.0088841723851261
697,Ccl6,Visium,Heart,Up,0.591055776274093,0.0091802340267564
698,Ccl11,Visium,Heart,Up,1.2603592148231,0.0092424533412815
699,Fgf12,Visium,Heart,Down,-0.744246321423995,0.0093011223794534
700,Xbp1,Visium,Heart,Down,-0.502593041168938,0.0093011223794534
701,Rab12,Visium,Heart,Up,0.528384876078419,0.009335615328683
702,Pkm,Visium,Heart,Up,0.524094660614299,0.009335615328683
703,Itgbl1,Visium,Heart,Up,0.667156094323955,0.0094547018329401
704,Cpe,Visium,Heart,Up,0.642336579313919,0.009501753636011
705,Gyg,Visium,Heart,Up,0.508534645732561,0.009501753636011
706,Itgb2,Visium,Heart,Up,0.839237949348682,0.009501753636011
707,Asb11,Visium,Heart,Up,0.644208242299137,0.009501753636011
708,Ciart,Visium,Heart,Up,1.6606305214555,0.009567602247735
709,Rsph3b,Visium,Heart,Down,-0.867492395608444,0.0097099005410095
710,Mrpl53,Visium,Heart,Down,-0.929114115579697,0.0098073677120924
711,Cyp2b10,Visium,Heart,Up,3.25182117846806,0.0098073677120924
712,Tmem216,Visium,Heart,Down,-0.660441928720125,0.0098073677120924
713,Gpi1,Visium,Heart,Up,0.542545156995225,0.0099270504182557
714,Slc38a1,Visium,Heart,Down,-0.957206273192829,0.0100016036054204
715,Ubfd1,Visium,Heart,Down,-0.564534591671255,0.0100164515763469
716,Smtnl2,Visium,Heart,Down,-0.687336831623558,0.0101450543041644
717,Gdf10,Visium,Heart,Up,1.42230654915578,0.0104113411433673
718,Cilp2,Visium,Heart,Down,-0.777326737341941,0.0104294465777798
719,Nova1,Visium,Heart,Up,1.5901359391154,0.0104668454030396
720,Cd209f,Visium,Heart,Up,1.49416008094342,0.0104824859034552
721,Ccng1,Visium,Heart,Up,0.496334896892301,0.0104824859034552
722,Gbe1,Visium,Heart,Up,0.520306281048175,0.0105740967420147
723,S100a8,Visium,Heart,Up,1.24570465137183,0.0106096021570698
724,Slc7a5,Visium,Heart,Up,1.0276390083884,0.0108079787468426
725,Fam173b,Visium,Heart,Down,-0.54737425596205,0.0109805281517291
726,H19,Visium,Heart,Up,1.02816204570549,0.0111149129219656
727,Csrnp1,Visium,Heart,Up,0.946343037296351,0.011132679328355
728,Fhl3,Visium,Heart,Up,1.31392223794443,0.011132679328355
729,Zdhhc12,Visium,Heart,Down,-0.738696080314653,0.011132679328355
730,Tmcc2,Visium,Heart,Up,0.536081692452319,0.011132679328355
731,S100a4,Visium,Heart,Up,0.729028491798849,0.0112593943377431
732,Hsd11b1,Visium,Heart,Up,0.561209822632074,0.0112973334749601
733,Polr2d,Visium,Heart,Down,-0.688647434385433,0.0114371754859513
734,Manf,Visium,Heart,Down,-0.877830033266041,0.0114371754859513
735,Acsl6,Visium,Heart,Up,0.768669520881516,0.0115857751582334
736,Cdk2ap1,Visium,Heart,Up,0.713873370734549,0.0116337441276937
737,Clec4a1,Visium,Heart,Up,0.789588043458421,0.0116337441276937
738,Setd7,Visium,Heart,Up,0.520368536162702,0.011640127569894
739,Ctss,Visium,Heart,Up,0.613600146708124,0.011640127569894
740,Adgrd1,Visium,Heart,Up,0.816929137381301,0.0117998337495201
741,Vwf,Visium,Heart,Up,0.561325225016109,0.0118522914592487
742,Snx10,Visium,Heart,Up,0.645555270464598,0.0119556458708097
743,Pcp4,Visium,Heart,Down,-1.44677012113832,0.0119556458708097
744,Ormdl2,Visium,Heart,Down,-0.76547307075444,0.0120795140296977
745,Lgr6,Visium,Heart,Down,-0.715753756198192,0.0121781273872029
746,Dnd1,Visium,Heart,Down,-1.1617892830247,0.0128512457220347
747,Cd248,Visium,Heart,Up,0.608422592176879,0.0132196083631721
748,Ccl9,Visium,Heart,Up,0.593696415087024,0.0133285834847139
749,B3galt6,Visium,Heart,Down,-0.725216548788679,0.0133358637034125
750,Tmem38b,Visium,Heart,Up,0.553432052498259,0.0133748617313693
751,Ifi211,Visium,Heart,Up,1.08431321464501,0.0133960924058224
752,Klf4,Visium,Heart,Up,0.54629865304583,0.0134138635403279
753,Klf6,Visium,Heart,Up,0.513872255278206,0.0134138635403279
754,3110002H16Rik,Visium,Heart,Down,-0.535546538875948,0.0134138635403279
755,Wfs1,Visium,Heart,Up,0.489213856220941,0.0134138635403279
756,Tmem267,Visium,Heart,Down,-0.661655939490182,0.0137930230729493
757,Gadd45b,Visium,Heart,Down,-0.596810464534167,0.0138228372504064
758,Gm42418,Visium,Heart,Up,0.640083320030946,0.0141102165250097
759,Phf5a,Visium,Heart,Down,-0.605875429961787,0.0143913279090337
760,Pycrl,Visium,Heart,Down,-0.743180421169839,0.0144499371019061
761,Phyhip,Visium,Heart,Up,1.36201115555,0.0144499371019061
762,Adamtsl3,Visium,Heart,Up,0.755961555112,0.0146712209734373
763,Gsg1l,Visium,Heart,Down,-0.819235560007271,0.0146813164526147
764,Stum,Visium,Heart,Down,-1.09755210371854,0.014771639682455
765,Zbtb16,Visium,Heart,Up,1.43159350001693,0.0149366552219289
766,Pdzrn4,Visium,Heart,Down,-0.935271338306067,0.0151287430750015
767,Timm23,Visium,Heart,Up,0.653636738129062,0.0153139815794871
768,Gm19410,Visium,Heart,Up,1.37133590406879,0.0153139815794871
769,Ms4a6c,Visium,Heart,Up,0.889237816932324,0.01565750481817
770,Sbk2,Visium,Heart,Down,-0.68848357392573,0.0158566627825674
771,Cyp1b1,Visium,Heart,Up,0.818131874356824,0.0165257898165567
772,Zfp973,Visium,Heart,Down,-1.03695790741119,0.0165257898165567
773,2010320M18Rik,Visium,Heart,Down,-0.594486242315507,0.0166516729719893
774,Sema7a,Visium,Heart,Up,0.539466875465259,0.0166979214298511
775,Rnaset2a,Visium,Heart,Up,0.837041911085607,0.0171540478938592
776,Tmem11,Visium,Heart,Down,-0.587378120425783,0.0171540478938592
777,Adamts7,Visium,Heart,Down,-0.576536609616434,0.0171733272155557
778,Gm32352,Visium,Heart,Down,-0.965204507289802,0.0172589422992548
779,Pla2g7,Visium,Heart,Up,0.605410754027436,0.0175199976880379
780,Bloc1s4,Visium,Heart,Down,-0.661449788262139,0.0178088729116091
781,Poln,Visium,Heart,Up,1.37800923689594,0.0178330335427119
782,Hrc,Visium,Heart,Up,0.534018281347147,0.0181014787158544
783,Tmem163,Visium,Heart,Down,-0.669590490094732,0.0182070897919685
784,Slc16a1,Visium,Heart,Up,0.547290199257923,0.0182871792187212
785,AY036118,Visium,Heart,Up,0.712567518477144,0.0184625200168818
786,Ifi204,Visium,Heart,Up,0.943060177913058,0.0186165930950474
787,Cd36,Visium,Heart,Up,0.619339181278662,0.0186410522087869
788,Clec4n,Visium,Heart,Up,0.867846369814214,0.0188086049622955
789,Il6ra,Visium,Heart,Up,0.814564006109912,0.0191278698212771
790,Lrp5,Visium,Heart,Up,0.710515535640794,0.019350780302028
791,Mafb,Visium,Heart,Up,0.515259019908493,0.0196577532830471
792,Lsm1,Visium,Heart,Down,-0.605726092783881,0.0197894149856652
793,C920021L13Rik,Visium,Heart,Up,1.87680002525551,0.0199708136865102
794,Wdr55,Visium,Heart,Down,-0.651238546171463,0.0200290467762117
795,Tmem164,Visium,Heart,Down,-0.782566402536419,0.0200380111865292
796,Lsm8,Visium,Heart,Down,-0.522720617733354,0.0203718465768019
797,Sod1,Visium,Heart,Up,0.482538212462624,0.0207039511722346
798,Hr,Visium,Heart,Up,0.713527115990907,0.0207134223544648
799,Scn5a,Visium,Heart,Up,0.444798932236512,0.0207134223544648
800,Tatdn2,Visium,Heart,Up,0.85253415090595,0.0207584326614154
801,Tcap,Visium,Heart,Up,0.521297957586168,0.0208898341371439
802,Lbp,Visium,Heart,Up,0.679296554386958,0.0209367584902356
803,Elf4,Visium,Heart,Up,0.645667398936265,0.0210078841327057
804,Gm13861,Visium,Heart,Down,-1.40360000184854,0.0210078841327057
805,Des,Visium,Heart,Up,0.545112510952703,0.021370651827442
806,Myrf,Visium,Heart,Up,0.919889887498465,0.0213843354845962
807,Prnp,Visium,Heart,Up,0.539017986096889,0.0216144275983297
808,Gabra3,Visium,Heart,Up,1.00792631329731,0.0220494473861877
809,St8sia6,Visium,Heart,Up,1.15733793434757,0.0221440459659968
810,Exosc8,Visium,Heart,Down,-0.539001069163899,0.0221440459659968
811,Wdr74,Visium,Heart,Up,1.09704689807807,0.0221788470662737
812,Ier2,Visium,Heart,Down,-0.854901203499526,0.0223033147780356
813,D830013O20Rik,Visium,Heart,Down,-0.90816223672466,0.0223123246050823
814,Gm10053,Visium,Heart,Down,-0.700538643224611,0.0223123246050823
815,Smyd1,Visium,Heart,Up,0.45204608977448,0.0224328306861616
816,Ccnd1,Visium,Heart,Up,0.57398777918361,0.0224512180360309
817,Mpeg1,Visium,Heart,Up,1.09812355236719,0.022583448691607
818,A430105I19Rik,Visium,Heart,Up,0.552581650315931,0.0228581274085639
819,Thap11,Visium,Heart,Down,-0.542403745821219,0.0231373471655221
820,Lgals3bp,Visium,Heart,Up,0.581468598540752,0.0235893371289485
821,Pdia6,Visium,Heart,Down,-0.472225949985429,0.0239027641360635
822,Itgam,Visium,Heart,Up,1.07060150233352,0.0239052057199525
823,Syap1,Visium,Heart,Down,-0.632181099783315,0.0239459000718318
824,Il33,Visium,Heart,Up,0.83374869383476,0.0239785955619191
825,Tlr7,Visium,Heart,Up,0.87823283072389,0.0240037278401103
826,Pigx,Visium,Heart,Down,-0.502273697817777,0.0240037278401103
827,Eng,Visium,Heart,Up,0.549527665225559,0.0240037278401103
828,Pdgfrl,Visium,Heart,Down,-0.721821785819722,0.0240037278401103
829,Lrrn4cl,Visium,Heart,Up,0.941533193834887,0.0240037278401103
830,Ace,Visium,Heart,Up,0.496205018909595,0.0241373362355164
831,Sept1,Visium,Heart,Down,-0.771021796203379,0.0241373362355164
832,Gm12167,Visium,Heart,Down,-0.993453511981567,0.0245377820788549
833,Serinc1,Visium,Heart,Up,0.546550559739658,0.0245377820788549
834,Gm36827,Visium,Heart,Down,-0.809252030036233,0.0245693432997626
835,Helz2,Visium,Heart,Up,0.662770199828396,0.0247243698086204
836,Actc1,Visium,Heart,Up,0.605819575829076,0.0247243698086204
837,H2-D1,Visium,Heart,Up,0.457223094809467,0.024839925434572
838,Sp100,Visium,Heart,Up,0.542028312583798,0.024839925434572
839,Sh3gl2,Visium,Heart,Up,1.30164553766166,0.0253457494654825
840,Gpnmb,Visium,Heart,Up,1.07619309967538,0.0255608251225407
841,Kcnn2,Visium,Heart,Down,-0.612628514106881,0.0256200734207687
842,Gm40604,Visium,Heart,Down,-1.01335067491346,0.0256591303163157
843,Ostc,Visium,Heart,Down,-0.55265429074421,0.0256591303163157
844,Got1,Visium,Heart,Up,0.544449088059049,0.0260692990967551
845,Cdc26,Visium,Heart,Down,-0.542983938572586,0.0260692990967551
846,Tmem42,Visium,Heart,Down,-0.769892119714004,0.0260726253102416
847,Pdgfd,Visium,Heart,Up,0.641013830152954,0.0260726253102416
848,C1ra,Visium,Heart,Up,0.545033168629099,0.0260726253102416
849,Osbpl3,Visium,Heart,Down,-0.651497730187963,0.0260726253102416
850,Pdpn,Visium,Heart,Up,0.742465040642732,0.0262796901987251
851,Ifit1,Visium,Heart,Up,0.742257806431613,0.0262796901987251
852,Rapsn,Visium,Heart,Down,-0.599290718736443,0.0265083161896778
853,Klc2,Visium,Heart,Up,0.569346405176173,0.0267819637367103
854,Lcn2,Visium,Heart,Up,1.66872426567125,0.0268168493558744
855,Ifrd1,Visium,Heart,Up,0.553199710892618,0.0268507555693038
856,Dlat,Visium,Heart,Up,0.481048290819681,0.0268507555693038
857,C1s1,Visium,Heart,Up,0.505369828307564,0.0268507555693038
858,Inf2,Visium,Heart,Up,0.567162454988659,0.0273579034148575
859,Gm45012,Visium,Heart,Down,-0.947307191787663,0.027450671148493
860,Opn4,Visium,Heart,Down,-0.724561066458045,0.027450671148493
861,Trim30a,Visium,Heart,Up,0.756270208314853,0.027450671148493
862,Cutc,Visium,Heart,Down,-0.557288494940072,0.0275427088928758
863,Snrpd1,Visium,Heart,Down,-0.491181580350802,0.0275427088928758
864,Laptm5,Visium,Heart,Up,0.460214015964234,0.027592937997862
865,Slc26a6,Visium,Heart,Down,-0.580498493901263,0.0281722173272453
866,Isoc2a,Visium,Heart,Up,0.771883703488187,0.0281722173272453
867,Sec61b,Visium,Heart,Down,-0.591086798799335,0.0287180508856462
868,1110034G24Rik,Visium,Heart,Down,-0.509866211669793,0.0287180508856462
869,Lipa,Visium,Heart,Up,0.536138970135844,0.0287858351709145
870,Kcne1,Visium,Heart,Down,-1.27345515281859,0.0293374863396903
871,Kif1c,Visium,Heart,Up,0.483401669140434,0.0294280901385881
872,Nmrk2,Visium,Heart,Up,1.731345007652,0.0295403720697605
873,Pdlim1,Visium,Heart,Up,0.431432341869628,0.0295431912214128
874,Yrdc,Visium,Heart,Down,-0.508341665950052,0.0295538171524874
875,Slc1a1,Visium,Heart,Up,1.04433092049197,0.0300094251571603
876,Acap2,Visium,Heart,Up,0.62694801689815,0.0300094251571603
877,Rassf4,Visium,Heart,Up,0.818146161442205,0.0300094251571603
878,Amph,Visium,Heart,Up,1.20069589287557,0.0300094251571603
879,Vgll3,Visium,Heart,Up,0.577123395018926,0.0301572770721018
880,Cyb561,Visium,Heart,Up,0.879145063681359,0.0301764849282529
881,Klhl8,Visium,Heart,Down,-0.550692773738082,0.0303059122862561
882,Art3,Visium,Heart,Up,0.610268441435488,0.0306075124831568
883,A430005L14Rik,Visium,Heart,Down,-0.552795112782388,0.0306622642271584
884,Akap2,Visium,Heart,Up,1.00032630313423,0.0306622642271584
885,Dhrs11,Visium,Heart,Down,-0.740785961681302,0.0306787316190252
886,Imp3,Visium,Heart,Down,-0.495578239546394,0.0306976061383863
887,Rtkn,Visium,Heart,Down,-0.746105826762093,0.031100482694002
888,H2-K1,Visium,Heart,Up,0.488877333508842,0.0312630029418716
889,Traf4,Visium,Heart,Down,-0.695541286963096,0.0315747981203594
890,Cldn15,Visium,Heart,Up,0.798327135680605,0.031710717005253
891,Rnls,Visium,Heart,Down,-0.649738274722797,0.0317937532854343
892,Themis2,Visium,Heart,Up,0.893602576862898,0.0318892815968497
893,Abcd2,Visium,Heart,Up,0.892512864635474,0.0319409108691336
894,Ssr2,Visium,Heart,Down,-0.563847469564929,0.0330207771824736
895,Tmem2,Visium,Heart,Up,0.73341052569984,0.0333036896074686
896,Sult5a1,Visium,Heart,Up,1.18483106548441,0.0335154957182188
897,Galnt15,Visium,Heart,Up,0.725360563300656,0.0336662087429156
898,B4galt3,Visium,Heart,Down,-0.517693227596774,0.0336955980456633
899,Ppp2r2a,Visium,Heart,Down,-0.50627427685633,0.0342850009525563
900,Bnip3,Visium,Heart,Up,0.530960966676918,0.0345246425899831
901,Snhg9,Visium,Heart,Up,0.554781575189904,0.0349058761856752
902,Uck2,Visium,Heart,Up,0.467066788495213,0.0349058761856752
903,Map2k6,Visium,Heart,Down,-1.12322760081345,0.0357359110903798
904,Rcan2,Visium,Heart,Up,0.463598631522921,0.0357659545810202
905,Mgst1,Visium,Heart,Up,0.699124079320319,0.0357659545810202
906,Ddx3x,Visium,Heart,Up,0.541390659990056,0.0362118007641458
907,Cenpw,Visium,Heart,Down,-0.755869798546784,0.0362118007641458
908,Efemp1,Visium,Heart,Up,1.07050185608877,0.0362118007641458
909,Nov,Visium,Heart,Up,1.55377348565582,0.0363514766031945
910,Serpinh1,Visium,Heart,Down,-0.432541693780221,0.0369138019701178
911,Actb,Visium,Heart,Up,0.551176325693179,0.0369220674486887
912,Cdpf1,Visium,Heart,Down,-0.595927275210559,0.036924325493829
913,Mybpc3,Visium,Heart,Up,0.483490397880421,0.036928351804074
914,Tlr4,Visium,Heart,Up,0.6113712880025,0.0372386940351889
915,Ms4a6b,Visium,Heart,Up,0.696795221034911,0.0373082693061755
916,Ccdc146,Visium,Heart,Down,-0.733568296856344,0.0375030283378398
917,Ttc7b,Visium,Heart,Up,0.487153789198358,0.0375030283378398
918,Gm12519,Visium,Heart,Down,-1.03825556090898,0.0375030283378398
919,Runx1,Visium,Heart,Up,0.833365347610589,0.0376432389412278
920,Rab3b,Visium,Heart,Down,-1.01421879215221,0.0377132727649816
921,Abca12,Visium,Heart,Down,-1.11073592871279,0.0381754718044078
922,Adap1,Visium,Heart,Up,0.8601944133747,0.0381754718044078
923,Ndufa9,Visium,Heart,Up,0.473306333561921,0.0382327423325558
924,Cyth2,Visium,Heart,Down,-0.470976953960258,0.0382327423325558
925,Tmem35a,Visium,Heart,Down,-0.736918543080952,0.0382327423325558
926,Acbd7,Visium,Heart,Down,-1.19862322513974,0.0386888345092078
927,Nabp1,Visium,Heart,Up,0.497952804709338,0.0387944109977127
928,Lin37,Visium,Heart,Down,-0.497178854649834,0.0387944109977127
929,Casp12,Visium,Heart,Up,0.62103762714325,0.0391753353692614
930,Mt2,Visium,Heart,Up,0.684641399932936,0.039274119576715
931,Sqstm1,Visium,Heart,Up,0.440605470487082,0.039274119576715
932,Ccdc69,Visium,Heart,Down,-0.653041304882873,0.0392942742439506
933,Snapc5,Visium,Heart,Down,-0.598937918288693,0.0393644385153074
934,Ddit3,Visium,Heart,Down,-0.453143242210452,0.0393644385153074
935,Man2a1,Visium,Heart,Up,0.99185495691485,0.0393737777526143
936,Apopt1,Visium,Heart,Down,-0.533834755105299,0.0395004957512064
937,Pank1,Visium,Heart,Down,-0.506453016680034,0.0401045547011031
938,Rrp36,Visium,Heart,Down,-0.668134041877761,0.0401675518293282
939,Wdr33,Visium,Heart,Down,-0.467520035538504,0.0401675518293282
940,Cdv3,Visium,Heart,Up,0.414359851544414,0.0403290913626427
941,Cspp1,Visium,Heart,Up,0.554324533078127,0.0403290913626427
942,Rdm1,Visium,Heart,Down,-0.655223338527922,0.0403836876587227
943,Mpzl3,Visium,Heart,Up,1.03241606925347,0.0404339531534267
944,Adh1,Visium,Heart,Up,1.1762897141962,0.0404339531534267
945,Mlx,Visium,Heart,Down,-0.460566920488087,0.0405632667900539
946,Fkbp2,Visium,Heart,Down,-0.658398252401558,0.0407177985243203
947,Znhit3,Visium,Heart,Down,-0.592066293624026,0.0407718738924263
948,Kcnq1,Visium,Heart,Down,-0.488860762076661,0.0407718738924263
949,Rxrg,Visium,Heart,Down,-0.449426532757116,0.0407718738924263
950,Aplp2,Visium,Heart,Up,0.499885951275405,0.0411403385813914
951,Olfr1396,Visium,Heart,Up,0.958095146425856,0.0413851157300675
952,Cby1,Visium,Heart,Down,-0.610146769244237,0.0413851157300675
953,Exosc3,Visium,Heart,Down,-0.518526975680063,0.041542765614117
954,Csrp2,Visium,Heart,Down,-0.590552189327259,0.041845238948051
955,Vegfa,Visium,Heart,Up,0.516689188270278,0.0418797429811984
956,Glul,Visium,Heart,Up,0.822307612166634,0.0420601743006978
957,Ass1,Visium,Heart,Up,0.699186749145583,0.0423306003680141
958,Fam149b,Visium,Heart,Down,-0.494901797982592,0.0423367595131474
959,Slc25a38,Visium,Heart,Down,-0.663362398266672,0.0423367595131474
960,Sik1,Visium,Heart,Up,1.17937617156583,0.0423367595131474
961,Nudt16,Visium,Heart,Up,0.692160407852099,0.0424438867979917
962,Atp1a2,Visium,Heart,Up,0.45850803391523,0.0425711558017893
963,Fbxl19,Visium,Heart,Up,0.728561819960942,0.042734240100225
964,Mif4gd,Visium,Heart,Down,-0.411488846166045,0.042734240100225
965,Stx3,Visium,Heart,Up,0.731377298446237,0.042734240100225
966,Trmo,Visium,Heart,Down,-0.817825409563493,0.0428566624633546
967,Rpa3,Visium,Heart,Down,-0.478228101143652,0.0428566624633546
968,Jag1,Visium,Heart,Up,0.724604493342887,0.0428566624633546
969,Dbndd2,Visium,Heart,Up,0.76470922167412,0.0430922342169963
970,Lzic,Visium,Heart,Down,-0.612181367523134,0.0430922342169963
971,Tgds,Visium,Heart,Down,-0.569475729019778,0.0431735918009662
972,Mcrs1,Visium,Heart,Down,-0.528784620407004,0.0432187037115793
973,Gm17546,Visium,Heart,Down,-1.21056737770589,0.043564565467761
974,Sox6,Visium,Heart,Down,-0.711956247806616,0.043780571372476
975,Lsm5,Visium,Heart,Down,-0.564305016737673,0.0445438216321564
976,Afap1l2,Visium,Heart,Down,-0.736397487101731,0.0445457898491515
977,Sucla2,Visium,Heart,Up,0.454162500239617,0.0447501344025738
978,Sdhaf3,Visium,Heart,Down,-0.59525007092944,0.0452573915862262
979,Rfxap,Visium,Heart,Down,-0.471979642992491,0.0456129581036784
980,Exosc7,Visium,Heart,Down,-0.618412341660946,0.0456129581036784
981,Nr0b2,Visium,Heart,Down,-0.478579609263659,0.0463377338485478
982,Fxn,Visium,Heart,Down,-0.503457241497672,0.0463554958478477
983,Epha4,Visium,Heart,Down,-0.476860331783139,0.046576073351255
984,Glod4,Visium,Heart,Down,-0.432708008640948,0.0466063468834639
985,Kif5b,Visium,Heart,Up,0.492776289350983,0.0466201469548004
986,Pdha1,Visium,Heart,Up,0.540994713565626,0.047197391188188
987,Nme6,Visium,Heart,Down,-0.612108401998745,0.047197391188188
988,Mpdu1,Visium,Heart,Down,-0.503193619711515,0.0475941212889016
989,Gstm2,Visium,Heart,Up,0.479742038743519,0.0475941212889016
990,Cysltr1,Visium,Heart,Up,0.95187912870376,0.0479417276437509
991,Efcab2,Visium,Heart,Down,-0.439270380507147,0.0479656521799538
992,Igsf10,Visium,Heart,Down,-0.733894232241449,0.0479656521799538
993,Snrnp40,Visium,Heart,Down,-0.492902344209285,0.0479764336108579
994,Tk1,Visium,Heart,Down,-0.756857383698172,0.0479764336108579
995,P3h4,Visium,Heart,Down,-0.449979705967575,0.0484855451717144
996,Penk,Visium,Heart,Up,0.58129111442952,0.0485221749498818
997,Pdzd11,Visium,Heart,Down,-0.532319227341658,0.0485221749498818
998,Cntn2,Visium,Heart,Down,-0.725031339726115,0.048629294419138
999,Gm20522,Visium,Heart,Down,-0.696427121419643,0.0496848670979885
1000,Cldn5,Visium,Heart,Up,0.410148104314462,0.0496848670979885
1001,Ap1s2,Visium,Heart,Up,0.446080254443659,0.0496848670979885
1002,C4b,STomics,Heart,Up,1.89892987239477,3.92837774733604e-10
1003,Gm47283,STomics,Heart,Down,-1.70851147717024,1.34323608395818e-09
1004,Gm13054,STomics,Heart,Up,1.37953226475477,1.34323608395818e-09
1005,Myot,STomics,Heart,Up,1.70258721964165,1.9135781284616704e-09
1006,Serpina3n,STomics,Heart,Up,1.57044984329147,2.228246500362e-08
1007,Gm40457,STomics,Heart,Up,1.9841859794963,2.228246500362e-08
1008,Ano10,STomics,Heart,Down,-1.25092343932252,2.79922643936015e-08
1009,Mmp3,STomics,Heart,Up,1.72609726673411,2.79922643936015e-08
1010,Gm49540,STomics,Heart,Up,0.881648152180312,6.88608238979986e-08
1011,Cdh4,STomics,Heart,Up,1.6764085687599,1.95127816989586e-07
1012,Kcnip2,STomics,Heart,Down,-1.24209650171912,4.1920215021541e-07
1013,Cdkn1a,STomics,Heart,Up,1.14021023963972,5.19847191108407e-07
1014,Cds1,STomics,Heart,Up,1.63968235203923,1.46605530923695e-06
1015,Gck,STomics,Heart,Up,1.16920528792722,1.46605530923695e-06
1016,Icam1,STomics,Heart,Up,0.926887079404895,2.09778638919498e-06
1017,Ccn5,STomics,Heart,Up,1.29947765732716,2.22198550576832e-06
1018,S100a8,STomics,Heart,Up,1.99551394569495,2.42969728987477e-06
1019,Ccl6,STomics,Heart,Up,1.05266491038249,3.23515499876009e-06
1020,Fmo2,STomics,Heart,Up,0.874353191179865,3.42021801622818e-06
1021,Sult1a1,STomics,Heart,Up,0.837694343120785,3.53650301046538e-06
1022,Scn4b,STomics,Heart,Up,1.29544534199876,3.53650301046538e-06
1023,Gpihbp1,STomics,Heart,Up,0.812930789203492,5.68089261725374e-06
1024,Nmrk2,STomics,Heart,Up,1.45716148331636,8.13720491725188e-06
1025,Ankrd1,STomics,Heart,Up,0.921518705185124,9.1429275206417e-06
1026,C3,STomics,Heart,Up,0.930494167670969,1.05402056450116e-05
1027,Ifi205,STomics,Heart,Up,1.95720991937819,1.14780890165568e-05
1028,Col3a1,STomics,Heart,Down,-0.805710951333642,1.42983484337962e-05
1029,Cfb,STomics,Heart,Up,1.69351156393,1.42983484337962e-05
1030,Capg,STomics,Heart,Up,0.843975092366261,1.4953484238508e-05
1031,Prune2,STomics,Heart,Up,0.748517799410195,1.93081630376108e-05
1032,Csrnp1,STomics,Heart,Up,0.981436522329237,1.93539880173987e-05
1033,Nppb,STomics,Heart,Up,0.694865308596629,2.21638094880592e-05
1034,Penk,STomics,Heart,Up,1.04167968621035,2.45317745434962e-05
1035,Sgk1,STomics,Heart,Up,0.671119805128667,2.52847289283136e-05
1036,Mpeg1,STomics,Heart,Up,0.874302147956512,3.55650090807108e-05
1037,Fkbp5,STomics,Heart,Up,1.52147553102199,3.55650090807108e-05
1038,Pla1a,STomics,Heart,Up,0.843636494182984,4.31619585261416e-05
1039,Pirb,STomics,Heart,Up,0.997506200153493,4.31619585261416e-05
1040,Cpxm2,STomics,Heart,Up,1.36338458554163,4.58912090112886e-05
1041,Timp1,STomics,Heart,Up,1.29775756995473,4.58912090112886e-05
1042,Cp,STomics,Heart,Up,0.69096934075331,4.82050171296037e-05
1043,Patl2,STomics,Heart,Up,1.28051390259739,6.67810848027408e-05
1044,Gda,STomics,Heart,Up,1.06951832912064,6.7170440023332e-05
1045,Tgm2,STomics,Heart,Up,0.602215679791015,7.5798009515848e-05
1046,Gja1,STomics,Heart,Down,-0.577085903322866,7.5798009515848e-05
1047,Lyve1,STomics,Heart,Up,0.750355731746385,0.0001150044027839
1048,Nnt,STomics,Heart,Down,-0.55294066679527,0.0001473122441165
1049,Pth1r,STomics,Heart,Up,0.808108450186143,0.0001578275536453
1050,Trim54,STomics,Heart,Up,0.560394473408168,0.000200828555592
1051,Itgb6,STomics,Heart,Down,-0.963897499366925,0.0002198360679814
1052,Krt80,STomics,Heart,Up,1.35620616546619,0.0002360458835097
1053,Timp4,STomics,Heart,Up,0.827066847375182,0.0002377920114122
1054,Prkcq,STomics,Heart,Up,1.36825816628918,0.0002600121168809
1055,Trnp1,STomics,Heart,Up,1.1604328264238,0.0002676768989455
1056,Tnfrsf12a,STomics,Heart,Up,0.618887754550106,0.0002863255804569
1057,Hsd11b1,STomics,Heart,Up,0.83048217559177,0.0003056178945412
1058,Adap1,STomics,Heart,Up,1.16991649158826,0.0003632968490293
1059,Acta1,STomics,Heart,Up,1.97926132489912,0.0003632968490293
1060,Itgb2,STomics,Heart,Up,0.820146874222401,0.0003632968490293
1061,St8sia6,STomics,Heart,Up,0.838265176500171,0.0003632968490293
1062,Pla2g7,STomics,Heart,Up,0.722765743736224,0.0003632968490293
1063,Slc43a2,STomics,Heart,Up,0.802899899571677,0.0003632968490293
1064,Gm13341,STomics,Heart,Down,-0.720446007427757,0.0003632968490293
1065,Wif1,STomics,Heart,Down,-0.953970332397961,0.0003632968490293
1066,Cnksr1,STomics,Heart,Up,1.01630912649882,0.0003632968490293
1067,Cyp4b1,STomics,Heart,Up,0.794768066823124,0.0004490554331026
1068,A530058N18Rik,STomics,Heart,Up,0.5399304657171,0.000492588419536
1069,Ctss,STomics,Heart,Up,0.684772756769028,0.000492588419536
1070,2310002L09Rik,STomics,Heart,Up,0.840828256206531,0.0005161634375359
1071,Ace,STomics,Heart,Up,0.683947463273674,0.0005161634375359
1072,Trem2,STomics,Heart,Up,0.829455707705962,0.0005161634375359
1073,Idh2,STomics,Heart,Down,-0.59733891024293,0.0005269432700286
1074,Slc43a3,STomics,Heart,Up,0.578322122938991,0.0005272306373272
1075,Hpcal1,STomics,Heart,Up,0.619322348360058,0.0005737547181725
1076,Apod,STomics,Heart,Up,0.927161715433147,0.0005818125262269
1077,Kcne1,STomics,Heart,Down,-1.20912489017164,0.0006849718519533
1078,Gpnmb,STomics,Heart,Up,1.40647269269749,0.0006849718519533
1079,Sdf2l1,STomics,Heart,Down,-0.877664536845048,0.0007443784090415
1080,Galnt15,STomics,Heart,Up,0.633321569751258,0.0008302020955483
1081,Pirt,STomics,Heart,Down,-0.967520350508028,0.0008960320680313
1082,Oas2,STomics,Heart,Up,0.828856652884028,0.0009242101641862
1083,Gal3st3,STomics,Heart,Down,-0.887612080934618,0.0009381734842451
1084,Apbb1ip,STomics,Heart,Up,1.07961157476312,0.0010772559543406
1085,Pgf,STomics,Heart,Up,0.879172326150777,0.0011758895867095
1086,Ugp2,STomics,Heart,Up,0.539067966020155,0.0013662199478566
1087,Ccnd1,STomics,Heart,Up,0.663764271478764,0.0013916582082177
1088,Pparg,STomics,Heart,Up,0.671682557104929,0.0014413532112934
1089,Ttll7,STomics,Heart,Up,1.03740301445733,0.0016397173281766
1090,Mal,STomics,Heart,Up,0.832757152597375,0.0016397173281766
1091,Fxyd3,STomics,Heart,Down,-1.01633818244938,0.0016397173281766
1092,Cebpd,STomics,Heart,Up,0.660309167147539,0.0016636525145375
1093,Lgr6,STomics,Heart,Down,-0.714487929001768,0.0017283641379269
1094,Galc,STomics,Heart,Up,0.623446045925226,0.0017283641379269
1095,Efemp1,STomics,Heart,Up,0.587552221605856,0.0017351227488985
1096,Lbp,STomics,Heart,Up,0.737921102862496,0.0018954735568478
1097,Adgrg1,STomics,Heart,Up,0.526234862202181,0.0019429515045996
1098,Gm13340,STomics,Heart,Down,-0.643616989197315,0.0020553191777241
1099,Kcnd2,STomics,Heart,Down,-0.7631301744351,0.0020853791450709
1100,Lyz1,STomics,Heart,Up,0.940560013364184,0.0021657932786076
1101,Abcb4,STomics,Heart,Up,0.789314513061951,0.0021784976836292
1102,Sntg1,STomics,Heart,Up,0.868058898133871,0.0022100506006621
1103,Pdlim1,STomics,Heart,Up,0.532054264619657,0.002328885671016
1104,Dpep1,STomics,Heart,Up,1.07635802922205,0.002328885671016
1105,Nova1,STomics,Heart,Up,0.830208686914653,0.0024629060185318
1106,Ly6a,STomics,Heart,Up,0.668665763692095,0.0024629060185318
1107,Hrct1,STomics,Heart,Up,0.808023737399356,0.0025253115444622
1108,Tmem267,STomics,Heart,Down,-0.98808705266609,0.0025253115444622
1109,Ift81,STomics,Heart,Down,-0.636735402698605,0.0026969394857495
1110,Nacad,STomics,Heart,Up,0.936070939890799,0.0026970530115828
1111,Cyp2e1,STomics,Heart,Up,1.50247152654442,0.0029036185557282
1112,Ccl5,STomics,Heart,Up,1.44804030601161,0.0029223932949605
1113,Col15a1,STomics,Heart,Down,-0.585076414711762,0.0029968091980225
1114,Lyz2,STomics,Heart,Up,0.549028705355625,0.0030355172489368
1115,Efnb3,STomics,Heart,Down,-1.06092539015208,0.003130487102229
1116,2200002D01Rik,STomics,Heart,Up,0.881778360960594,0.003130487102229
1117,Baiap2,STomics,Heart,Up,0.8081415258218,0.0031711120919723
1118,Fos,STomics,Heart,Down,-1.09655073549316,0.0034244984715984
1119,Igkc,STomics,Heart,Up,4.19907595601733,0.0034244984715984
1120,Casq1,STomics,Heart,Down,-1.10663499133016,0.0034244984715984
1121,Cd84,STomics,Heart,Up,0.818167601229671,0.0034244984715984
1122,Laptm5,STomics,Heart,Up,0.850685698833046,0.0035427174379537
1123,C1qa,STomics,Heart,Up,0.560931702677851,0.0035490615589886
1124,Dock2,STomics,Heart,Up,0.912048001012993,0.0035815536227311
1125,Slc6a6,STomics,Heart,Up,0.483886053884322,0.0036090779771644
1126,Itgam,STomics,Heart,Up,0.751889337966094,0.0036851105878627
1127,Agmo,STomics,Heart,Up,0.738028295775822,0.0037207954646793
1128,Gm12381,STomics,Heart,Up,1.39418118137046,0.0039909913445167
1129,Lgals3bp,STomics,Heart,Up,0.594373959899884,0.0040208936907058
1130,Gm3646,STomics,Heart,Down,-0.684448750897819,0.0040208936907058
1131,Ccn2,STomics,Heart,Up,0.844231282244145,0.0040208936907058
1132,Skap2,STomics,Heart,Up,0.719487881178566,0.0040379922557012
1133,Pdia4,STomics,Heart,Down,-0.696799988176646,0.0040386854452573
1134,Ecm1,STomics,Heart,Up,0.599022450306999,0.0041269316876656
1135,Nbl1,STomics,Heart,Up,0.630288839667296,0.0044314075606141
1136,Tdrp,STomics,Heart,Up,0.841951605050252,0.0044451913150933
1137,Esam,STomics,Heart,Up,0.557780865062797,0.00458463525389
1138,Acaa2,STomics,Heart,Down,-0.46061991007131,0.0045933399597071
1139,Ahnak2,STomics,Heart,Up,0.600684136086586,0.0045985913734285
1140,Slc1a1,STomics,Heart,Up,0.81356272297379,0.0047166912131309
1141,Runx1,STomics,Heart,Up,0.937201997875083,0.0047911956591403
1142,Ccl9,STomics,Heart,Up,0.77792077078597,0.0048378248169339
1143,Rassf9,STomics,Heart,Up,0.614037024338827,0.0049386147991064
1144,C1qtnf4,STomics,Heart,Down,-0.596930238366996,0.0049386147991064
1145,Ptprn,STomics,Heart,Up,0.783995694989755,0.0050550765671453
1146,Osmr,STomics,Heart,Up,0.587541159605987,0.0051073178337294
1147,Slc26a10,STomics,Heart,Up,0.669021231684807,0.0051073282917692
1148,Shisa6,STomics,Heart,Up,1.07855116828638,0.0051796314482219
1149,Comp,STomics,Heart,Up,0.666679177146561,0.0052791356466718
1150,C5ar1,STomics,Heart,Up,0.654497784380609,0.0053554412730846
1151,Manf,STomics,Heart,Down,-0.563392863184423,0.0054035811976145
1152,Tsc22d3,STomics,Heart,Up,0.494600408331808,0.0054035811976145
1153,Man2a1,STomics,Heart,Up,0.591790856272767,0.005445071217167
1154,Il4ra,STomics,Heart,Up,0.623221542691664,0.0054846967341926
1155,Dlg2,STomics,Heart,Up,0.711632372236136,0.0054928224388972
1156,Cenpf,STomics,Heart,Down,-0.886430970422253,0.0055708109992083
1157,Qsox1,STomics,Heart,Up,0.493495891262987,0.0055708109992083
1158,Hspb6,STomics,Heart,Up,0.54161320366784,0.005584739632607
1159,Gpx3,STomics,Heart,Up,0.545602954018338,0.0055897866297354
1160,Crlf2,STomics,Heart,Up,0.546327762151076,0.0057142318818919
1161,Tlr7,STomics,Heart,Up,0.924965378061078,0.0057142318818919
1162,Ctla4,STomics,Heart,Down,-1.14535361660905,0.0057993222913964
1163,Gm44511,STomics,Heart,Down,-0.954056928199218,0.0059610208531786
1164,Fam107a,STomics,Heart,Up,1.48415970589657,0.0060591341533928
1165,Ighm,STomics,Heart,Up,3.58928035846699,0.0062533876961665
1166,Fbp2,STomics,Heart,Down,-0.710403666717511,0.006574643394084
1167,Tcea3,STomics,Heart,Down,-0.575992355964764,0.0066331839732084
1168,Impa2,STomics,Heart,Down,-0.703137680937044,0.0066808245176679
1169,Gm12167,STomics,Heart,Down,-0.811665051175596,0.0072132569782251
1170,Amy1,STomics,Heart,Up,0.642755312162999,0.0072963352137431
1171,Lims2,STomics,Heart,Up,0.452790464207085,0.0078155255677684
1172,Itgal,STomics,Heart,Up,1.7019823269866,0.008386103743085
1173,Helz2,STomics,Heart,Up,0.652306252371541,0.008386103743085
1174,Ifi204,STomics,Heart,Up,0.971483139058553,0.0084197796698286
1175,Ltbp2,STomics,Heart,Up,0.886322624019915,0.0085071423447685
1176,Ms4a6b,STomics,Heart,Up,0.624952706484317,0.0087659479427876
1177,Tecpr1,STomics,Heart,Up,0.549865170585737,0.0087659479427876
1178,Ccdc152,STomics,Heart,Up,0.990607343934206,0.0088963387123329
1179,Cx3cl1,STomics,Heart,Up,0.705713889134374,0.0088963387123329
1180,Trpv4,STomics,Heart,Up,0.602439040068569,0.0089536905874305
1181,Abat,STomics,Heart,Up,0.605426702291516,0.0092337955814188
1182,Clec4a1,STomics,Heart,Up,0.749769473912616,0.0092337955814188
1183,Mgst1,STomics,Heart,Up,0.639690760783334,0.0092337955814188
1184,Art3,STomics,Heart,Up,0.488274199434506,0.0092767736758945
1185,Gm49339,STomics,Heart,Up,0.81555440534361,0.0092767736758945
1186,Casp4,STomics,Heart,Up,0.80113311315321,0.0093201464676591
1187,Spock2,STomics,Heart,Up,0.696025687851978,0.0093201464676591
1188,Ahsg,STomics,Heart,Up,1.10793228932637,0.0095883396970413
1189,Apobec1,STomics,Heart,Up,0.809854782312695,0.0096343699676233
1190,Dnaja1,STomics,Heart,Down,-0.506003395607437,0.00987641880122
1191,Hadha,STomics,Heart,Down,-0.519034425991955,0.0098828183593855
1192,Ppm1h,STomics,Heart,Up,0.664389044700492,0.0109218102013322
1193,Sco1,STomics,Heart,Down,-0.617538603775653,0.0110120054782688
1194,Abi3,STomics,Heart,Up,0.541006283830407,0.0111524293664436
1195,Fxyd5,STomics,Heart,Up,0.607889445871902,0.0112305735162911
1196,Xirp2,STomics,Heart,Up,0.444422794403287,0.0113707169547888
1197,Marchf1,STomics,Heart,Up,1.04092957179434,0.0116463698128603
1198,Panx1,STomics,Heart,Up,0.986403700746087,0.0118178694867004
1199,Ptn,STomics,Heart,Down,-0.814251480909378,0.0119049978737924
1200,Btbd19,STomics,Heart,Up,0.663046173411478,0.0127619164144644
1201,Vit,STomics,Heart,Up,0.665663480136213,0.0131575711919857
1202,Adgrl4,STomics,Heart,Up,0.493152716233482,0.0132064905919026
1203,Kcnv2,STomics,Heart,Down,-0.984133382716658,0.0133128027437676
1204,Lcp2,STomics,Heart,Up,1.46575960438187,0.0133128027437676
1205,Lgals3,STomics,Heart,Up,0.946550880499235,0.0133128027437676
1206,Gfpt2,STomics,Heart,Up,0.583928250846473,0.0133448518074985
1207,Lrrn4cl,STomics,Heart,Up,1.02050105614285,0.0140737117889375
1208,Cldn5,STomics,Heart,Up,0.474288423878595,0.014135805492509
1209,Tmem176b,STomics,Heart,Up,0.448215711332256,0.014135805492509
1210,Inpp5d,STomics,Heart,Up,0.598051657571259,0.0143185167547849
1211,Plcb4,STomics,Heart,Up,0.552537862655356,0.0143185167547849
1212,Eng,STomics,Heart,Up,0.439021733814626,0.0143185167547849
1213,Retn,STomics,Heart,Up,1.34306109361067,0.0143188248136733
1214,Gm49130,STomics,Heart,Up,0.639098107150572,0.014468156209017
1215,Clasp1,STomics,Heart,Down,-0.482576937173735,0.0150925378889067
1216,Itgad,STomics,Heart,Up,0.510434809061628,0.0153352163444678
1217,Lrmda,STomics,Heart,Up,0.665353799805594,0.0153624666155886
1218,Smtnl2,STomics,Heart,Down,-0.572267405642783,0.0157607312958359
1219,Ell2,STomics,Heart,Up,0.546300044124932,0.0161748768613909
1220,Olfr1033,STomics,Heart,Up,0.657128492090592,0.0163849998652081
1221,Mettl25,STomics,Heart,Down,-0.84997959801254,0.0164673142466358
1222,Blnk,STomics,Heart,Up,0.765525606269276,0.0164673142466358
1223,Mki67,STomics,Heart,Up,0.856970383187329,0.0164673142466358
1224,Gm49327,STomics,Heart,Down,-0.764134147921752,0.0171352163223588
1225,H2-Q4,STomics,Heart,Up,0.768069130747889,0.0171352163223588
1226,Dennd4a,STomics,Heart,Up,0.700480503258713,0.0171352163223588
1227,Fgfr3,STomics,Heart,Up,0.690205595387412,0.0171352163223588
1228,Ifi207,STomics,Heart,Up,0.724311516657459,0.0171531867633377
1229,Nfkbia,STomics,Heart,Up,0.53459878636607,0.0175398436906708
1230,Renbp,STomics,Heart,Up,0.670581214923895,0.0181509687575055
1231,Acot1,STomics,Heart,Down,-1.41250833568702,0.0181566702045525
1232,Gm49477,STomics,Heart,Down,-0.72551812949744,0.0182037599343894
1233,Ly6c1,STomics,Heart,Up,0.562635240127929,0.018265624774278
1234,Myo7a,STomics,Heart,Up,0.707924060069131,0.0191859512728011
1235,Ptges,STomics,Heart,Up,1.20545830580014,0.0195248142430736
1236,Bdh1,STomics,Heart,Up,1.01897467404687,0.0196399353956071
1237,Apbb1,STomics,Heart,Down,-0.552334226391117,0.0197168250101898
1238,Apold1,STomics,Heart,Up,0.721599598592467,0.0198614287945476
1239,Gm31659,STomics,Heart,Down,-0.722235582594031,0.0201992965860598
1240,H2-T23,STomics,Heart,Up,0.566968461624203,0.0204818729963836
1241,Slc11a1,STomics,Heart,Up,0.708008249649882,0.0205871602321272
1242,Nnat,STomics,Heart,Down,-1.07786498310937,0.0210979881015114
1243,Adhfe1,STomics,Heart,Down,-0.516189862579877,0.0215528755874432
1244,Gm50114,STomics,Heart,Up,0.634112648631414,0.0215696438145969
1245,Mgat4a,STomics,Heart,Up,0.570257328649972,0.0215696438145969
1246,Xdh,STomics,Heart,Up,0.450505307890255,0.0216411413007092
1247,1700123M08Rik,STomics,Heart,Down,-0.691626379978287,0.0216411413007092
1248,Gstt3,STomics,Heart,Up,0.621041785339263,0.0216411413007092
1249,Slc7a1,STomics,Heart,Down,-0.486100566702294,0.0218995218598082
1250,Hsph1,STomics,Heart,Down,-0.521477126625377,0.0221508461159986
1251,H2-M3,STomics,Heart,Up,0.633730933601283,0.0221536175648748
1252,Tbxas1,STomics,Heart,Up,0.603304515918732,0.022234853313415
1253,Msrb1,STomics,Heart,Up,0.494296450680233,0.0222388161299761
1254,Adcy4,STomics,Heart,Up,0.488991399268092,0.0222388161299761
1255,Thy1,STomics,Heart,Up,0.993647339734136,0.022469242958599
1256,Hexa,STomics,Heart,Up,0.470656790807031,0.022469242958599
1257,Gm7694,STomics,Heart,Down,-0.760434216414574,0.0230267348696232
1258,Gprasp2,STomics,Heart,Down,-0.758117189006561,0.0234081580972644
1259,Themis2,STomics,Heart,Up,0.898940701090991,0.0234552317363686
1260,C3ar1,STomics,Heart,Up,0.600027753126977,0.0234552317363686
1261,Il18bp,STomics,Heart,Up,0.648390272591916,0.0234552317363686
1262,Bnc2,STomics,Heart,Up,0.859157304384867,0.0234552317363686
1263,Fah,STomics,Heart,Up,0.564940670419532,0.0237565691114177
1264,Rassf4,STomics,Heart,Up,0.674192590492664,0.0237565691114177
1265,Mlycd,STomics,Heart,Down,-0.490842246303425,0.0237565691114177
1266,Pald1,STomics,Heart,Up,0.503848346459604,0.0238376900494454
1267,Agt,STomics,Heart,Up,0.656277378683311,0.0244165825043452
1268,Fstl4,STomics,Heart,Up,0.84033966259345,0.0249263956416027
1269,Chst1,STomics,Heart,Up,0.899473488746469,0.0253478937798598
1270,Fcna,STomics,Heart,Up,1.18374443306004,0.0253478937798598
1271,F13a1,STomics,Heart,Up,0.502943205756013,0.0253478937798598
1272,Cd37,STomics,Heart,Up,0.748241174414769,0.0256870410628056
1273,Gm15418,STomics,Heart,Up,0.814419136314596,0.025743050462554
1274,Gm28438,STomics,Heart,Down,-0.822439493664165,0.0258298237512455
1275,Stx3,STomics,Heart,Up,0.665428213430758,0.026090632415116
1276,Lrrn4,STomics,Heart,Down,-0.821652150390809,0.0262855215020822
1277,Kbtbd11,STomics,Heart,Up,0.883193400162255,0.0264393629323872
1278,Cybb,STomics,Heart,Up,0.529313040355415,0.0264393629323872
1279,Il2rg,STomics,Heart,Up,0.53605423486162,0.0264393629323872
1280,Gm7808,STomics,Heart,Down,-0.567625836879218,0.0264393629323872
1281,Hivep3,STomics,Heart,Up,0.513406497601406,0.0264393629323872
1282,Depp1,STomics,Heart,Up,1.44143257866396,0.0271461873515887
1283,Pde1c,STomics,Heart,Down,-0.551355013134863,0.027180528140167
1284,Pkd2l2,STomics,Heart,Down,-0.532027272664738,0.027180528140167
1285,Clic5,STomics,Heart,Up,0.427440236210733,0.027180528140167
1286,Asb14,STomics,Heart,Down,-0.47523750009691,0.0271954646188073
1287,Lrrc17,STomics,Heart,Down,-0.802282374251258,0.0278097994043483
1288,Gm11966,STomics,Heart,Down,-0.735655032650856,0.0280671614713252
1289,Abcd2,STomics,Heart,Up,0.837582562782519,0.0280671614713252
1290,Nynrin,STomics,Heart,Down,-0.647472635414886,0.0282379536880051
1291,Mertk,STomics,Heart,Up,0.589658294645765,0.0282379536880051
1292,B4galnt1,STomics,Heart,Up,1.11034703614014,0.0282379536880051
1293,Ppif,STomics,Heart,Down,-0.441665983132172,0.0282379536880051
1294,C1qb,STomics,Heart,Up,0.521495543060251,0.0288594706357332
1295,Csf1r,STomics,Heart,Up,0.461984620345555,0.0288594706357332
1296,Mr1,STomics,Heart,Up,0.611645646481885,0.0289670604084988
1297,Asb11,STomics,Heart,Up,0.501735273265124,0.0297443089931479
1298,Creld2,STomics,Heart,Down,-0.530921937202784,0.0297676546999682
1299,Gmfg,STomics,Heart,Up,0.75652590823881,0.0299210247152531
1300,Dele1,STomics,Heart,Down,-0.422113158924517,0.0299210247152531
1301,Mamstr,STomics,Heart,Down,-0.895934507378527,0.0301340908620685
1302,Ppp1r3d,STomics,Heart,Down,-0.643384959183394,0.0301412635391324
1303,Nrep,STomics,Heart,Down,-0.609917350459569,0.0316041597810453
1304,Adh1,STomics,Heart,Up,1.00931021661662,0.0318180913352817
1305,Prkcz,STomics,Heart,Up,0.800424385601811,0.0318180913352817
1306,Inha,STomics,Heart,Down,-0.607327229866185,0.0320586476067049
1307,Aldh3b1,STomics,Heart,Up,0.720203717826347,0.032320925026737
1308,Fermt3,STomics,Heart,Up,0.806024665650695,0.0326058992579462
1309,Ftl1,STomics,Heart,Up,0.547766372670827,0.0326122415756152
1310,Aldh1l1,STomics,Heart,Up,1.15004554967425,0.0326122415756152
1311,Jpt1,STomics,Heart,Up,0.414847940739943,0.0326807871967907
1312,Nabp1,STomics,Heart,Up,0.637573294554843,0.0328359035981021
1313,Gm15581,STomics,Heart,Up,0.850984199885944,0.0328746228402155
1314,Cacna1g,STomics,Heart,Down,-0.621633314295459,0.0332512950855358
1315,Rnase4,STomics,Heart,Up,0.483295687115252,0.0339531260551731
1316,Acsl6,STomics,Heart,Up,0.670475659486943,0.0339531260551731
1317,Ccr2,STomics,Heart,Up,0.75412504038555,0.0339531260551731
1318,Sorl1,STomics,Heart,Up,0.615615111067248,0.0340742884308686
1319,C1s1,STomics,Heart,Up,0.618985953961082,0.0344749648694009
1320,Cd300c2,STomics,Heart,Up,0.776739360937049,0.0346389000065852
1321,Clec10a,STomics,Heart,Up,0.649758691985913,0.0350593628103362
1322,B3gnt8,STomics,Heart,Up,0.557473251776134,0.0355980373329098
1323,Itgbl1,STomics,Heart,Up,0.548176705880485,0.0359908034046053
1324,Ccdc141,STomics,Heart,Down,-0.475129826860217,0.0359908034046053
1325,H2-D1,STomics,Heart,Up,0.611811585754482,0.0366357661494731
1326,Frzb,STomics,Heart,Up,0.547963612537904,0.0366654049425817
1327,Tmem35a,STomics,Heart,Down,-0.833330165201962,0.0369500773468137
1328,Plek,STomics,Heart,Up,0.685077900639668,0.0371022671003781
1329,Gm11716,STomics,Heart,Down,-0.528733514821624,0.0374502274917914
1330,Ldlrap1,STomics,Heart,Up,0.496658699677961,0.0385340467027953
1331,Galns,STomics,Heart,Up,0.681796915377316,0.0385340467027953
1332,Slc1a5,STomics,Heart,Up,0.645645292264105,0.0385340467027953
1333,Hs3st5,STomics,Heart,Down,-0.601464721118727,0.0387824129041615
1334,Cd86,STomics,Heart,Up,0.600872590090613,0.0390301646649306
1335,Ramp3,STomics,Heart,Up,0.479303987931138,0.0394608703562004
1336,Cyb561,STomics,Heart,Up,0.554708295653538,0.0402561100862959
1337,Pltp,STomics,Heart,Up,0.506311358750284,0.0417253021000282
1338,Macir,STomics,Heart,Up,0.690465721062498,0.0417877154921547
1339,Adamts9,STomics,Heart,Up,0.47443570433353,0.0417877154921547
1340,Aldh1a2,STomics,Heart,Down,-0.667833006462562,0.0424126838273355
1341,Tent5c,STomics,Heart,Up,0.659377001674007,0.0424278703572326
1342,Nr1h3,STomics,Heart,Up,0.453258692294323,0.0425078127783143
1343,Mlf1,STomics,Heart,Down,-0.469513333387876,0.0437237057051689
1344,Six5,STomics,Heart,Down,-0.587349241000167,0.0437623435078656
1345,Abcg2,STomics,Heart,Up,0.504192239083086,0.0442041605315601
1346,Bcl2l1,STomics,Heart,Up,0.476761151332761,0.044738656203208
1347,Macrod1,STomics,Heart,Down,-0.39276582775795,0.044738656203208
1348,C1ra,STomics,Heart,Up,0.441129920902028,0.0452207735693525
1349,Fam124a,STomics,Heart,Up,0.627685128277616,0.0452207735693525
1350,Itga4,STomics,Heart,Up,0.846582635548767,0.046484390211065
1351,Adamts7,STomics,Heart,Down,-0.50059937125434,0.046484390211065
1352,Peg3,STomics,Heart,Down,-0.625826718328149,0.046484390211065
1353,Pln,STomics,Heart,Down,-0.405793825023993,0.0467292745944865
1354,Dok3,STomics,Heart,Up,0.630681570220153,0.0474614863645533
1355,Pi15,STomics,Heart,Down,-0.656524526826389,0.047820180970263
1356,Lgals4,STomics,Heart,Down,-0.944831175128206,0.0481997797408644
1357,Haus3,STomics,Heart,Up,0.732383035981206,0.0482489250626762
1358,Irak2,STomics,Heart,Up,0.548947499628165,0.04891297845224
1359,Ttll1,STomics,Heart,Down,-0.562338496218106,0.0497039178882727
1360,Ighg2b,Visium,Kidney,Up,12.4048786306641,4.50406437865885e-08
1361,Cd52,Visium,Kidney,Up,1.96634437833167,4.50406437865885e-08
1362,Fcer1g,Visium,Kidney,Up,2.21574421984081,5.28763405328215e-08
1363,Iglc2,Visium,Kidney,Up,4.59498672029428,5.28763405328215e-08
1364,Itgal,Visium,Kidney,Up,2.01676450999875,5.89480100824334e-08
1365,Hdc,Visium,Kidney,Up,2.1332558457759,5.89480100824334e-08
1366,Ly6d,Visium,Kidney,Up,3.66360679707525,8.26006580163158e-08
1367,Ccl12,Visium,Kidney,Up,2.60926436077891,8.26006580163158e-08
1368,Serpina3g,Visium,Kidney,Up,3.32300517168655,1.20125574804738e-07
1369,Cd79b,Visium,Kidney,Up,1.99358214037602,1.20125574804738e-07
1370,Tyrobp,Visium,Kidney,Up,2.38681773964687,1.33894192337336e-07
1371,Wfdc17,Visium,Kidney,Up,2.44306170596731,2.33779458461872e-07
1372,S100a6,Visium,Kidney,Up,1.95381276345655,2.48306119135867e-07
1373,Cdkn1a,Visium,Kidney,Up,1.56550369540906,2.96987507376874e-07
1374,Timp1,Visium,Kidney,Up,4.1694969968111,2.96987507376874e-07
1375,C1qb,Visium,Kidney,Up,2.64212571424024,3.08549908881651e-07
1376,Lst1,Visium,Kidney,Up,1.75620110651165,3.49478092288616e-07
1377,Bcl2a1d,Visium,Kidney,Up,2.34858979783297,3.59666253415911e-07
1378,Cd74,Visium,Kidney,Up,2.05422238997437,6.59008948923324e-07
1379,C1qc,Visium,Kidney,Up,2.46194902121171,7.91588047188802e-07
1380,Rhbg,Visium,Kidney,Down,-1.44478895349655,9.04436052710796e-07
1381,Slc30a2,Visium,Kidney,Down,-1.06879792710077,1.27277908840657e-06
1382,Crlf1,Visium,Kidney,Up,3.31258932217727,1.27677343337975e-06
1383,Cxcl13,Visium,Kidney,Up,4.40932227860463,1.27677343337975e-06
1384,Aldh1a1,Visium,Kidney,Up,1.69101597317874,1.29598173782702e-06
1385,AC149090.1,Visium,Kidney,Up,1.30071096712904,1.61665799304232e-06
1386,Ighm,Visium,Kidney,Up,6.91427919231437,1.61871506753142e-06
1387,Acsbg1,Visium,Kidney,Up,4.11089514340488,1.61871506753142e-06
1388,Cd72,Visium,Kidney,Up,2.20391383230637,1.61871506753142e-06
1389,H2-Ab1,Visium,Kidney,Up,2.00709079096155,1.61871506753142e-06
1390,Bcl2a1b,Visium,Kidney,Up,2.53512035375354,1.61871506753142e-06
1391,Ptprcap,Visium,Kidney,Up,1.87467970803168,1.7097762190624e-06
1392,Insig1,Visium,Kidney,Down,-0.937195132075276,1.84311482891481e-06
1393,Ms4a7,Visium,Kidney,Up,2.88345007832542,1.85433869943969e-06
1394,Slpi,Visium,Kidney,Up,6.02231454251904,1.88220668531242e-06
1395,Clec4a1,Visium,Kidney,Up,2.74465675982252,1.88420008628629e-06
1396,Pglyrp1,Visium,Kidney,Up,2.21172383653083,1.89441894581594e-06
1397,Cd79a,Visium,Kidney,Up,2.89201613209893,1.89441894581594e-06
1398,Ptgds,Visium,Kidney,Up,1.93567013069173,2.23877849403321e-06
1399,Clec12a,Visium,Kidney,Up,3.04530102194811,2.23877849403321e-06
1400,Spi1,Visium,Kidney,Up,2.1752553718363,2.23877849403321e-06
1401,Rac2,Visium,Kidney,Up,1.99007049273101,2.23877849403321e-06
1402,Tnfrsf1b,Visium,Kidney,Up,1.90546433656535,2.23877849403321e-06
1403,Nupr1,Visium,Kidney,Up,2.23450187275193,2.23877849403321e-06
1404,Ms4a6d,Visium,Kidney,Up,3.32544245002986,2.23877849403321e-06
1405,Cd3d,Visium,Kidney,Up,2.21515033394005,2.24410293987854e-06
1406,C1qa,Visium,Kidney,Up,2.56585168456398,2.24410293987854e-06
1407,Adgre1,Visium,Kidney,Up,2.32028793041737,2.24410293987854e-06
1408,Ccl8,Visium,Kidney,Up,4.59902997264115,2.28028693998783e-06
1409,Ifitm1,Visium,Kidney,Up,1.96465721233425,2.28404148959542e-06
1410,H2-Eb1,Visium,Kidney,Up,2.23745584507248,2.31887142072098e-06
1411,Lyz2,Visium,Kidney,Up,3.24982482618654,2.31887142072098e-06
1412,C130026I21Rik,Visium,Kidney,Up,5.26243503608644,2.70338737195196e-06
1413,Iglv1,Visium,Kidney,Up,5.82894984645916,2.71356468909386e-06
1414,Cacna1s,Visium,Kidney,Up,4.48962616536118,2.82905275168022e-06
1415,Plek,Visium,Kidney,Up,2.45482357031216,2.82905275168022e-06
1416,Hck,Visium,Kidney,Up,2.28846727430377,4.95047387824675e-06
1417,Slc6a6,Visium,Kidney,Up,1.02674000966578,5.01114588202006e-06
1418,Ms4a6b,Visium,Kidney,Up,2.60096912258346,5.75865874569927e-06
1419,Ncf4,Visium,Kidney,Up,1.99675905068171,5.77842562057454e-06
1420,Csf3r,Visium,Kidney,Up,2.63537552937102,5.80033454078092e-06
1421,Ccl2,Visium,Kidney,Up,3.10569086353612,5.85525904683095e-06
1422,H2-Aa,Visium,Kidney,Up,2.07685845720609,6.35062926536324e-06
1423,H2-K1,Visium,Kidney,Up,1.21717574715878,6.35238971352199e-06
1424,Pld4,Visium,Kidney,Up,2.26241178930469,6.35238971352199e-06
1425,Fgr,Visium,Kidney,Up,2.63517275897747,6.56875051880408e-06
1426,Gimap3,Visium,Kidney,Up,2.05051664830475,6.56875051880408e-06
1427,Clec4a3,Visium,Kidney,Up,2.67000761781057,6.56875051880408e-06
1428,Ifitm3,Visium,Kidney,Up,1.26745179012523,6.84836035829652e-06
1429,Apobec3,Visium,Kidney,Up,1.64223881234104,6.90142218098824e-06
1430,Aif1,Visium,Kidney,Up,1.86301706421205,7.68026012550489e-06
1431,Gm34084,Visium,Kidney,Up,1.61494022225663,7.76289879152647e-06
1432,Slc2a6,Visium,Kidney,Up,2.77122971751146,7.82944351962917e-06
1433,Coro1a,Visium,Kidney,Up,1.98905040049347,7.82944351962917e-06
1434,Slc4a1,Visium,Kidney,Down,-1.18110220684313,7.92331863085214e-06
1435,Serpina3f,Visium,Kidney,Up,3.47102283637475,7.93941634662271e-06
1436,Rgs10,Visium,Kidney,Up,1.81001970535577,8.398487545081e-06
1437,Gpr132,Visium,Kidney,Up,2.4081593962225,8.59816204948821e-06
1438,Gzmk,Visium,Kidney,Up,5.46113013087085,8.65248976916966e-06
1439,Defb36,Visium,Kidney,Up,7.75584035828096,8.65248976916966e-06
1440,Lat,Visium,Kidney,Up,2.19669906011901,9.44395722975456e-06
1441,Cd300ld,Visium,Kidney,Up,2.62424393018543,1.03639109033697e-05
1442,Mogat2,Visium,Kidney,Down,-2.07435843112183,1.03639109033697e-05
1443,Sprr1a,Visium,Kidney,Up,5.64231808782294,1.03639109033697e-05
1444,Pou2af1,Visium,Kidney,Up,3.78176951567227,1.08848256438194e-05
1445,Ltb,Visium,Kidney,Up,2.16617218794809,1.1158041212776e-05
1446,Trbc2,Visium,Kidney,Up,1.97990360882457,1.16271674152309e-05
1447,Itgb2,Visium,Kidney,Up,2.07386125994015,1.2318859512718e-05
1448,Cd3e,Visium,Kidney,Up,2.52519927678737,1.23238055605691e-05
1449,Cd2,Visium,Kidney,Up,1.97062060643549,1.23238055605691e-05
1450,Scube1,Visium,Kidney,Up,2.75917102633178,1.23238055605691e-05
1451,Sla,Visium,Kidney,Up,2.20857511190874,1.2727593332145e-05
1452,Mgp,Visium,Kidney,Up,2.04199857947545,1.32570119711212e-05
1453,Arhgap45,Visium,Kidney,Up,1.95277259135383,1.32570119711212e-05
1454,Igkc,Visium,Kidney,Up,6.31301159576872,1.32570119711212e-05
1455,Gm10639,Visium,Kidney,Down,-0.756734956545538,1.32570119711212e-05
1456,Ly9,Visium,Kidney,Up,2.72839549084823,1.47550764182206e-05
1457,Vcam1,Visium,Kidney,Up,2.25713491801986,1.5318428560436e-05
1458,Pirb,Visium,Kidney,Up,2.55180218570797,1.61874649909004e-05
1459,Krt19,Visium,Kidney,Up,3.1623113883441,1.62306980014045e-05
1460,Adm2,Visium,Kidney,Down,-1.88409698253561,1.81346652748979e-05
1461,Treml4,Visium,Kidney,Up,2.6910455727874,1.8340454222182e-05
1462,Pdp2,Visium,Kidney,Down,-1.1154201972645,1.8340454222182e-05
1463,Fxyd3,Visium,Kidney,Up,4.10507977325036,1.8340454222182e-05
1464,H2-D1,Visium,Kidney,Up,1.23560593345797,1.84111994404061e-05
1465,Mzb1,Visium,Kidney,Up,3.30202442412198,1.93875434144634e-05
1466,Mpeg1,Visium,Kidney,Up,2.38710049608636,1.94137503775256e-05
1467,A530040E14Rik,Visium,Kidney,Up,3.54210793573163,1.97630563874413e-05
1468,Il1b,Visium,Kidney,Up,1.80874276137469,1.98936997955833e-05
1469,Cxcl12,Visium,Kidney,Up,1.26618907671559,2.02023522748168e-05
1470,H2-DMa,Visium,Kidney,Up,1.59995281149423,2.06114443817126e-05
1471,Clec4d,Visium,Kidney,Up,4.9475144768149,2.06516366970258e-05
1472,Ptpn18,Visium,Kidney,Up,1.16981432469139,2.21226148772769e-05
1473,Il10ra,Visium,Kidney,Up,2.13756390731075,2.21226148772769e-05
1474,Psca,Visium,Kidney,Up,5.75021652750827,2.28327000729546e-05
1475,Cd300c2,Visium,Kidney,Up,2.35857479899323,2.29702671048409e-05
1476,Pilra,Visium,Kidney,Up,2.69802687003226,2.32479187388622e-05
1477,Gsdmd,Visium,Kidney,Up,1.34692965861334,2.41827134433665e-05
1478,Dcdc2a,Visium,Kidney,Up,1.2626471210181,2.46670615391867e-05
1479,Fermt3,Visium,Kidney,Up,1.89701755403926,2.54550570860599e-05
1480,Ms4a6c,Visium,Kidney,Up,3.02741643937916,2.61610004740135e-05
1481,Clec4b1,Visium,Kidney,Up,2.45096932653321,2.64408927248623e-05
1482,Kcnn4,Visium,Kidney,Up,2.60187103731922,2.64408927248623e-05
1483,Tsc22d3,Visium,Kidney,Up,0.693438845561054,2.66416947575667e-05
1484,Ly6k,Visium,Kidney,Up,3.88455230631771,2.74339022000154e-05
1485,Nkg7,Visium,Kidney,Up,1.89905409407807,2.74339022000154e-05
1486,Fcgr4,Visium,Kidney,Up,1.80198087787051,3.07631826674487e-05
1487,Vav1,Visium,Kidney,Up,1.95144216407319,3.07631826674487e-05
1488,Lcp1,Visium,Kidney,Up,1.68839033848902,3.07631826674487e-05
1489,Il7r,Visium,Kidney,Up,4.18812193950938,3.07631826674487e-05
1490,Scin,Visium,Kidney,Up,1.108093500421,3.07631826674487e-05
1491,Bcl2a1a,Visium,Kidney,Up,2.58927137738512,3.07631826674487e-05
1492,Cd83,Visium,Kidney,Up,1.62342412827292,3.07631826674487e-05
1493,Batf,Visium,Kidney,Up,2.10776545806859,3.07631826674487e-05
1494,Syk,Visium,Kidney,Up,2.74742989329307,3.07631826674487e-05
1495,2010203P06Rik,Visium,Kidney,Down,-3.0600222064655,3.1109038693688e-05
1496,Rarres2,Visium,Kidney,Up,1.03492018464388,3.1109038693688e-05
1497,Ighg1,Visium,Kidney,Up,13.2861474368626,3.11429914268843e-05
1498,Ccl3,Visium,Kidney,Up,2.92938561878626,3.1772825521097e-05
1499,Lcn2,Visium,Kidney,Up,4.29348019110833,3.20055630590762e-05
1500,Esm1,Visium,Kidney,Down,-0.913831738915139,3.24005819947418e-05
1501,Trem2,Visium,Kidney,Up,4.56079682541457,3.34962059586157e-05
1502,Ctss,Visium,Kidney,Up,2.31169440724503,3.439797585478e-05
1503,Cd68,Visium,Kidney,Up,2.68080225340874,3.49406079357413e-05
1504,Ubd,Visium,Kidney,Up,2.81029254879182,3.49406079357413e-05
1505,Clec4n,Visium,Kidney,Up,3.89403007449205,3.51995908120749e-05
1506,Havcr1,Visium,Kidney,Up,4.05155542207166,3.58054060222846e-05
1507,Serping1,Visium,Kidney,Up,1.82034098373554,3.58054060222846e-05
1508,Bgn,Visium,Kidney,Up,1.80909501103646,3.58054060222846e-05
1509,Ctsw,Visium,Kidney,Up,1.96017660576058,3.58308230583912e-05
1510,H2-DMb2,Visium,Kidney,Up,2.5429422761446,3.62522416329725e-05
1511,Unc93b1,Visium,Kidney,Up,1.47641629443657,3.65535942162699e-05
1512,Rasal3,Visium,Kidney,Up,2.00754909953073,3.65535942162699e-05
1513,Ccl4,Visium,Kidney,Up,2.11498768813334,3.70227046443855e-05
1514,Cxcr3,Visium,Kidney,Up,1.5716344698787,3.70227046443855e-05
1515,Lcp2,Visium,Kidney,Up,2.73168870351677,4.04513757315236e-05
1516,Tmsb10,Visium,Kidney,Up,1.12113078989042,4.06874461764244e-05
1517,Cyth4,Visium,Kidney,Up,2.20314993770405,4.15200936416983e-05
1518,Slc11a1,Visium,Kidney,Up,1.87133574368241,4.19046532479201e-05
1519,Igsf6,Visium,Kidney,Up,2.25116435072992,4.2179215841158e-05
1520,Il2rg,Visium,Kidney,Up,1.70996874406167,4.2179215841158e-05
1521,Cd48,Visium,Kidney,Up,1.85677096756554,4.2179215841158e-05
1522,Tubb5,Visium,Kidney,Up,0.883764167710267,4.48266778477862e-05
1523,Itgb7,Visium,Kidney,Up,1.83253847190742,4.53260774770263e-05
1524,Ccdc88b,Visium,Kidney,Up,2.09897901909762,4.56451865258801e-05
1525,Mcemp1,Visium,Kidney,Up,2.31480135759289,4.56451865258801e-05
1526,Gys2,Visium,Kidney,Down,-1.74252334420075,4.59237053930785e-05
1527,AI504432,Visium,Kidney,Up,2.76332299709279,4.62134816555238e-05
1528,Myo1f,Visium,Kidney,Up,2.29243804215605,4.88933702526011e-05
1529,Atp6v1c2,Visium,Kidney,Down,-1.57605693165887,4.95699612445802e-05
1530,Insrr,Visium,Kidney,Down,-1.8240217344853,4.96646019259801e-05
1531,Cd44,Visium,Kidney,Up,2.72913816102523,5.30478362520857e-05
1532,Pilrb1,Visium,Kidney,Up,2.46411376170534,5.30478362520857e-05
1533,Mfap4,Visium,Kidney,Up,2.55111607613816,5.30478362520857e-05
1534,Arpc1b,Visium,Kidney,Up,0.984274688293233,5.4891603360154e-05
1535,Bok,Visium,Kidney,Up,1.10713277232229,5.49970849104707e-05
1536,P2ry6,Visium,Kidney,Up,2.06052840664329,5.49970849104707e-05
1537,Nat8f3,Visium,Kidney,Down,-1.61405619744977,5.50019802402299e-05
1538,Hhatl,Visium,Kidney,Down,-1.5036858046692,5.51775426834377e-05
1539,Clec4a2,Visium,Kidney,Up,2.26127332977476,5.55899992289259e-05
1540,Slamf7,Visium,Kidney,Up,2.63344509652323,5.65614371978734e-05
1541,Sncg,Visium,Kidney,Up,0.788132013839571,5.74339129425254e-05
1542,Traf1,Visium,Kidney,Up,1.68836981432369,5.74339129425254e-05
1543,Pstpip1,Visium,Kidney,Up,1.83329879472118,5.76566734430929e-05
1544,Itgax,Visium,Kidney,Up,2.26523320283529,5.76566734430929e-05
1545,Arhgap9,Visium,Kidney,Up,1.83643848270764,5.76566734430929e-05
1546,Adgre4,Visium,Kidney,Up,3.33379084569081,5.96086775601675e-05
1547,Fxyd5,Visium,Kidney,Up,1.69646652344936,5.97839621545953e-05
1548,Fcgr3,Visium,Kidney,Up,2.08411916079162,6.01430882805627e-05
1549,Selplg,Visium,Kidney,Up,2.0825347404784,6.10552942206645e-05
1550,Snx20,Visium,Kidney,Up,2.12900850405912,6.22656630318441e-05
1551,Csprs,Visium,Kidney,Up,3.36697673946096,6.22656630318441e-05
1552,Cd3g,Visium,Kidney,Up,1.70797079011072,6.42012794098826e-05
1553,Ugt2b38,Visium,Kidney,Down,-2.05304036423441,6.52035051438719e-05
1554,Car14,Visium,Kidney,Down,-1.41385661554432,6.72189149611212e-05
1555,Laptm5,Visium,Kidney,Up,2.24146150249024,6.85417555431767e-05
1556,Cd300a,Visium,Kidney,Up,2.85963827647142,7.00079766493877e-05
1557,Prg2,Visium,Kidney,Up,8.37466665289132,7.00079766493877e-05
1558,Havcr2,Visium,Kidney,Up,2.00334380848239,7.00079766493877e-05
1559,Egr2,Visium,Kidney,Up,2.99745813748875,7.28401438741558e-05
1560,Hmx2,Visium,Kidney,Down,-2.11005725441609,7.49965147020442e-05
1561,Klrb1b,Visium,Kidney,Up,2.8005198444664,7.49965147020442e-05
1562,Gdpd2,Visium,Kidney,Up,2.22804021960869,7.83124327083019e-05
1563,Ptpn6,Visium,Kidney,Up,0.652891101224106,7.83124327083019e-05
1564,Hspb1,Visium,Kidney,Up,0.657438333314258,8.04194462141746e-05
1565,Efhd2,Visium,Kidney,Up,1.06295620514595,8.17771763631539e-05
1566,Casr,Visium,Kidney,Down,-0.804913522719999,8.47243035852307e-05
1567,Myl12a,Visium,Kidney,Up,0.713160303684361,8.67762812387181e-05
1568,Myo1g,Visium,Kidney,Up,1.99454344477253,8.67762812387181e-05
1569,Cybb,Visium,Kidney,Up,1.83701073372721,8.69758007664949e-05
1570,Nckap1l,Visium,Kidney,Up,2.0796904649966,8.84084683221737e-05
1571,Bst2,Visium,Kidney,Up,1.05105757327654,8.84084683221737e-05
1572,Npy1r,Visium,Kidney,Up,2.24547860804419,8.97899759511601e-05
1573,Olfml3,Visium,Kidney,Up,1.06193657230646,8.97899759511601e-05
1574,Ccl9,Visium,Kidney,Up,3.00766681762734,8.97899759511601e-05
1575,Slamf8,Visium,Kidney,Up,2.16346320159563,8.97899759511601e-05
1576,Nfam1,Visium,Kidney,Up,2.19095894662418,9.28793911839084e-05
1577,Vsir,Visium,Kidney,Up,1.96265418235076,9.44388219792121e-05
1578,Glipr1,Visium,Kidney,Up,1.76094240443871,9.65116034316758e-05
1579,Trac,Visium,Kidney,Up,1.78862717246761,9.65116034316758e-05
1580,Psmb9,Visium,Kidney,Up,0.955844641062086,9.65116034316758e-05
1581,Dock2,Visium,Kidney,Up,2.20180948948434,9.68585372894344e-05
1582,Defb11,Visium,Kidney,Down,-1.57198195169154,9.77858595904802e-05
1583,Akna,Visium,Kidney,Up,1.45643166416239,9.77858595904802e-05
1584,C3ar1,Visium,Kidney,Up,2.67626034015882,9.90480166090685e-05
1585,Tbc1d10c,Visium,Kidney,Up,1.89031542544221,0.0001011869317856
1586,Rhoh,Visium,Kidney,Up,2.19044118972049,0.0001011869317856
1587,Lsp1,Visium,Kidney,Up,1.73018365603244,0.0001011869317856
1588,Hcls1,Visium,Kidney,Up,2.09832657531189,0.0001036889387795
1589,Fcgr1,Visium,Kidney,Up,2.43297217606473,0.0001036889387795
1590,C5ar1,Visium,Kidney,Up,2.49866974644664,0.0001044521048251
1591,Tmsb4x,Visium,Kidney,Up,1.16393394418048,0.0001058816929279
1592,Zap70,Visium,Kidney,Up,2.3993753198879,0.0001058816929279
1593,Bin2,Visium,Kidney,Up,1.7755990147755,0.0001058816929279
1594,Itm2c,Visium,Kidney,Up,0.813540015173194,0.0001067271339636
1595,Ms4a4c,Visium,Kidney,Up,2.29034802440179,0.0001068880600186
1596,Ly6c2,Visium,Kidney,Up,3.55883547251283,0.0001072385669933
1597,H2-DMb1,Visium,Kidney,Up,1.26808970632502,0.0001072385669933
1598,Lrp1,Visium,Kidney,Up,1.25048829458583,0.0001081434193363
1599,Traf3ip3,Visium,Kidney,Up,1.84829957906909,0.0001085561372424
1600,Cd14,Visium,Kidney,Up,1.78907218151308,0.0001085561372424
1601,Trpv2,Visium,Kidney,Up,1.84149964598892,0.0001112294473306
1602,H2-Q7,Visium,Kidney,Up,1.07510443751331,0.0001123217875478
1603,Cst3,Visium,Kidney,Up,1.05382790422533,0.0001128272409814
1604,Spn,Visium,Kidney,Up,1.96039042795333,0.0001135821959289
1605,Cd53,Visium,Kidney,Up,2.35308423323308,0.0001137650886361
1606,Col26a1,Visium,Kidney,Down,-1.70520474860798,0.0001141322001134
1607,Ms4a4b,Visium,Kidney,Up,1.70755444819941,0.0001144305521366
1608,Tlr1,Visium,Kidney,Up,1.80236265409029,0.0001151781529514
1609,Itgam,Visium,Kidney,Up,3.01358710305474,0.0001171042484272
1610,Muc20,Visium,Kidney,Up,1.16457785215717,0.0001186280588875
1611,Lair1,Visium,Kidney,Up,1.78297844678046,0.0001190245791784
1612,Ptprc,Visium,Kidney,Up,1.97274013164107,0.0001190245791784
1613,Gm5547,Visium,Kidney,Up,2.08482704395743,0.0001190245791784
1614,Rab7b,Visium,Kidney,Up,1.82514988321023,0.000121160798886
1615,Tnfrsf13b,Visium,Kidney,Up,2.22986037413121,0.0001247072020912
1616,Defb19,Visium,Kidney,Down,-1.55396626617837,0.0001302820348845
1617,Cd84,Visium,Kidney,Up,3.27046357737022,0.0001302820348845
1618,Rdh12,Visium,Kidney,Up,2.24176197477236,0.0001308027938351
1619,Adamtsl2,Visium,Kidney,Up,1.18631993082001,0.0001316805619394
1620,Trbc1,Visium,Kidney,Up,1.55039008457146,0.0001318614211526
1621,Ltbp2,Visium,Kidney,Up,3.91441060246829,0.0001318614211526
1622,Cck,Visium,Kidney,Up,2.59255402581738,0.0001318614211526
1623,Psd4,Visium,Kidney,Up,2.38874692140617,0.0001337276751275
1624,Gngt2,Visium,Kidney,Up,0.965385167335155,0.0001359835004105
1625,Ccl5,Visium,Kidney,Up,2.11065850388882,0.00013946865162
1626,Mcub,Visium,Kidney,Up,1.97941956564437,0.000139472897944
1627,C4b,Visium,Kidney,Up,3.21772171879663,0.0001419740207414
1628,Psmb8,Visium,Kidney,Up,1.25939177674725,0.0001443708693572
1629,Arl5c,Visium,Kidney,Up,2.54901931146519,0.0001449395805534
1630,Klhdc7a,Visium,Kidney,Down,-0.680464012086709,0.0001449395805534
1631,Gm17750,Visium,Kidney,Down,-0.813096968574829,0.0001449395805534
1632,Crip1,Visium,Kidney,Up,1.02742580011293,0.0001449395805534
1633,Fam105a,Visium,Kidney,Up,2.1928888533472,0.0001450176750185
1634,Arrb2,Visium,Kidney,Up,1.28277218398947,0.0001477056377948
1635,Adcy7,Visium,Kidney,Up,2.64936407428236,0.0001477056377948
1636,Angptl4,Visium,Kidney,Up,2.04354670962741,0.0001520224680288
1637,Calb1,Visium,Kidney,Down,-1.31418154923172,0.0001545713028101
1638,Siglece,Visium,Kidney,Up,2.02943870275253,0.000158656023986
1639,Cxcl1,Visium,Kidney,Up,3.37896508116906,0.0001611015166997
1640,Ccl19,Visium,Kidney,Up,1.76509264479566,0.0001622382603013
1641,1700016C15Rik,Visium,Kidney,Up,1.05742981332983,0.0001638183068883
1642,Ear2,Visium,Kidney,Up,3.44746647283732,0.0001652845975903
1643,Gm15895,Visium,Kidney,Up,2.03614313665099,0.0001655861558343
1644,Fgd2,Visium,Kidney,Up,1.42860521777961,0.0001655861558343
1645,Sh2d2a,Visium,Kidney,Up,2.39248088880258,0.0001661857065056
1646,Sash3,Visium,Kidney,Up,1.9560130494491,0.0001661857065056
1647,S100a4,Visium,Kidney,Up,2.08912185057911,0.0001661857065056
1648,Pik3r5,Visium,Kidney,Up,2.34833389045082,0.0001662214577563
1649,Tgfbi,Visium,Kidney,Up,1.57648817376284,0.000166453360623
1650,Gdf3,Visium,Kidney,Up,5.13522333228762,0.0001687802714481
1651,Slc15a3,Visium,Kidney,Up,2.08753167112505,0.0001699531162362
1652,4430402I18Rik,Visium,Kidney,Down,-1.27524033355815,0.0001699531162362
1653,Themis2,Visium,Kidney,Up,1.93797157897927,0.0001700904436946
1654,Kif1a,Visium,Kidney,Up,2.95801511393633,0.0001700904436946
1655,Tmem52,Visium,Kidney,Down,-1.18282083697426,0.0001700904436946
1656,Cd8b1,Visium,Kidney,Up,2.23550955520981,0.0001722339515667
1657,Arhgdib,Visium,Kidney,Up,1.241702783542,0.0001776501801536
1658,Nfkb2,Visium,Kidney,Up,0.971967280624649,0.0001805187114861
1659,Cygb,Visium,Kidney,Up,1.8369854938644,0.0001805187114861
1660,Alox5ap,Visium,Kidney,Up,1.6327414893319,0.0001821192755021
1661,Ces2e,Visium,Kidney,Up,1.07106233069851,0.0001821192755021
1662,AU020206,Visium,Kidney,Up,1.28184260988473,0.0001859333635921
1663,Ighg2c,Visium,Kidney,Up,14.3760679516759,0.0001866697624597
1664,Csf2rb2,Visium,Kidney,Up,2.06995916589173,0.0001882852571409
1665,Rgs1,Visium,Kidney,Up,3.21417162679739,0.0001899816932232
1666,Tnfrsf18,Visium,Kidney,Up,1.88458642444398,0.0001928354089555
1667,Thy1,Visium,Kidney,Up,2.2158323672616,0.0001928354089555
1668,Cd37,Visium,Kidney,Up,1.79522654965982,0.0001928354089555
1669,Hacl1,Visium,Kidney,Down,-0.596342338259038,0.0001978358347797
1670,Gm21887,Visium,Kidney,Down,-2.64253481634434,0.0001993758622266
1671,AC166344.1,Visium,Kidney,Up,1.31860787797093,0.0002023359851306
1672,Medag,Visium,Kidney,Up,2.58271629476949,0.0002023359851306
1673,F10,Visium,Kidney,Up,1.6109714221153,0.0002102313779511
1674,Tcirg1,Visium,Kidney,Up,1.10783691780834,0.0002125641576876
1675,Socs3,Visium,Kidney,Up,2.18919885839047,0.0002137628460937
1676,Lck,Visium,Kidney,Up,1.61755647551906,0.0002137628460937
1677,Fos,Visium,Kidney,Up,1.43355502459001,0.0002165562474942
1678,Pla2g2d,Visium,Kidney,Up,3.34473647409504,0.0002167492864408
1679,Grk2,Visium,Kidney,Up,0.652172818593442,0.000218851055415
1680,Gm15318,Visium,Kidney,Down,-1.33452520538855,0.0002191979012064
1681,Sit1,Visium,Kidney,Up,2.19574052853728,0.0002216653703662
1682,Ifitm6,Visium,Kidney,Up,2.17101617878257,0.0002216653703662
1683,Ltb4r1,Visium,Kidney,Up,2.12426951243936,0.0002216653703662
1684,Lilra5,Visium,Kidney,Up,1.24119436798657,0.0002219952619765
1685,Ccl7,Visium,Kidney,Up,4.39082505305134,0.0002219952619765
1686,Cpxm1,Visium,Kidney,Up,1.54853875369096,0.0002239677635093
1687,Ly6e,Visium,Kidney,Up,1.30878756686594,0.0002239677635093
1688,Anxa2,Visium,Kidney,Up,1.2714732426658,0.0002260872750614
1689,Prkcb,Visium,Kidney,Up,1.91408338547617,0.0002330676230567
1690,Sytl2,Visium,Kidney,Up,1.00215738604169,0.0002330676230567
1691,Slc16a5,Visium,Kidney,Down,-0.702476004736494,0.0002330676230567
1692,Junb,Visium,Kidney,Up,1.44824951136696,0.0002330676230567
1693,Lrrc25,Visium,Kidney,Up,2.16116840500553,0.0002330676230567
1694,Cabcoco1,Visium,Kidney,Down,-0.930767677730921,0.0002330676230567
1695,Ly6c1,Visium,Kidney,Up,0.663485217150543,0.0002330676230567
1696,Smoc2,Visium,Kidney,Up,2.04211887479816,0.0002330676230567
1697,B3galnt1,Visium,Kidney,Down,-0.907350438831296,0.0002330676230567
1698,Abhd14a,Visium,Kidney,Down,-0.713932595272144,0.0002330676230567
1699,Nfkbia,Visium,Kidney,Up,0.700908596174869,0.0002330676230567
1700,Ccdc85c,Visium,Kidney,Down,-0.64734135081913,0.0002330676230567
1701,Iglv3,Visium,Kidney,Up,7.84950753268395,0.0002344701434741
1702,AB124611,Visium,Kidney,Up,2.56129579760386,0.0002374680693465
1703,Cx3cl1,Visium,Kidney,Up,1.2790858145912,0.0002400196984517
1704,BC037034,Visium,Kidney,Up,0.721215961877944,0.0002424648081167
1705,Il16,Visium,Kidney,Up,1.29611439188364,0.000243927229393
1706,Ccl22,Visium,Kidney,Up,2.9629094545526,0.0002466337973157
1707,Tstd3,Visium,Kidney,Down,-0.702944762467032,0.0002532242965346
1708,Oas3,Visium,Kidney,Up,3.05487151922256,0.0002535148175871
1709,Hsd11b1,Visium,Kidney,Up,0.77351541858764,0.0002632879883297
1710,Jchain,Visium,Kidney,Up,5.20391314616745,0.0002698662128898
1711,Ptpn22,Visium,Kidney,Up,2.39435903555713,0.0002698662128898
1712,Fabp7,Visium,Kidney,Down,-1.2817783358851,0.0002698662128898
1713,Rmdn1,Visium,Kidney,Down,-0.620310659729536,0.0002698662128898
1714,Tapbp,Visium,Kidney,Up,0.703217700896473,0.0002718316828699
1715,Ch25h,Visium,Kidney,Up,2.37059491123523,0.0002718316828699
1716,CR974586.5,Visium,Kidney,Up,1.74017452471542,0.0002758403840581
1717,Ccdc151,Visium,Kidney,Down,-1.87353258490874,0.0002766603329288
1718,Tlr13,Visium,Kidney,Up,2.65545542075919,0.0002810022494146
1719,Pou2f2,Visium,Kidney,Up,2.03615940114464,0.000281715137653
1720,Slc51a,Visium,Kidney,Down,-1.19169010464393,0.000281715137653
1721,Angptl3,Visium,Kidney,Up,1.31122755397747,0.0002818895266155
1722,Cp,Visium,Kidney,Up,1.79569993095423,0.0002881144989179
1723,Arhgdia,Visium,Kidney,Up,0.669637451723304,0.0002881144989179
1724,Sult2a3,Visium,Kidney,Up,1.84966414907413,0.0002881520983957
1725,Cpne7,Visium,Kidney,Up,1.46995701318906,0.0002891890236462
1726,Relt,Visium,Kidney,Up,2.51582374633644,0.000297191497782
1727,Rasa4,Visium,Kidney,Up,1.27561401277428,0.000297191497782
1728,Ikzf3,Visium,Kidney,Up,2.6896564158335,0.000297191497782
1729,Mmp3,Visium,Kidney,Up,3.83000408557962,0.000297191497782
1730,Vldlr,Visium,Kidney,Down,-0.715420619226636,0.0003001384504993
1731,Nat8f6,Visium,Kidney,Down,-1.86763282349443,0.0003009898735293
1732,Dennd1c,Visium,Kidney,Up,2.02862311175654,0.0003102934663124
1733,Sphk1,Visium,Kidney,Up,1.51917861506932,0.0003129954870479
1734,Cyp4f18,Visium,Kidney,Up,2.12337337760478,0.0003185457195518
1735,Hdhd3,Visium,Kidney,Down,-0.815394780448188,0.0003188201403932
1736,Isoc2a,Visium,Kidney,Down,-1.04754530879247,0.000328412720866
1737,Neat1,Visium,Kidney,Up,0.82759077352935,0.000328412720866
1738,Osbpl6,Visium,Kidney,Down,-0.669626581597544,0.000328412720866
1739,Foxj1,Visium,Kidney,Up,2.76776258270863,0.000328412720866
1740,Ccr7,Visium,Kidney,Up,1.43802810597578,0.0003323800157318
1741,Ppp1r18,Visium,Kidney,Up,1.32694466370176,0.0003333047363018
1742,Emp3,Visium,Kidney,Up,1.22526068367589,0.0003397716035408
1743,Lat2,Visium,Kidney,Up,1.87582680315749,0.0003465172640542
1744,Art4,Visium,Kidney,Up,1.33558222209359,0.0003474844563579
1745,Ube2l6,Visium,Kidney,Up,0.899866624472003,0.0003495713976153
1746,Degs2,Visium,Kidney,Down,-1.18309333583936,0.0003496107409854
1747,Dok3,Visium,Kidney,Up,1.49123329763037,0.0003499124223302
1748,Gm19935,Visium,Kidney,Up,3.00700711651479,0.0003518612287098
1749,Ciita,Visium,Kidney,Up,1.57487749264411,0.0003518612287098
1750,Rasal1,Visium,Kidney,Up,2.3803683064983,0.0003518612287098
1751,Iglc1,Visium,Kidney,Up,4.92483079540861,0.0003518612287098
1752,Tsc22d1,Visium,Kidney,Up,0.788723564939629,0.0003518612287098
1753,Ccl6,Visium,Kidney,Up,1.99234029517041,0.0003567752810935
1754,Kcp,Visium,Kidney,Down,-0.975838706442205,0.0003635261774131
1755,Mterf2,Visium,Kidney,Down,-1.25623773688455,0.0003654354637809
1756,Cst7,Visium,Kidney,Up,2.53057736333264,0.000365940495017
1757,Itih3,Visium,Kidney,Up,2.19113560719069,0.0003664726139683
1758,1600010M07Rik,Visium,Kidney,Up,1.51226014315093,0.0003675091220861
1759,Pltp,Visium,Kidney,Up,1.94228939732689,0.0003676101918
1760,Tmem173,Visium,Kidney,Up,1.63878995309715,0.0003676101918
1761,Btla,Visium,Kidney,Up,1.62853738854837,0.0003676101918
1762,Mcm5,Visium,Kidney,Up,1.21571641287989,0.0003676101918
1763,Lig1,Visium,Kidney,Up,1.01740398020943,0.0003732309799716
1764,Acmsd,Visium,Kidney,Down,-1.75242022519655,0.0003871651351547
1765,Rsph10b,Visium,Kidney,Down,-1.53109929783469,0.0003899370985635
1766,Aoc1,Visium,Kidney,Up,2.36310772358156,0.0003940675511723
1767,Gdf15,Visium,Kidney,Up,1.68624419596654,0.0003979886287477
1768,Slfn8,Visium,Kidney,Up,2.05260007158716,0.0003980913360584
1769,Clic6,Visium,Kidney,Down,-2.14949982909371,0.0003994317425717
1770,Clec10a,Visium,Kidney,Up,2.21008529728092,0.0003994317425717
1771,Tnfaip8l2,Visium,Kidney,Up,1.81145762795828,0.0003994317425717
1772,Hcst,Visium,Kidney,Up,1.35174288369586,0.000402417662644
1773,Gbp8,Visium,Kidney,Up,2.10282516726418,0.0004033774809483
1774,Tmem151a,Visium,Kidney,Down,-1.17434229582637,0.0004047150438372
1775,Syn2,Visium,Kidney,Down,-1.34995898233362,0.0004056551111432
1776,Ms4a4d,Visium,Kidney,Up,2.14629747387175,0.000408409287246
1777,Il34,Visium,Kidney,Up,1.72726251109616,0.0004116877525684
1778,Cbr3,Visium,Kidney,Up,1.25069553708767,0.0004116877525684
1779,Wdfy4,Visium,Kidney,Up,1.66600128638182,0.0004122696997989
1780,Rras,Visium,Kidney,Up,0.739548763899722,0.0004171042388175
1781,H2-M3,Visium,Kidney,Up,1.19376741433104,0.0004185905792264
1782,Hist1h4h,Visium,Kidney,Down,-1.52905873110991,0.0004192869943947
1783,Lpxn,Visium,Kidney,Up,2.20904487734544,0.0004192869943947
1784,Irf7,Visium,Kidney,Up,1.14180754471619,0.0004196201367715
1785,Frzb,Visium,Kidney,Up,2.21426049195015,0.0004252061003975
1786,1500015O10Rik,Visium,Kidney,Up,1.1419472258645,0.0004341247752426
1787,Sv2a,Visium,Kidney,Down,-0.812162122903897,0.0004341247752426
1788,Ncf1,Visium,Kidney,Up,2.15445679777839,0.0004341247752426
1789,Igfbp2,Visium,Kidney,Up,5.53154419107368,0.0004382151123013
1790,Cpeb3,Visium,Kidney,Down,-0.803040140498421,0.0004430882693639
1791,Tmem154,Visium,Kidney,Up,1.75837908189604,0.0004516695600123
1792,Gm1673,Visium,Kidney,Up,1.16227386764807,0.0004560358693016
1793,Rassf4,Visium,Kidney,Up,1.95219417525194,0.0004562734239206
1794,Fcrla,Visium,Kidney,Up,1.82279816376215,0.0004630275209959
1795,Cyp1a1,Visium,Kidney,Down,-2.3974312713833,0.0004644602802889
1796,Gpr65,Visium,Kidney,Up,1.95515693229194,0.0004733467458104
1797,Pf4,Visium,Kidney,Up,1.81415884826661,0.0004781232000803
1798,Tlr2,Visium,Kidney,Up,1.9401405936896,0.0004819485460407
1799,Adgre5,Visium,Kidney,Up,0.738796313662557,0.000482626919671
1800,Cnnm2,Visium,Kidney,Down,-0.607036061940572,0.000482626919671
1801,Ly86,Visium,Kidney,Up,1.56290714839129,0.000482626919671
1802,Car12,Visium,Kidney,Down,-1.76410705693023,0.0004888484976914
1803,F630028O10Rik,Visium,Kidney,Up,2.12280033654581,0.0004888484976914
1804,Fdft1,Visium,Kidney,Down,-0.54484786810041,0.0004888484976914
1805,Arhgap25,Visium,Kidney,Up,1.92291028811833,0.0004888484976914
1806,Ablim3,Visium,Kidney,Down,-0.935741574894555,0.0004905317745384
1807,Efemp2,Visium,Kidney,Up,1.15776594167469,0.0004973401761121
1808,Dock10,Visium,Kidney,Up,1.56923593170402,0.0004974793918053
1809,Rela,Visium,Kidney,Up,0.580862174994315,0.0004974793918053
1810,Flna,Visium,Kidney,Up,1.11988765183702,0.0004974793918053
1811,Serpine2,Visium,Kidney,Up,2.11328810868468,0.0005013890799003
1812,Nrros,Visium,Kidney,Up,1.65795587919524,0.0005013890799003
1813,Ccr5,Visium,Kidney,Up,1.91966206334175,0.0005111693048423
1814,Arl11,Visium,Kidney,Up,2.52213714056758,0.0005254180258539
1815,Klf10,Visium,Kidney,Up,0.920335411399204,0.00052614036604
1816,Bcam,Visium,Kidney,Up,0.832501241452287,0.0005264898143682
1817,Spag5,Visium,Kidney,Up,1.44315088847868,0.0005264898143682
1818,H2-Oa,Visium,Kidney,Up,1.82554226527037,0.0005298890396609
1819,Ifi207,Visium,Kidney,Up,2.20174752305856,0.0005330698920629
1820,Naaladl2,Visium,Kidney,Up,1.84919577062064,0.0005351842997609
1821,Tspan32,Visium,Kidney,Up,1.67988835593705,0.0005369915051984
1822,Gnai2,Visium,Kidney,Up,0.729239029391672,0.0005369915051984
1823,Smpx,Visium,Kidney,Down,-1.56045799494934,0.0005379564534126
1824,Fut8,Visium,Kidney,Down,-0.734570997908604,0.0005406936615329
1825,Stc2,Visium,Kidney,Up,1.15784841922624,0.0005430702866019
1826,Smpdl3b,Visium,Kidney,Up,1.92176731792677,0.0005485673386546
1827,Pik3cg,Visium,Kidney,Up,1.8577775201712,0.0005533527467001
1828,Tnfrsf12a,Visium,Kidney,Up,1.16257080065179,0.0005581731442521
1829,Csf2rb,Visium,Kidney,Up,1.98822715656281,0.0005581731442521
1830,Ctgf,Visium,Kidney,Up,1.34134265939187,0.0005585143989496
1831,Il4i1,Visium,Kidney,Up,1.78775632428634,0.0005585143989496
1832,Acer2,Visium,Kidney,Up,1.02307572709159,0.0005612810293674
1833,Slc26a4,Visium,Kidney,Down,-1.52705287133162,0.0005612810293674
1834,Gm16861,Visium,Kidney,Down,-1.09774372657479,0.0005694172400603
1835,Slamf9,Visium,Kidney,Up,1.20261308417232,0.0005794477361017
1836,Ppfibp2,Visium,Kidney,Down,-0.787593826199592,0.0005942204820476
1837,Nfkbie,Visium,Kidney,Up,1.3226845388126,0.0006012970703242
1838,Relb,Visium,Kidney,Up,1.29842944094287,0.0006049938108042
1839,Chadl,Visium,Kidney,Down,-1.07118379512793,0.0006341758779746
1840,Mro,Visium,Kidney,Up,1.81333470249709,0.0006341758779746
1841,Srebf1,Visium,Kidney,Down,-0.655613376058142,0.0006341758779746
1842,1700067K01Rik,Visium,Kidney,Down,-1.11641319809325,0.000637822865042
1843,Dclk3,Visium,Kidney,Down,-0.876557176082137,0.0006435403682896
1844,Sdc1,Visium,Kidney,Up,0.82942110955039,0.0006435403682896
1845,Cd6,Visium,Kidney,Up,2.04894605380887,0.0006435403682896
1846,AA467197,Visium,Kidney,Up,3.32169799348005,0.0006485062777728
1847,Gm40614,Visium,Kidney,Down,-1.5367212446894,0.0006486482347593
1848,Cdkn2b,Visium,Kidney,Up,1.95681799470434,0.000668205106128
1849,Pira2,Visium,Kidney,Up,3.021149573116,0.0006722040408951
1850,Runx1,Visium,Kidney,Up,2.16445690193179,0.0006737326498541
1851,Gm16174,Visium,Kidney,Up,1.26830402329339,0.000678892364779
1852,Milr1,Visium,Kidney,Up,1.74396105253444,0.000678892364779
1853,Ccl17,Visium,Kidney,Up,3.18958379726095,0.0006790886535253
1854,Srgn,Visium,Kidney,Up,0.903998744855109,0.0006861361639608
1855,Tnfsf13b,Visium,Kidney,Up,2.13015069684471,0.0006991576865448
1856,Dnajc6,Visium,Kidney,Down,-0.79619400293128,0.0007097591681216
1857,Tnfaip3,Visium,Kidney,Up,1.45620567089439,0.0007237686285966
1858,Lss,Visium,Kidney,Down,-0.864555727151522,0.0007241714152021
1859,Atp6v1g3,Visium,Kidney,Down,-1.30966989708347,0.0007256030865331
1860,Itga4,Visium,Kidney,Up,1.52029631982895,0.0007282473439181
1861,Tmed6,Visium,Kidney,Down,-1.26730025277621,0.0007308657603688
1862,Coro2a,Visium,Kidney,Up,1.65674728533148,0.0007337736588032
1863,Ptafr,Visium,Kidney,Up,2.17666838844471,0.0007407357301163
1864,H2-Q6,Visium,Kidney,Up,0.602676054752393,0.0007409285541446
1865,Cnn2,Visium,Kidney,Up,1.21448904495592,0.0007409285541446
1866,Col6a2,Visium,Kidney,Up,1.1504729146924,0.0007456339963293
1867,Mrc1,Visium,Kidney,Up,2.2650879802353,0.0007478966297053
1868,Dusp2,Visium,Kidney,Up,1.74847872608256,0.0007508963121919
1869,Prex1,Visium,Kidney,Up,1.15867948716022,0.0007508963121919
1870,Bdnf,Visium,Kidney,Down,-1.28074654664671,0.0007579969280084
1871,Icam1,Visium,Kidney,Up,1.08035233525699,0.0007746545653759
1872,Evi2a,Visium,Kidney,Up,2.02664796386541,0.0007746545653759
1873,Racgap1,Visium,Kidney,Up,1.54812236599736,0.0007843784367452
1874,Jund,Visium,Kidney,Up,0.549030981147829,0.0007921327601367
1875,Sh2d1b1,Visium,Kidney,Up,1.8573533172613,0.0008147334558782
1876,Mmd2,Visium,Kidney,Down,-1.77411456057629,0.0008147334558782
1877,Plekhd1,Visium,Kidney,Down,-1.23763285704369,0.0008147334558782
1878,Pkmyt1,Visium,Kidney,Up,1.46536707457013,0.0008165794707736
1879,Bmp1,Visium,Kidney,Up,0.892626062201034,0.0008165794707736
1880,Piezo1,Visium,Kidney,Up,0.666023982862067,0.0008165794707736
1881,Slfn1,Visium,Kidney,Up,2.25080244947567,0.0008231532789566
1882,Cxcl10,Visium,Kidney,Up,0.972683759561953,0.0008236472365958
1883,Klk1b5,Visium,Kidney,Down,-1.48305492884115,0.0008294410958916
1884,Psme1,Visium,Kidney,Up,0.546072303199668,0.0008364066320714
1885,Atp6v1b1,Visium,Kidney,Down,-1.01271461261218,0.000847897548489
1886,Chrna4,Visium,Kidney,Down,-1.38105890291689,0.0008531191078162
1887,Zfp931,Visium,Kidney,Down,-0.768127576778765,0.0008563449232032
1888,Acap1,Visium,Kidney,Up,1.24904593922007,0.0008598284653672
1889,Pik3cd,Visium,Kidney,Up,2.04861656334635,0.0008755667899214
1890,Mast3,Visium,Kidney,Up,0.676565133774798,0.0008889357534064
1891,Rtn1,Visium,Kidney,Up,1.61629523429374,0.0008942727480647
1892,Pitpnm1,Visium,Kidney,Up,0.772347615847884,0.0008971780825828
1893,Dleu7,Visium,Kidney,Down,-2.0512498587898,0.0008974347645508
1894,Hlf,Visium,Kidney,Down,-0.694159748915182,0.0008974347645508
1895,Bhlha15,Visium,Kidney,Up,1.89890183781867,0.0008974347645508
1896,Fyb,Visium,Kidney,Up,0.866076107735309,0.0008974347645508
1897,Cd86,Visium,Kidney,Up,2.01982543797101,0.0008976926434303
1898,Rcn3,Visium,Kidney,Up,1.24041017206858,0.0009057129584136
1899,Epha2,Visium,Kidney,Up,0.990723052254411,0.000907561164696
1900,Ebi3,Visium,Kidney,Up,1.22551657564853,0.000907561164696
1901,Crlf2,Visium,Kidney,Up,1.18929778104979,0.0009099082670143
1902,Rgs19,Visium,Kidney,Up,1.08443245637804,0.0009219848075226
1903,Atf3,Visium,Kidney,Up,1.77595443901269,0.0009291677046976
1904,Lpar3,Visium,Kidney,Down,-1.53617228073124,0.0009416024993555
1905,Cmtm3,Visium,Kidney,Up,1.02600017601367,0.0009561862792735
1906,Egfl7,Visium,Kidney,Up,0.729054698685286,0.0009593047394106
1907,Mcl1,Visium,Kidney,Up,0.612936318615318,0.00095998473261
1908,Uhrf1,Visium,Kidney,Up,1.78420859005723,0.00095998473261
1909,Rhog,Visium,Kidney,Up,0.804371554993459,0.000966732022573
1910,1810063I02Rik,Visium,Kidney,Down,-0.740885890868677,0.0009691040572881
1911,Eng,Visium,Kidney,Up,0.914362955127922,0.0009716426842091
1912,Apbb1ip,Visium,Kidney,Up,2.01919480097491,0.0009789277221717
1913,Grem1,Visium,Kidney,Up,4.51943443470237,0.0009789277221717
1914,Stab1,Visium,Kidney,Up,1.26044507995439,0.0009790574513713
1915,Tifab,Visium,Kidney,Up,2.00806471924827,0.0009790574513713
1916,Echdc1,Visium,Kidney,Down,-0.615730318071773,0.0009790574513713
1917,Tpm1,Visium,Kidney,Up,1.05264888507186,0.0009870180689558
1918,Klrk1,Visium,Kidney,Up,1.80349130365086,0.0009917894731278
1919,Osmr,Visium,Kidney,Up,1.67273009716124,0.0009996034567265
1920,Akr1b8,Visium,Kidney,Up,1.47144125468572,0.0010038634826992
1921,Sp140,Visium,Kidney,Up,1.27596472757555,0.0010075574869859
1922,Rxrg,Visium,Kidney,Down,-1.4686677652901,0.0010111931013044
1923,Lgals3bp,Visium,Kidney,Up,1.11845905589156,0.0010305329056941
1924,Phyhipl,Visium,Kidney,Down,-0.58095330143963,0.0010305329056941
1925,Oxgr1,Visium,Kidney,Down,-1.64331550235777,0.0010309120309432
1926,Ifi213,Visium,Kidney,Up,1.74471716682364,0.0010493042039703
1927,Slc26a1,Visium,Kidney,Down,-1.33800382378753,0.0010493042039703
1928,Cd24a,Visium,Kidney,Up,0.818236823809004,0.0010493042039703
1929,Litaf,Visium,Kidney,Up,0.994982918062898,0.0010506905513372
1930,Rnf152,Visium,Kidney,Down,-0.951417412918412,0.0010559283612265
1931,Ifngr1,Visium,Kidney,Up,1.07753956413438,0.0010567221654952
1932,Nlrc5,Visium,Kidney,Up,1.35578705567383,0.0010701370303531
1933,Flt3l,Visium,Kidney,Up,1.06895368538586,0.0010701370303531
1934,1700119H24Rik,Visium,Kidney,Down,-1.67527070702179,0.0010701370303531
1935,Gem,Visium,Kidney,Up,1.38365055296571,0.0010787111880832
1936,Gabrb3,Visium,Kidney,Down,-2.5900979414613,0.0010868869631064
1937,Rrad,Visium,Kidney,Up,1.19932252409418,0.0010868869631064
1938,Tagln,Visium,Kidney,Up,1.13313895496594,0.0010868869631064
1939,Myo9b,Visium,Kidney,Up,0.772760813078227,0.0010868869631064
1940,Lilr4b,Visium,Kidney,Up,2.65085305543321,0.0010889360959293
1941,Glis1,Visium,Kidney,Down,-1.45410135250621,0.0010931815793223
1942,Il18r1,Visium,Kidney,Up,2.90077404137749,0.0011065878696569
1943,Ppfia4,Visium,Kidney,Up,1.51335308465662,0.0011151250864086
1944,Dok1,Visium,Kidney,Up,1.05746929264778,0.0011151250864086
1945,Gm42067,Visium,Kidney,Down,-1.08920073880413,0.0011151250864086
1946,Phf11b,Visium,Kidney,Up,1.3594106491969,0.0011151250864086
1947,Slc4a9,Visium,Kidney,Down,-1.67260638853933,0.0011151250864086
1948,Serpine1,Visium,Kidney,Up,3.54335217584911,0.0011187381425015
1949,Pdzd2,Visium,Kidney,Down,-0.820093726827252,0.0011381621775729
1950,Tnc,Visium,Kidney,Up,2.73166447602019,0.0011510538020812
1951,Isg15,Visium,Kidney,Up,0.95154567621641,0.0011567438804941
1952,Gm3716,Visium,Kidney,Down,-1.58612591978078,0.0011588523068068
1953,Gm12962,Visium,Kidney,Down,-2.3500221432289,0.0011612107658619
1954,Tm6sf1,Visium,Kidney,Up,1.52379779850199,0.001172180293655
1955,Ccr2,Visium,Kidney,Up,2.18800401125118,0.0011810599902699
1956,Slc18a1,Visium,Kidney,Down,-0.913433770812511,0.0011867349695271
1957,Gm46224,Visium,Kidney,Up,2.438316992788,0.0011867349695271
1958,Tnfrsf4,Visium,Kidney,Up,1.50053476594007,0.0011933555138125
1959,Slc2a12,Visium,Kidney,Down,-0.898487226830482,0.0011952881581945
1960,Hesx1,Visium,Kidney,Up,1.58551449635433,0.0012084588097946
1961,Cxcr6,Visium,Kidney,Up,1.69681168251321,0.0012084588097946
1962,Cd22,Visium,Kidney,Up,2.54629922660501,0.0012173751066709
1963,Lum,Visium,Kidney,Up,2.37878448924309,0.0012425264772922
1964,Fn3k,Visium,Kidney,Down,-0.743698091680624,0.0012489069866098
1965,Rnase6,Visium,Kidney,Up,1.42896170995138,0.0012741900787291
1966,Psmb10,Visium,Kidney,Up,0.775553439846012,0.0012821469174883
1967,Mrc2,Visium,Kidney,Up,1.12630033116079,0.0012838450817202
1968,Htr1b,Visium,Kidney,Up,2.48512311923057,0.0012946152165535
1969,Ctsc,Visium,Kidney,Up,1.14023860835746,0.0012969941898218
1970,Fzd5,Visium,Kidney,Down,-0.788783588066314,0.0012969941898218
1971,Samsn1,Visium,Kidney,Up,2.1892350641113,0.0012969941898218
1972,Klrd1,Visium,Kidney,Up,1.77966284982678,0.0012969941898218
1973,Fat1,Visium,Kidney,Up,0.807975277634821,0.0012969941898218
1974,Uhrf1bp1,Visium,Kidney,Down,-0.671148932132041,0.0013050363479258
1975,Gimap7,Visium,Kidney,Up,1.43813842571359,0.0013085120220206
1976,Kcne1,Visium,Kidney,Down,-1.69324000158448,0.0013085120220206
1977,Ier5,Visium,Kidney,Up,0.834506522860423,0.0013085926159024
1978,Paqr6,Visium,Kidney,Up,1.11782891644574,0.0013099880834644
1979,Hvcn1,Visium,Kidney,Up,0.899640549578944,0.0013108297465811
1980,Tagln2,Visium,Kidney,Up,0.689238172786931,0.0013266157985457
1981,Xcr1,Visium,Kidney,Up,1.77919044815449,0.0013334090491122
1982,Il18rap,Visium,Kidney,Up,2.40788996680773,0.0013376760210258
1983,Gprc5a,Visium,Kidney,Up,2.21775152559549,0.0013419087397125
1984,Rnf208,Visium,Kidney,Down,-0.674492323331063,0.0013422174620609
1985,Mpp7,Visium,Kidney,Down,-0.803121154253217,0.0013633946467801
1986,Pigr,Visium,Kidney,Up,0.917751004305457,0.0013695731748657
1987,Cnp,Visium,Kidney,Up,0.880764485425972,0.0013701650307196
1988,Malrd1,Visium,Kidney,Down,-1.66956186771965,0.0013768403026759
1989,Cox15,Visium,Kidney,Down,-0.533809155427989,0.0013768403026759
1990,Dcaf12l1,Visium,Kidney,Down,-1.05309359655681,0.0013768403026759
1991,D630045J12Rik,Visium,Kidney,Down,-0.667099022701647,0.0013804753961984
1992,Cd247,Visium,Kidney,Up,1.5350329918709,0.0013870334728599
1993,Dnm1,Visium,Kidney,Up,0.979386659223146,0.0013870334728599
1994,Apobec1,Visium,Kidney,Up,1.50358171242715,0.001394443228683
1995,Rcsd1,Visium,Kidney,Up,0.816571615433258,0.0013984829313583
1996,Ifi209,Visium,Kidney,Up,1.97687982639278,0.0014062954641154
1997,Il4ra,Visium,Kidney,Up,0.787185753610464,0.0014227188611359
1998,Angpt2,Visium,Kidney,Up,1.95954069839473,0.0014227188611359
1999,C230035I16Rik,Visium,Kidney,Down,-0.836226391726319,0.0014299178677142
2000,Fcho1,Visium,Kidney,Up,1.17067162040305,0.0014299178677142
2001,Clic1,Visium,Kidney,Up,0.610601780486904,0.0014299178677142
2002,Abi3bp,Visium,Kidney,Up,1.29265369935545,0.0014468447198532
2003,Slc22a22,Visium,Kidney,Down,-1.38070368826711,0.0014612875412533
2004,Sox6os,Visium,Kidney,Down,-1.87259615230047,0.0014920049600033
2005,Bcl6,Visium,Kidney,Up,0.906653478607898,0.0014949220368572
2006,Fcrls,Visium,Kidney,Up,3.43030743875837,0.0014949220368572
2007,Gm21988,Visium,Kidney,Down,-0.998759077455331,0.0014949220368572
2008,Gna15,Visium,Kidney,Up,1.49699584575336,0.001495199161919
2009,Ptp4a2,Visium,Kidney,Up,0.551093602716999,0.0014964860642521
2010,Itgb3bp,Visium,Kidney,Down,-0.650310118553226,0.0015059654669691
2011,Klk1b3,Visium,Kidney,Down,-1.93650316652464,0.0015211713266629
2012,Tbc1d9,Visium,Kidney,Up,1.01510448951128,0.0015261165011566
2013,8430408G22Rik,Visium,Kidney,Up,0.889220774699323,0.0015401631142877
2014,Mylk3,Visium,Kidney,Down,-1.37231377400914,0.0015528316818959
2015,Edn1,Visium,Kidney,Up,2.23346874104113,0.0015550867738339
2016,Igha,Visium,Kidney,Up,4.81090667171082,0.0015568375118797
2017,Smim5,Visium,Kidney,Down,-0.708371219578665,0.0015597769370096
2018,Plxna4os1,Visium,Kidney,Up,1.6455977188586,0.0015597769370096
2019,Kynu,Visium,Kidney,Down,-1.54169823480457,0.0015621799637628
2020,Tdrd3,Visium,Kidney,Down,-0.596311234382163,0.0015780451607009
2021,Gng4,Visium,Kidney,Down,-1.18041894162686,0.0015859586106566
2022,Rapgef5,Visium,Kidney,Up,1.01133015520745,0.0015859586106566
2023,Rasd1,Visium,Kidney,Down,-0.708323501095585,0.0015877650631415
2024,Ccdc142os,Visium,Kidney,Down,-1.04402510257785,0.0016054610080877
2025,Lacc1,Visium,Kidney,Up,1.4689929225368,0.0016054610080877
2026,Ikzf1,Visium,Kidney,Up,1.69460927601062,0.001606152543605
2027,Slfn2,Visium,Kidney,Up,1.4702946487767,0.001625579953318
2028,Fes,Visium,Kidney,Up,1.23722261541648,0.0016284769524219
2029,Gmfg,Visium,Kidney,Up,0.688908451543614,0.0016284769524219
2030,Aebp1,Visium,Kidney,Up,1.09318492879954,0.0016323870529517
2031,Slc22a28,Visium,Kidney,Down,-2.07936313634942,0.0016323870529517
2032,Ager,Visium,Kidney,Up,1.38523104529485,0.0016440232171721
2033,Nsg2,Visium,Kidney,Down,-1.13348836367666,0.0016440232171721
2034,Adgrl4,Visium,Kidney,Up,0.633936674930387,0.0016440232171721
2035,Timp2,Visium,Kidney,Up,1.26318168783145,0.0016466151075248
2036,Cpxm2,Visium,Kidney,Up,1.53437699503938,0.0016521397073811
2037,Dcn,Visium,Kidney,Up,1.20270508827555,0.0016521397073811
2038,Fam129a,Visium,Kidney,Up,1.00387764432766,0.0016591526123864
2039,Vipr1,Visium,Kidney,Down,-1.27373723553729,0.0016591526123864
2040,Prelp,Visium,Kidney,Up,1.03934397507318,0.0016591526123864
2041,Plcb2,Visium,Kidney,Up,1.61643250704894,0.0016762764837719
2042,Gadd45b,Visium,Kidney,Up,1.25585872968624,0.0016969367142301
2043,Msr1,Visium,Kidney,Up,2.00022283848224,0.0017290050098496
2044,Cxcl14,Visium,Kidney,Up,1.16291291899975,0.0017293312636258
2045,Mki67,Visium,Kidney,Up,1.43581754624161,0.0017293312636258
2046,Ipcef1,Visium,Kidney,Down,-0.885059088554571,0.0017510480614547
2047,Serpina3n,Visium,Kidney,Up,3.55439045304649,0.0017577951405561
2048,Klrg2,Visium,Kidney,Up,2.00098491148891,0.001765066732068
2049,Anxa5,Visium,Kidney,Up,0.788277262958411,0.001765066732068
2050,Ces2g,Visium,Kidney,Down,-1.10203246914096,0.0017702342535629
2051,Il2rb,Visium,Kidney,Up,1.46941196873245,0.001773438040984
2052,Agxt2,Visium,Kidney,Down,-1.20714140037903,0.0017735295100601
2053,Fndc1,Visium,Kidney,Up,1.65115349989406,0.0017906268972789
2054,Nabp1,Visium,Kidney,Down,-0.751255901489225,0.0018121282921092
2055,Zyx,Visium,Kidney,Up,0.748237177837794,0.0018196648839912
2056,Jaml,Visium,Kidney,Up,2.00165648311172,0.0018322602010278
2057,Proz,Visium,Kidney,Down,-1.26959098331749,0.0018527552546127
2058,Fgl2,Visium,Kidney,Up,1.57532470277697,0.0018667881103994
2059,Scnm1,Visium,Kidney,Down,-0.499876418470346,0.0018669987879926
2060,Rtkn,Visium,Kidney,Down,-0.554120071506062,0.0018739971588501
2061,Syt7,Visium,Kidney,Down,-1.35929530923074,0.001890539778755
2062,Sypl2,Visium,Kidney,Down,-0.588274711560013,0.001890539778755
2063,Trpm2,Visium,Kidney,Up,1.863262460974,0.0018965708736055
2064,Ecscr,Visium,Kidney,Up,0.759854725670168,0.0018965708736055
2065,Adamtsl5,Visium,Kidney,Up,1.22048152543165,0.00190551489163
2066,Ifi47,Visium,Kidney,Up,1.16704705856745,0.00190551489163
2067,Dnaaf3,Visium,Kidney,Up,1.76401306484499,0.0019127549050677
2068,Casp1,Visium,Kidney,Up,1.65875287006662,0.0019237641339074
2069,Uchl1,Visium,Kidney,Up,1.23494259260574,0.0019256433639133
2070,Dlec1,Visium,Kidney,Down,-0.636493397901555,0.0019256433639133
2071,Gm13889,Visium,Kidney,Up,0.627820694372178,0.0019256433639133
2072,Slc2a4,Visium,Kidney,Down,-0.655598723679455,0.001927376348909
2073,Casp4,Visium,Kidney,Up,1.78995326574365,0.0019353681980474
2074,Ramp1,Visium,Kidney,Up,1.35613424050031,0.0019414222285128
2075,Hebp1,Visium,Kidney,Down,-0.704819508968708,0.0019414222285128
2076,Gpr176,Visium,Kidney,Up,2.22776716927006,0.0019414222285128
2077,Tmem42,Visium,Kidney,Down,-0.630161875363291,0.0019414222285128
2078,Ucp2,Visium,Kidney,Up,0.939386077095983,0.0019668381391638
2079,1500009L16Rik,Visium,Kidney,Up,1.06868000873056,0.0019668381391638
2080,Aldh1a2,Visium,Kidney,Up,1.56841722985543,0.0019685827636698
2081,Tmem117,Visium,Kidney,Down,-1.55515027442413,0.0019693242988127
2082,Mkl1,Visium,Kidney,Up,0.830041209980147,0.0019942762591022
2083,Ass1,Visium,Kidney,Down,-1.37870426176054,0.001997779157642
2084,Slc25a45,Visium,Kidney,Down,-0.681874449118763,0.001998116365734
2085,Bace2,Visium,Kidney,Up,1.03270571384316,0.0019997077154669
2086,Vegfd,Visium,Kidney,Up,1.37254787359977,0.001999783964587
2087,Loxl1,Visium,Kidney,Up,1.00543458162155,0.0020002144844582
2088,Sat1,Visium,Kidney,Up,0.737650028195164,0.0020002144844582
2089,B2m,Visium,Kidney,Up,0.931762709728299,0.0020110907643822
2090,Pilrb2,Visium,Kidney,Up,2.35136739663742,0.002011600233272
2091,Airn,Visium,Kidney,Down,-1.5523632272661,0.0020168334048853
2092,Celsr2,Visium,Kidney,Down,-0.490369040600279,0.0020192146344437
2093,AI464131,Visium,Kidney,Down,-0.625869967631896,0.0020208128141612
2094,Card11,Visium,Kidney,Up,2.39441153288255,0.0020270676850533
2095,Sc5d,Visium,Kidney,Down,-0.524351097704078,0.0020480919597872
2096,Gm43568,Visium,Kidney,Down,-1.4522490215684,0.0020582825957251
2097,Bid,Visium,Kidney,Down,-0.813528751468644,0.0020607598240256
2098,S100a16,Visium,Kidney,Up,0.508329310070782,0.0020607598240256
2099,Pdss1,Visium,Kidney,Down,-0.971462515667409,0.0020636638617698
2100,Defb2,Visium,Kidney,Down,-1.18200242234026,0.0020744496457334
2101,Lyl1,Visium,Kidney,Up,1.86614709263718,0.0020794413742632
2102,Gpnmb,Visium,Kidney,Up,4.32341667723059,0.0020897382218642
2103,Csk,Visium,Kidney,Up,0.58990518031633,0.002098548687339
2104,Fcna,Visium,Kidney,Up,2.46845725608939,0.0021001100500773
2105,Elf4,Visium,Kidney,Up,1.45742837240889,0.0021271217172849
2106,P2ry14,Visium,Kidney,Up,1.48219592606335,0.0021271217172849
2107,Guca2a,Visium,Kidney,Down,-1.30941106801618,0.0021281068817054
2108,Slc37a2,Visium,Kidney,Up,1.37230112587147,0.0021281068817054
2109,Nadsyn1,Visium,Kidney,Down,-0.6159589980745,0.0021281068817054
2110,Cpt1c,Visium,Kidney,Up,1.53527251078573,0.002150398438023
2111,Dapp1,Visium,Kidney,Up,1.70771006578563,0.0021587453755566
2112,Vmp1,Visium,Kidney,Up,0.579975099011637,0.0021587453755566
2113,Meis3,Visium,Kidney,Up,1.42037144636887,0.0021679572306743
2114,Ahnak,Visium,Kidney,Up,0.835776480589001,0.0021789303964105
2115,Foxi1,Visium,Kidney,Down,-0.93484481678636,0.0021804108339872
2116,Gm13572,Visium,Kidney,Down,-1.91481834731965,0.0021872772595618
2117,Slc34a3,Visium,Kidney,Down,-1.71542382802886,0.0021894021106113
2118,Rgs16,Visium,Kidney,Up,2.0916740594732,0.0021894021106113
2119,Ccdc184,Visium,Kidney,Up,1.78092745912986,0.0021944357757127
2120,Stx11,Visium,Kidney,Up,1.48127547375744,0.0021944357757127
2121,Tet1,Visium,Kidney,Down,-1.28345257210642,0.0022310307703083
2122,Foxs1,Visium,Kidney,Up,1.12386295858495,0.0022310307703083
2123,Arhgap4,Visium,Kidney,Up,1.069199256132,0.0022310307703083
2124,Ric3,Visium,Kidney,Up,1.30036283793526,0.0022404962573029
2125,Xlr3a,Visium,Kidney,Up,1.67713123089639,0.0022404962573029
2126,Slc22a23,Visium,Kidney,Down,-0.98341942124552,0.0022425587990918
2127,Gm15848,Visium,Kidney,Down,-1.22671846352536,0.0022425587990918
2128,Hapln1,Visium,Kidney,Up,2.52201752838998,0.0022752315571478
2129,Ace2,Visium,Kidney,Down,-0.853828583889537,0.0022755701980799
2130,Rasgrp4,Visium,Kidney,Up,1.49680801358005,0.0022875449280605
2131,Cyb5r3,Visium,Kidney,Up,0.474485848124281,0.0023003604741934
2132,Gm33023,Visium,Kidney,Down,-1.1932192968945,0.0023036369715072
2133,Scn1b,Visium,Kidney,Up,0.886574791798877,0.002318569425203
2134,Gm10767,Visium,Kidney,Down,-1.09091677380093,0.0023266433662321
2135,Ddo,Visium,Kidney,Down,-0.684889464921535,0.0023461489385742
2136,Alox5,Visium,Kidney,Up,1.24299354731678,0.0023461489385742
2137,Axl,Visium,Kidney,Up,1.37351121205105,0.0023461489385742
2138,Lamb3,Visium,Kidney,Up,1.93703182411899,0.0023512032798315
2139,Aatf,Visium,Kidney,Down,-1.2603708322888,0.0023608643573028
2140,Gm17634,Visium,Kidney,Down,-1.47638737374054,0.0023634440412047
2141,Fbln1,Visium,Kidney,Up,1.78910192551952,0.0023634440412047
2142,Pdlim4,Visium,Kidney,Up,0.962024462676255,0.0023634440412047
2143,Bnc2,Visium,Kidney,Down,-1.59514325088671,0.0023658029426718
2144,Slc10a6,Visium,Kidney,Up,1.75759462202133,0.0023670265696087
2145,Coch,Visium,Kidney,Up,1.7047879763631,0.0023678260661904
2146,Rhcg,Visium,Kidney,Down,-1.01631243565987,0.0023678260661904
2147,Serpinb6a,Visium,Kidney,Up,0.927579102983308,0.0023678260661904
2148,Grap2,Visium,Kidney,Up,1.70749083337498,0.0023678260661904
2149,C6,Visium,Kidney,Up,3.25532902234279,0.0023773046042418
2150,Macrod2,Visium,Kidney,Down,-0.937217603101589,0.0023987216191471
2151,Irak3,Visium,Kidney,Up,1.61871119472805,0.0024223530494982
2152,Wfdc2,Visium,Kidney,Up,0.783949584876119,0.0024306335467617
2153,Adam8,Visium,Kidney,Up,1.95683430111403,0.0024425478023881
2154,Acyp1,Visium,Kidney,Down,-0.628012671827126,0.0024572371206913
2155,Cfp,Visium,Kidney,Up,1.81884716330777,0.0024952805668969
2156,Naip5,Visium,Kidney,Up,1.84656187609868,0.0025033178138976
2157,Cyp1b1,Visium,Kidney,Up,1.22152744903794,0.0025085174496898
2158,Slc22a29,Visium,Kidney,Down,-0.881389000745245,0.0025105714282535
2159,Lrch4,Visium,Kidney,Up,1.71757650095279,0.0025105714282535
2160,Entpd1,Visium,Kidney,Up,1.2423358025318,0.0025336912760124
2161,Ddx60,Visium,Kidney,Up,1.51948622257666,0.0025436594407307
2162,Macf1,Visium,Kidney,Up,0.478032369544674,0.0025554806595132
2163,Acsl3,Visium,Kidney,Down,-0.907895851520953,0.0025946558707999
2164,Myo5c,Visium,Kidney,Down,-0.723881033258627,0.0025946558707999
2165,Psph,Visium,Kidney,Down,-0.629144054589808,0.0025946558707999
2166,St6galnac4,Visium,Kidney,Up,0.995133618553984,0.0025946558707999
2167,Cwh43,Visium,Kidney,Down,-0.827401212193472,0.0025946558707999
2168,Dlk1,Visium,Kidney,Down,-1.88353641050792,0.0026052623400361
2169,Rnaseh2b,Visium,Kidney,Down,-0.598863664917689,0.0026052623400361
2170,Basp1,Visium,Kidney,Up,1.76897080457632,0.0026158647803628
2171,Inpp5d,Visium,Kidney,Up,1.40396222149376,0.0026171110053492
2172,Cyp2j6,Visium,Kidney,Down,-0.72222386424781,0.0026210019413425
2173,Sept4,Visium,Kidney,Up,0.747008164405265,0.0026298646308158
2174,Akr1b3,Visium,Kidney,Up,1.4419777465693,0.0026432656669957
2175,Hist2h2be,Visium,Kidney,Down,-0.738831290602741,0.0026560821571747
2176,Hpgds,Visium,Kidney,Up,1.99357797400838,0.0026560821571747
2177,Slc2a9,Visium,Kidney,Down,-0.831733334383192,0.0026600126172125
2178,Shf,Visium,Kidney,Down,-0.886716222729245,0.0026991605466223
2179,Iglc3,Visium,Kidney,Up,2.7896284974332,0.0027215521952823
2180,Slc9a9,Visium,Kidney,Up,1.58681941132578,0.0027228099497349
2181,Plekho2,Visium,Kidney,Up,1.43845108577079,0.0027261921515439
2182,S100g,Visium,Kidney,Down,-2.26959764359764,0.0027360004816676
2183,Stk10,Visium,Kidney,Up,0.943748171214665,0.0027532930890083
2184,Trpt1,Visium,Kidney,Down,-0.542827238371225,0.0027532930890083
2185,Irf4,Visium,Kidney,Up,1.9882869320314,0.0027887704457813
2186,Tmem267,Visium,Kidney,Down,-0.834687853479361,0.0027887704457813
2187,Csrp1,Visium,Kidney,Up,0.936447746326831,0.0028038050061407
2188,Man1c1,Visium,Kidney,Up,1.20054411708298,0.0028095415093611
2189,Amdhd1,Visium,Kidney,Down,-1.03853021574795,0.0028095415093611
2190,AL589670.4,Visium,Kidney,Down,-1.31450323975131,0.0028095415093611
2191,Emp1,Visium,Kidney,Up,0.956859740668273,0.0028449324121113
2192,Slc9a2,Visium,Kidney,Down,-0.51409036758303,0.0028507287455163
2193,Ubxn10,Visium,Kidney,Down,-1.20963890293433,0.0028986714224144
2194,Anxa1,Visium,Kidney,Up,1.66139711947723,0.0029026147202817
2195,Il3ra,Visium,Kidney,Up,1.58995434268349,0.0029204492559688
2196,B4galnt1,Visium,Kidney,Up,1.07833330727773,0.0029204492559688
2197,Cx3cr1,Visium,Kidney,Up,1.73423827080815,0.0029204492559688
2198,Fnip2,Visium,Kidney,Down,-0.476728937138916,0.0029204492559688
2199,Ak6,Visium,Kidney,Down,-0.514582597229233,0.0029204492559688
2200,Cd33,Visium,Kidney,Up,2.36660115254681,0.0029204492559688
2201,Thbs2,Visium,Kidney,Up,1.71514148984192,0.0029335209523706
2202,Ifit3,Visium,Kidney,Up,1.02267760046199,0.0029360481472438
2203,Spon1,Visium,Kidney,Up,1.61322202949149,0.0029709894617176
2204,Gm15867,Visium,Kidney,Up,2.84838497809698,0.0029709894617176
2205,Matn2,Visium,Kidney,Up,1.13017297460169,0.0029709894617176
2206,Klk1b9,Visium,Kidney,Down,-1.33260665603782,0.0029709894617176
2207,Vim,Visium,Kidney,Up,1.46225744724027,0.0029709894617176
2208,Map4k1,Visium,Kidney,Up,1.81546358193843,0.0029709894617176
2209,Sall2,Visium,Kidney,Down,-0.723497988844935,0.0029863359601152
2210,Tmsb15b2,Visium,Kidney,Down,-1.49965439187699,0.0030051875254911
2211,Adamts1,Visium,Kidney,Up,1.07150860795777,0.003030678875262
2212,Suox,Visium,Kidney,Down,-0.969224386860997,0.003030678875262
2213,Fam151a,Visium,Kidney,Down,-1.15120857041193,0.0030371073530876
2214,Pah,Visium,Kidney,Down,-1.54550835602888,0.0030646740290264
2215,Gm42047,Visium,Kidney,Up,2.84383966169347,0.0030646740290264
2216,Col1a2,Visium,Kidney,Up,1.2729593538122,0.0030646740290264
2217,Hk3,Visium,Kidney,Up,1.84024758258873,0.0031122535075111
2218,Gm19541,Visium,Kidney,Down,-1.52233502023592,0.0031169572983662
2219,Fam92a,Visium,Kidney,Down,-0.453210592408034,0.0031169572983662
2220,Stard4,Visium,Kidney,Down,-0.777133930519869,0.0031356802046752
2221,D630003M21Rik,Visium,Kidney,Up,1.33900555544526,0.0031531841193437
2222,Msmo1,Visium,Kidney,Down,-0.61685680828225,0.0031561365130512
2223,3632451O06Rik,Visium,Kidney,Down,-0.643703437234065,0.0031561365130512
2224,Btk,Visium,Kidney,Up,1.84565097123855,0.0031667487027682
2225,Socs1,Visium,Kidney,Up,0.877395371395903,0.0032203564963588
2226,Wdr72,Visium,Kidney,Down,-0.984455407237423,0.0032203564963588
2227,Rnf212b,Visium,Kidney,Down,-1.35178828579048,0.0032271300701293
2228,Agl,Visium,Kidney,Down,-0.515615509724057,0.0032271300701293
2229,Sh3d21,Visium,Kidney,Down,-0.609604160607647,0.0032414679977208
2230,Glipr2,Visium,Kidney,Up,1.191806907018,0.0032414679977208
2231,Pdk1,Visium,Kidney,Down,-0.55529497121484,0.0032469797684998
2232,Fyb2,Visium,Kidney,Up,1.20317958260709,0.0032582957442757
2233,Parp3,Visium,Kidney,Up,0.641734778103981,0.0032727386702254
2234,Atp1b3,Visium,Kidney,Up,0.464074008556618,0.0032727386702254
2235,Nmrk1,Visium,Kidney,Down,-0.547102127857052,0.0032729866984312
2236,Cldn15,Visium,Kidney,Up,0.814265001399558,0.0032733388110036
2237,Cxcl16,Visium,Kidney,Up,0.967100628904979,0.0032882866861338
2238,Cited1,Visium,Kidney,Up,1.91072149821439,0.0032931542795572
2239,Trim30a,Visium,Kidney,Up,1.41947885664921,0.0032931542795572
2240,Apoe,Visium,Kidney,Up,0.974570092385463,0.0033349429968449
2241,AC135964.2,Visium,Kidney,Down,-1.66264997544358,0.0033358116889787
2242,Sbno2,Visium,Kidney,Up,0.692325575101421,0.0033373956747784
2243,Atp6v0d2,Visium,Kidney,Down,-1.14127272508014,0.0033373956747784
2244,Rbp1,Visium,Kidney,Up,1.78139373526264,0.0033373956747784
2245,Arhgap30,Visium,Kidney,Up,1.7462230101633,0.0033373956747784
2246,Depdc7,Visium,Kidney,Down,-1.05604898474253,0.0033558307679013
2247,Ptger4,Visium,Kidney,Up,1.22631266388339,0.003372299226034
2248,Gm11789,Visium,Kidney,Down,-0.67612975802655,0.0034104374482842
2249,Mttp,Visium,Kidney,Down,-0.860491957674266,0.0034270327046668
2250,Camk1d,Visium,Kidney,Up,1.53919969634373,0.0034490717928902
2251,Ckmt1,Visium,Kidney,Down,-0.615560640477896,0.0034881412427049
2252,Tmem254a,Visium,Kidney,Down,-0.73776312553358,0.0034881412427049
2253,Hacd1,Visium,Kidney,Down,-0.6613082206681,0.0034881412427049
2254,Bub1b,Visium,Kidney,Up,1.43237089135155,0.0035054611976208
2255,Tmco4,Visium,Kidney,Down,-0.572607489706829,0.003517986673059
2256,Nepn,Visium,Kidney,Down,-1.51459949525877,0.003517986673059
2257,Cysltr1,Visium,Kidney,Up,1.94705343325429,0.0035506055225221
2258,Lpcat2,Visium,Kidney,Up,1.89626462832188,0.0035636881096334
2259,Maff,Visium,Kidney,Up,1.66503964279589,0.0036111460272393
2260,Serpina10,Visium,Kidney,Up,2.67903568177351,0.0036134669612575
2261,Gm26641,Visium,Kidney,Down,-1.24953261869252,0.0036163920357966
2262,Abi3,Visium,Kidney,Up,0.901977270771927,0.0036214929018738
2263,Ncf2,Visium,Kidney,Up,1.37547552856847,0.003628268915344
2264,AW112010,Visium,Kidney,Up,0.972366781774331,0.003628268915344
2265,Tap1,Visium,Kidney,Up,0.776796311047178,0.003628268915344
2266,D630033O11Rik,Visium,Kidney,Down,-1.23598507120408,0.003628268915344
2267,Esam,Visium,Kidney,Up,0.673076975457852,0.003628268915344
2268,Krt10,Visium,Kidney,Down,-0.803888094224554,0.003628268915344
2269,Sdf4,Visium,Kidney,Up,0.516563976657001,0.0036417937028041
2270,Sctr,Visium,Kidney,Down,-1.17686048331843,0.0036417937028041
2271,Morn1,Visium,Kidney,Down,-0.684925846130823,0.0036417937028041
2272,Pdgfc,Visium,Kidney,Down,-0.771109997368046,0.0036912995371559
2273,Spidr,Visium,Kidney,Up,1.67150003261274,0.0036915724417118
2274,Mx1,Visium,Kidney,Up,1.9010028584195,0.0036931214646863
2275,Mmp7,Visium,Kidney,Up,9.5977908734347,0.0036958857537165
2276,Cyp2d12,Visium,Kidney,Up,1.39956379218453,0.0036958857537165
2277,Sp110,Visium,Kidney,Up,1.45205712554872,0.0037023411120495
2278,Matk,Visium,Kidney,Up,1.6715618259736,0.0037182230559614
2279,Apip,Visium,Kidney,Down,-0.577985976822447,0.0037220256177124
2280,Gusb,Visium,Kidney,Up,0.629348146348952,0.0037220256177124
2281,Mapk3,Visium,Kidney,Up,0.465259515481499,0.0037220256177124
2282,Ifitm10,Visium,Kidney,Up,1.12004957487876,0.0037256736608623
2283,Samd5,Visium,Kidney,Up,1.50317970214046,0.0037386794621667
2284,Slc5a3,Visium,Kidney,Up,0.439933962884819,0.0037594516180338
2285,Abhd18,Visium,Kidney,Down,-0.567844115213373,0.003774426400635
2286,Tmem220,Visium,Kidney,Down,-0.581161019033132,0.003777490057231
2287,D730001G18Rik,Visium,Kidney,Down,-0.948756400082711,0.0037985228022138
2288,Dixdc1,Visium,Kidney,Down,-0.792542955117778,0.0037985228022138
2289,Car4,Visium,Kidney,Down,-0.744942306115354,0.0038226549963192
2290,Serpina1b,Visium,Kidney,Up,2.0861758653746,0.0038233918754849
2291,Nme7,Visium,Kidney,Down,-0.736030261289805,0.0038274163981399
2292,Cpsf4l,Visium,Kidney,Down,-1.16291101245031,0.0038453559786353
2293,Dtx4,Visium,Kidney,Up,1.06096101018899,0.0038617298799586
2294,Ccna2,Visium,Kidney,Up,1.54935707831685,0.0038655279974264
2295,Tmeff2,Visium,Kidney,Up,1.58631086667424,0.0038755098468772
2296,Sema6b,Visium,Kidney,Up,1.18844124029855,0.0038894376608816
2297,Col1a1,Visium,Kidney,Up,1.28146001062982,0.0038894376608816
2298,Ube2u,Visium,Kidney,Down,-1.01951080987149,0.0038894376608816
2299,Sparc,Visium,Kidney,Up,1.09398778594935,0.0038894376608816
2300,Arhgef25,Visium,Kidney,Up,0.936207103849514,0.0038923163670241
2301,Trafd1,Visium,Kidney,Up,0.547204773810316,0.0038923163670241
2302,Prodh2,Visium,Kidney,Down,-1.1660639959418,0.0038923163670241
2303,Tmem45a,Visium,Kidney,Up,1.44538437865651,0.0039023081607705
2304,Plekho1,Visium,Kidney,Up,0.921114032874061,0.0039307420981531
2305,Abcc2,Visium,Kidney,Down,-1.17474945856916,0.0039427657543827
2306,Col3a1,Visium,Kidney,Up,1.3003440729328,0.003948101965604
2307,Gphn,Visium,Kidney,Down,-0.963778828234004,0.0039804822658837
2308,Hddc3,Visium,Kidney,Down,-0.617188401542443,0.0039839426566874
2309,P2rx1,Visium,Kidney,Up,1.42384699516078,0.0039860324951816
2310,Gm266,Visium,Kidney,Down,-1.88405380038877,0.0039860324951816
2311,Ankrd1,Visium,Kidney,Up,2.83632191306202,0.0040002375566556
2312,Rhobtb2,Visium,Kidney,Down,-0.530662187980054,0.0040270597498149
2313,Smpd5,Visium,Kidney,Up,1.22142236865805,0.0040615452904604
2314,Smco3,Visium,Kidney,Down,-1.45291751240034,0.0040711334246977
2315,Klra2,Visium,Kidney,Up,1.54838151698363,0.0040787374729242
2316,Lamb2,Visium,Kidney,Up,0.742889246081607,0.0040787374729242
2317,Selenon,Visium,Kidney,Up,1.05462218061357,0.0041172295459261
2318,Gm47283,Visium,Kidney,Down,-1.38888108045293,0.0041221936081826
2319,Ctla2a,Visium,Kidney,Up,0.845356602905399,0.0041585130545309
2320,Slc43a2,Visium,Kidney,Down,-0.742582945091059,0.0041597369034781
2321,Lrrc3,Visium,Kidney,Down,-1.02938515947919,0.0041604645322317
2322,P2rx7,Visium,Kidney,Up,1.69074774757425,0.0041634637895279
2323,Marcks,Visium,Kidney,Up,0.90776256864127,0.0041710512933156
2324,Lrrk1,Visium,Kidney,Up,0.788173461947498,0.0041718172182797
2325,Hrct1,Visium,Kidney,Up,0.993616298253577,0.0041718172182797
2326,Unc13d,Visium,Kidney,Up,1.51708167756332,0.0041865756880876
2327,Cd5l,Visium,Kidney,Up,10.6132044352874,0.0041978565153037
2328,Nptxr,Visium,Kidney,Up,1.06521471200699,0.0042097980868467
2329,Il27ra,Visium,Kidney,Up,1.51627929176556,0.0042152876851184
2330,Slc25a33,Visium,Kidney,Down,-0.612026459400017,0.0042262228627274
2331,Aph1b,Visium,Kidney,Down,-0.578988013828936,0.004231030907131
2332,Tinagl1,Visium,Kidney,Up,0.684018009810519,0.0042345850490192
2333,Fblim1,Visium,Kidney,Up,1.10060492537482,0.004241298133228
2334,AI467606,Visium,Kidney,Up,0.92136259078887,0.0042527471083387
2335,Ifitm2,Visium,Kidney,Up,0.646415785458337,0.0042620232964063
2336,Pvalb,Visium,Kidney,Down,-1.51028060747388,0.0042707615100493
2337,Zmynd15,Visium,Kidney,Up,1.05935853912786,0.0042707615100493
2338,Plk2,Visium,Kidney,Up,0.933155565101477,0.0042902280116131
2339,Nsdhl,Visium,Kidney,Down,-0.602024494312966,0.0042902280116131
2340,Oasl1,Visium,Kidney,Up,1.17381734751862,0.0042902280116131
2341,Oas1g,Visium,Kidney,Up,1.44521643888488,0.0042907931277752
2342,AV099323,Visium,Kidney,Down,-0.875745832792626,0.0043015784417157
2343,Mxd4,Visium,Kidney,Up,0.491014000750172,0.0043015784417157
2344,Wnt10a,Visium,Kidney,Up,1.65420065609005,0.0043015784417157
2345,Tmsb15b1,Visium,Kidney,Down,-0.67845163137535,0.0043177937543486
2346,Slc34a2,Visium,Kidney,Up,1.27408665745168,0.0043177937543486
2347,Rufy3,Visium,Kidney,Down,-0.57940240890379,0.0043344795633805
2348,Dera,Visium,Kidney,Down,-0.667672129473818,0.0043344795633805
2349,Kcnip3,Visium,Kidney,Up,1.09147349563907,0.004350690742566
2350,Wscd2,Visium,Kidney,Down,-1.10834995093824,0.0043663524282437
2351,Podxl2,Visium,Kidney,Up,0.751091300403992,0.0043663524282437
2352,Umps,Visium,Kidney,Down,-0.566046846214198,0.0043663524282437
2353,Mpzl2,Visium,Kidney,Down,-0.781572100154849,0.0043663524282437
2354,Camk2b,Visium,Kidney,Up,1.2702638439094,0.0043896142303239
2355,Plvap,Visium,Kidney,Up,0.518484307572042,0.004398142307107
2356,Fbln7,Visium,Kidney,Up,1.146862971351,0.004398142307107
2357,Clcf1,Visium,Kidney,Up,1.14640529430152,0.004400456437548
2358,Fn1,Visium,Kidney,Up,1.29264610409375,0.0044101682978051
2359,Hmgn2,Visium,Kidney,Down,-0.492509684467999,0.0044114073676083
2360,Sult5a1,Visium,Kidney,Up,1.23397394601444,0.0044346583351712
2361,Ybx2,Visium,Kidney,Down,-0.635749818955985,0.0044410076364111
2362,Cmtm8,Visium,Kidney,Down,-0.720890382108859,0.0045025203633087
2363,Tagap,Visium,Kidney,Up,1.80821006831208,0.0045031490456334
2364,Grem2,Visium,Kidney,Up,1.23372379063573,0.0045256742083458
2365,Csf2ra,Visium,Kidney,Up,1.04408610149523,0.0045582377814632
2366,Cd82,Visium,Kidney,Up,0.495170951574308,0.0045582377814632
2367,Etaa1os,Visium,Kidney,Down,-1.16563213512801,0.0045962689611193
2368,Lyrm4,Visium,Kidney,Down,-0.715004919751917,0.0045962689611193
2369,Fam26f,Visium,Kidney,Up,1.5080086587079,0.0046011032273829
2370,Lfng,Visium,Kidney,Up,1.2826676825595,0.0046011032273829
2371,Itk,Visium,Kidney,Up,1.71697669585918,0.0046205673821919
2372,Dnajc28,Visium,Kidney,Down,-0.757200748483361,0.0046276426713522
2373,Tnxb,Visium,Kidney,Up,0.862482020622213,0.0046366925834766
2374,Gdf10,Visium,Kidney,Up,0.997527274483318,0.004657720874432
2375,Klhl3,Visium,Kidney,Down,-0.932581911469577,0.004657720874432
2376,Tnip2,Visium,Kidney,Up,0.750104327313108,0.0046583750863981
2377,Oas2,Visium,Kidney,Up,1.82576611087067,0.0046780174552155
2378,Myl9,Visium,Kidney,Up,0.606288203507727,0.0046994022720142
2379,Gm31718,Visium,Kidney,Down,-0.894017730857714,0.004706426670469
2380,Mob3a,Visium,Kidney,Up,0.974432906249771,0.0047064698023749
2381,Lbp,Visium,Kidney,Up,1.31798523740366,0.0047080567939298
2382,Acsm2,Visium,Kidney,Down,-1.37088880835565,0.0047832513444369
2383,Dpysl3,Visium,Kidney,Up,1.54303494068182,0.0048104246147341
2384,Ces1e,Visium,Kidney,Down,-1.80500923425676,0.00481684256246
2385,Acat2,Visium,Kidney,Down,-0.528673518754329,0.004833957658513
2386,Ccdc73,Visium,Kidney,Down,-0.875136897386021,0.0048593340999002
2387,Cebpb,Visium,Kidney,Up,1.07079742225238,0.0048611111976109
2388,Zc2hc1c,Visium,Kidney,Down,-0.688762909681683,0.0048969291728569
2389,Sost,Visium,Kidney,Up,1.70639129019479,0.0049069444655088
2390,Cd209a,Visium,Kidney,Up,1.90525421518906,0.0049074221882222
2391,Ptpn7,Visium,Kidney,Up,1.43994848846367,0.0049074221882222
2392,Gm17690,Visium,Kidney,Down,-1.15459163991101,0.0049074221882222
2393,Xcl1,Visium,Kidney,Up,1.35387436383527,0.0049074221882222
2394,Tpm4,Visium,Kidney,Up,0.923029456166418,0.0049180562868058
2395,Trdmt1,Visium,Kidney,Down,-0.679936429216056,0.0049354823397599
2396,Ropn1l,Visium,Kidney,Down,-0.820215363380752,0.0049684067157076
2397,Pctp,Visium,Kidney,Down,-0.653301072246102,0.0050636315564091
2398,A730049H05Rik,Visium,Kidney,Up,1.41577542169516,0.0051000271069113
2399,Ehd4,Visium,Kidney,Up,0.902014745082215,0.0051050336024327
2400,C3,Visium,Kidney,Up,1.777421094853,0.0051214136502988
2401,Ifi204,Visium,Kidney,Up,1.47591120249725,0.0051367798795028
2402,Csf1,Visium,Kidney,Up,1.17637056993548,0.0051367798795028
2403,AI854703,Visium,Kidney,Down,-0.605162087598069,0.0051392857407217
2404,Smim6,Visium,Kidney,Down,-0.58972757394946,0.0051475711721655
2405,Samd8,Visium,Kidney,Down,-0.479710183822972,0.0051486467987521
2406,Tm4sf1,Visium,Kidney,Up,0.962413448679311,0.0051948480156728
2407,Pkd1,Visium,Kidney,Up,0.691383889659395,0.0051948480156728
2408,Irs1,Visium,Kidney,Down,-0.661247747899022,0.0051948480156728
2409,Snx14,Visium,Kidney,Down,-0.468814522755354,0.0051948480156728
2410,Cd164l2,Visium,Kidney,Down,-0.787969807222161,0.0051948480156728
2411,Cercam,Visium,Kidney,Up,1.59627491990147,0.0051948480156728
2412,Ift57,Visium,Kidney,Down,-0.488445323129847,0.0051948480156728
2413,Ywhah,Visium,Kidney,Up,0.634045636847837,0.0051948480156728
2414,Plac8,Visium,Kidney,Up,1.04715847781073,0.0052047305038429
2415,Arhgap15,Visium,Kidney,Up,1.41856483442983,0.005218418158339
2416,Pla2g12b,Visium,Kidney,Up,1.23965872012766,0.0052459249075027
2417,Cyfip2,Visium,Kidney,Up,0.633234727375931,0.0052603577245673
2418,Pdk4,Visium,Kidney,Up,1.0666689396219,0.0052929517962609
2419,Bbc3,Visium,Kidney,Up,1.11583248693828,0.0053045947469599
2420,S100a10,Visium,Kidney,Up,0.614011529071883,0.0053045947469599
2421,Clcc1,Visium,Kidney,Down,-0.542994843955606,0.0053211186601169
2422,Mrpl47,Visium,Kidney,Down,-0.570445384058251,0.0053325709742776
2423,Uba7,Visium,Kidney,Up,0.91983231917661,0.0054061047752517
2424,Fbxo44,Visium,Kidney,Down,-0.451276574858953,0.005436283245601
2425,Icosl,Visium,Kidney,Up,0.698993874636008,0.0054400235097765
2426,Kl,Visium,Kidney,Down,-1.19917869918237,0.0054740013125725
2427,Akr1c21,Visium,Kidney,Down,-1.40155606719254,0.0054740013125725
2428,Nt5c2,Visium,Kidney,Down,-0.445729280589779,0.0054740013125725
2429,Il21r,Visium,Kidney,Up,2.09265789733514,0.0054740013125725
2430,Akr1b7,Visium,Kidney,Down,-1.0577568435216,0.0054839793724119
2431,Gpr183,Visium,Kidney,Up,2.08310032190726,0.0054839793724119
2432,Upp2,Visium,Kidney,Down,-0.630062085365492,0.0054839793724119
2433,Insc,Visium,Kidney,Down,-2.16863283354545,0.0054985100920226
2434,C920021L13Rik,Visium,Kidney,Down,-0.82908800125199,0.0055330977389644
2435,H2-Ob,Visium,Kidney,Up,1.29565284540177,0.0055330977389644
2436,Usp46,Visium,Kidney,Down,-0.560829868116581,0.0055567633400053
2437,Pex26,Visium,Kidney,Down,-0.710250148408857,0.005587016979304
2438,Gm17546,Visium,Kidney,Down,-0.973480992533282,0.005587016979304
2439,Plxnc1,Visium,Kidney,Up,1.318912911846,0.005587016979304
2440,Dennd4b,Visium,Kidney,Up,0.607020504007651,0.0056033303902436
2441,Irf1,Visium,Kidney,Up,0.834666020977758,0.0056392599118366
2442,Trabd2b,Visium,Kidney,Down,-0.822688634609176,0.0057168369201038
2443,Flrt1,Visium,Kidney,Down,-0.920681953712683,0.0057189618405521
2444,Bcl3,Visium,Kidney,Up,0.775979030685208,0.0057407202472309
2445,Aldh1a3,Visium,Kidney,Up,1.30579304739334,0.0057833354549506
2446,Runx3,Visium,Kidney,Up,1.21602206618355,0.0057920920954487
2447,Gpsm3,Visium,Kidney,Up,1.10797637627445,0.0058126622633734
2448,Lrrc52,Visium,Kidney,Down,-1.13595296767352,0.0058193012774069
2449,Asb9,Visium,Kidney,Down,-0.865209077844958,0.0058333747085306
2450,Itgb1,Visium,Kidney,Up,0.674333965414554,0.005837575891351
2451,Rasd2,Visium,Kidney,Down,-1.09538216745627,0.0058534145361583
2452,Msn,Visium,Kidney,Up,0.719928236365492,0.0058564746489673
2453,Gm26670,Visium,Kidney,Down,-1.24051109494078,0.0059095726650136
2454,Gpr160,Visium,Kidney,Down,-0.54903691124157,0.0059136744727944
2455,Hif3a,Visium,Kidney,Up,1.4353745975051,0.0059235906910001
2456,9230102O04Rik,Visium,Kidney,Down,-0.848059720001168,0.005972919530203
2457,Pgam2,Visium,Kidney,Down,-0.802528992183626,0.0059820456225345
2458,Rap1b,Visium,Kidney,Up,0.556579948375933,0.0060219982077292
2459,Pqlc3,Visium,Kidney,Up,1.622649660131,0.0060305808866173
2460,Stx3,Visium,Kidney,Down,-0.519802929612134,0.0060305808866173
2461,St8sia4,Visium,Kidney,Up,1.39474191884375,0.0060625957544611
2462,Slc9a3,Visium,Kidney,Down,-0.427518200303477,0.0060660758872435
2463,Habp2,Visium,Kidney,Down,-1.03706059970004,0.0060674129377013
2464,Gm26685,Visium,Kidney,Down,-1.8396007944273,0.006148267336798
2465,Panx1,Visium,Kidney,Up,1.51254722701719,0.0061677627140542
2466,Gng2,Visium,Kidney,Up,1.1440259436393,0.0061991572130508
2467,Tmem186,Visium,Kidney,Down,-0.535850139969139,0.0061991572130508
2468,Slc38a2,Visium,Kidney,Up,0.64702364186489,0.0061991572130508
2469,Podn,Visium,Kidney,Up,0.604568778903244,0.0061991572130508
2470,Akr1e1,Visium,Kidney,Down,-0.64187252626566,0.0061991572130508
2471,Clca3a1,Visium,Kidney,Up,1.45030597181729,0.0061991572130508
2472,Lrmp,Visium,Kidney,Up,1.67485295718121,0.0061991572130508
2473,Grrp1,Visium,Kidney,Up,0.743848520180802,0.0062116439824635
2474,Rpf2,Visium,Kidney,Down,-0.513386885744189,0.0062187487717737
2475,1810011H11Rik,Visium,Kidney,Up,1.63100957854878,0.0062187487717737
2476,Tlr7,Visium,Kidney,Up,1.3758488133608,0.0062274903935972
2477,Ifi35,Visium,Kidney,Up,0.666390108119117,0.0062294469847165
2478,Adgrg6,Visium,Kidney,Up,1.81073124978506,0.0062294469847165
2479,Rhob,Visium,Kidney,Up,0.759807132321492,0.0062860213026162
2480,Lgals9,Visium,Kidney,Up,0.816029914071199,0.0063128756799091
2481,Fdxr,Visium,Kidney,Down,-0.46067421723279,0.0063595486383717
2482,Lyrm9,Visium,Kidney,Down,-0.634186963156215,0.0063746833266957
2483,Parvg,Visium,Kidney,Up,1.37534157439281,0.0063746833266957
2484,Pcsk9,Visium,Kidney,Down,-1.65901461362243,0.0063746833266957
2485,Bloc1s1,Visium,Kidney,Down,-0.437514326422104,0.0064173864660743
2486,Slc5a12,Visium,Kidney,Down,-1.52605901308446,0.0064312165698747
2487,Tnni2,Visium,Kidney,Up,1.6814091653269,0.0064414935588499
2488,Cfh,Visium,Kidney,Up,1.14264091559987,0.0064656454554372
2489,Oas1a,Visium,Kidney,Up,1.30423926827736,0.0064658996564478
2490,Kif16b,Visium,Kidney,Down,-0.499633788990528,0.0064660214837058
2491,Gabra3,Visium,Kidney,Up,1.22797878493137,0.0064718065362327
2492,Klk1,Visium,Kidney,Down,-1.1249507441546,0.0064862179972778
2493,Itpr3,Visium,Kidney,Up,1.02584090821104,0.0065033499282427
2494,Sema7a,Visium,Kidney,Up,0.767030460888352,0.0065036335375424
2495,Ints2,Visium,Kidney,Down,-0.630118913424505,0.0065036335375424
2496,Gm15972,Visium,Kidney,Down,-0.814525710068041,0.0065036335375424
2497,Gata2,Visium,Kidney,Down,-0.851711782441441,0.0065036335375424
2498,Slc43a3,Visium,Kidney,Up,0.773417893339587,0.0065036335375424
2499,Lox,Visium,Kidney,Up,2.51588544141776,0.006517426905188
2500,Xrcc5,Visium,Kidney,Down,-0.617925153701298,0.0065480921192737
2501,Afmid,Visium,Kidney,Down,-1.19210448573111,0.0065917630333353
2502,Kcne1l,Visium,Kidney,Down,-0.9719805170388,0.0065955776932919
2503,Crip2,Visium,Kidney,Up,0.559399551594893,0.0066036595827907
2504,Emilin1,Visium,Kidney,Up,0.86078044720182,0.0066302727689629
2505,Gm17767,Visium,Kidney,Down,-1.34341750529819,0.00663069556483
2506,C1ra,Visium,Kidney,Up,1.02113698252679,0.006701644015328
2507,C1s1,Visium,Kidney,Up,1.11026750699475,0.006701644015328
2508,Grb14,Visium,Kidney,Down,-0.974601744322221,0.006701644015328
2509,F2r,Visium,Kidney,Up,1.13228288325483,0.0067057391358571
2510,Ybey,Visium,Kidney,Down,-0.598608157347219,0.0067061760456576
2511,Gm15651,Visium,Kidney,Down,-1.43893125394156,0.0067973113167949
2512,Cks2,Visium,Kidney,Down,-0.813703409131073,0.0067973113167949
2513,Sct,Visium,Kidney,Up,1.14683294615276,0.0068377765108383
2514,Mymx,Visium,Kidney,Down,-1.3543043035242,0.0068552745453171
2515,Fam49b,Visium,Kidney,Up,0.83046155447931,0.0068607550645101
2516,Tbck,Visium,Kidney,Down,-0.739974584764456,0.0068684647304353
2517,Mycbpap,Visium,Kidney,Down,-0.760821276796093,0.0068684647304353
2518,Crym,Visium,Kidney,Down,-0.860379512428153,0.0068684647304353
2519,Rinl,Visium,Kidney,Up,0.80967554354222,0.0068684647304353
2520,Col4a1,Visium,Kidney,Up,0.885952108255976,0.0068684647304353
2521,Slc16a3,Visium,Kidney,Up,2.11797098660844,0.0068772173245533
2522,Ctnnbip1,Visium,Kidney,Down,-0.568931834629532,0.0068772173245533
2523,Perm1,Visium,Kidney,Down,-0.954856906620949,0.0069102337196881
2524,Tmem86b,Visium,Kidney,Down,-1.3289404454215,0.0069714431544572
2525,Hmcn2,Visium,Kidney,Down,-0.762623252929147,0.0069714431544572
2526,March10,Visium,Kidney,Down,-1.50185454086202,0.0069929398384877
2527,Adcyap1r1,Visium,Kidney,Up,1.06793010936469,0.0069955144952113
2528,Il6st,Visium,Kidney,Up,0.858182985505563,0.0070205072746381
2529,Gsdme,Visium,Kidney,Down,-0.703489140931301,0.0070700371609602
2530,Pla2g12a,Visium,Kidney,Down,-0.482994048937666,0.0070706423317461
2531,Npy6r,Visium,Kidney,Down,-1.53833661393458,0.007072126813363
2532,Anxa3,Visium,Kidney,Up,1.17673213002991,0.0071258893275956
2533,Pfn1,Visium,Kidney,Up,0.565888566426571,0.0071393170774066
2534,Serp2,Visium,Kidney,Up,0.818862229354321,0.0072036120706634
2535,Eif3b,Visium,Kidney,Up,0.444860179373354,0.0072051642161491
2536,Stat3,Visium,Kidney,Up,0.670202306199962,0.0072366082445601
2537,Procr,Visium,Kidney,Up,1.1485031818857,0.0072408081001516
2538,Plcb1,Visium,Kidney,Down,-0.622173737132897,0.0072408081001516
2539,Pdhx,Visium,Kidney,Down,-0.496214360542682,0.0072408081001516
2540,Mmp14,Visium,Kidney,Up,1.44661008571436,0.0072408081001516
2541,Atp23,Visium,Kidney,Down,-0.600852135961012,0.0072483384416342
2542,Ccnb2,Visium,Kidney,Up,1.44024241669762,0.0072556187160438
2543,2900009J06Rik,Visium,Kidney,Down,-1.10346161890815,0.0073583796884955
2544,Cyp2j13,Visium,Kidney,Up,1.5720483180723,0.0073831902973503
2545,Snx22,Visium,Kidney,Up,0.96021067886297,0.0073831902973503
2546,Enpp6,Visium,Kidney,Down,-1.19543901665092,0.0073871737680824
2547,Batf2,Visium,Kidney,Up,1.18442929169302,0.0074472913135413
2548,Map7d1,Visium,Kidney,Up,0.584197579659109,0.0074651345216755
2549,Tmem144,Visium,Kidney,Down,-0.577103325189606,0.0075372913368496
2550,Arrb1,Visium,Kidney,Up,0.576734084815431,0.0075388056021165
2551,Fam222a,Visium,Kidney,Down,-0.737202983872806,0.0075668600829583
2552,Loxl3,Visium,Kidney,Up,1.06458505900928,0.0076391057726095
2553,Skap1,Visium,Kidney,Up,1.01843989415362,0.0076395751464965
2554,H6pd,Visium,Kidney,Up,0.733451172236444,0.0076545898053951
2555,Ahnak2,Visium,Kidney,Up,1.80936484441873,0.0076745256650588
2556,Dnase1l3,Visium,Kidney,Up,1.28070421456839,0.0077226909296309
2557,Ank2,Visium,Kidney,Down,-0.800572522803332,0.007761625325258
2558,Dhcr7,Visium,Kidney,Down,-0.588926247335137,0.007761625325258
2559,Sult1d1,Visium,Kidney,Up,0.761900673460909,0.007761625325258
2560,Birc2,Visium,Kidney,Up,0.559913298444627,0.007761625325258
2561,Rftn1,Visium,Kidney,Up,1.15053069903587,0.007761625325258
2562,Tcf7,Visium,Kidney,Up,1.23968026229566,0.007761625325258
2563,Calca,Visium,Kidney,Up,0.951623726088805,0.007761625325258
2564,Timm9,Visium,Kidney,Down,-0.59024641941537,0.007761625325258
2565,9130023H24Rik,Visium,Kidney,Down,-0.626188072030607,0.0077649209048194
2566,Sap30,Visium,Kidney,Down,-0.552337022743612,0.0077723236538769
2567,AC110211.1,Visium,Kidney,Down,-0.994026911692205,0.0077723236538769
2568,Il33,Visium,Kidney,Up,1.31652389552462,0.0078008760930403
2569,Gm5475,Visium,Kidney,Down,-1.33526528947704,0.0078008760930403
2570,Pla2g5,Visium,Kidney,Down,-1.06351078005574,0.0078008760930403
2571,Spsb1,Visium,Kidney,Up,1.0650765950197,0.0078008760930403
2572,Syt14,Visium,Kidney,Down,-0.899159760649749,0.0078053548254753
2573,D630023F18Rik,Visium,Kidney,Down,-1.40930300657547,0.0078843098832406
2574,Hsd17b14,Visium,Kidney,Up,1.87926015613109,0.0080334823761818
2575,Fbn1,Visium,Kidney,Up,1.00676610207573,0.0080334823761818
2576,Tlcd1,Visium,Kidney,Down,-0.573837788835392,0.0080356756769356
2577,Plaur,Visium,Kidney,Up,0.944932903896624,0.0080465937060243
2578,Lyn,Visium,Kidney,Up,0.813404103231515,0.0080465937060243
2579,Ctsk,Visium,Kidney,Up,1.27202610619678,0.008101430863036
2580,Dhtkd1,Visium,Kidney,Down,-0.876182486092401,0.0082693611384801
2581,Pid1,Visium,Kidney,Up,0.925247053268018,0.008292819669881
2582,Fam83g,Visium,Kidney,Down,-1.06244530580168,0.0083586551736382
2583,Slc25a44,Visium,Kidney,Down,-0.443194553903256,0.0083681114628338
2584,Acss3,Visium,Kidney,Down,-0.724538776195162,0.0083769029590241
2585,Itpr2,Visium,Kidney,Down,-0.888855671255979,0.0083769029590241
2586,Zbp1,Visium,Kidney,Up,1.03590673042389,0.00838445028266
2587,Erlin1,Visium,Kidney,Down,-0.688919933037607,0.00838445028266
2588,Selenbp2,Visium,Kidney,Down,-1.15382912857833,0.00838445028266
2589,Ripor3,Visium,Kidney,Up,0.738491276714098,0.0083901138264258
2590,Sulf1,Visium,Kidney,Up,1.43712316931124,0.0083901138264258
2591,Eif6,Visium,Kidney,Up,0.583360778444806,0.0084474642307083
2592,Gm33543,Visium,Kidney,Down,-1.03226745187491,0.0084474904928999
2593,Shd,Visium,Kidney,Down,-0.857567294692233,0.0084510997051328
2594,1110020A21Rik,Visium,Kidney,Down,-0.724645868243006,0.0084579431490252
2595,Arid5a,Visium,Kidney,Up,1.228316418107,0.0084887097484063
2596,Slc28a1,Visium,Kidney,Down,-0.603675628591261,0.0084887097484063
2597,Aqp6,Visium,Kidney,Down,-0.573327514851375,0.0084887097484063
2598,Fosl2,Visium,Kidney,Up,0.952323140038596,0.008513916826234
2599,Matn4,Visium,Kidney,Down,-0.839657946813654,0.008513916826234
2600,Aste1,Visium,Kidney,Down,-0.66339498359452,0.0085712617988342
2601,Gm4952,Visium,Kidney,Down,-1.67003342828393,0.0085712617988342
2602,Csf1r,Visium,Kidney,Up,1.3028617628714,0.0085712617988342
2603,Plpp1,Visium,Kidney,Up,0.577816912931094,0.0085712617988342
2604,Adamts2,Visium,Kidney,Up,1.38783135622942,0.008591042772696
2605,Vasp,Visium,Kidney,Up,0.608960815765197,0.008591042772696
2606,1110051M20Rik,Visium,Kidney,Down,-0.547468125752012,0.0086040194467373
2607,Sms,Visium,Kidney,Down,-0.743642144863999,0.0086040194467373
2608,Gm36372,Visium,Kidney,Down,-1.52357326651053,0.0086040194467373
2609,Hexa,Visium,Kidney,Up,0.792165295245108,0.0086040194467373
2610,Ptgfr,Visium,Kidney,Down,-0.788516537470724,0.0086235606464226
2611,Dpyd,Visium,Kidney,Down,-0.825609454132755,0.0086431968448884
2612,Zfp30,Visium,Kidney,Down,-0.851306495734057,0.008702627800188
2613,Ncaph,Visium,Kidney,Up,1.31148983693032,0.0087310735409851
2614,Syn3,Visium,Kidney,Down,-0.921417317343503,0.0087751792817177
2615,Nhs,Visium,Kidney,Down,-0.904525972078586,0.008793181929088
2616,Etohd2,Visium,Kidney,Down,-1.0121213774825,0.0088091598967435
2617,Eno2,Visium,Kidney,Up,1.31694348605001,0.0088114016840141
2618,Tmem229b,Visium,Kidney,Up,1.05346244641533,0.0088114016840141
2619,Ogn,Visium,Kidney,Up,0.849124406058405,0.0088358416802479
2620,Rnasek,Visium,Kidney,Down,-0.965092841941839,0.0088417359889692
2621,Dhfr,Visium,Kidney,Down,-0.641679230850098,0.008977904890506
2622,Actb,Visium,Kidney,Up,0.730458036815608,0.008977904890506
2623,Hid1,Visium,Kidney,Up,1.29945457244489,0.009002665193487
2624,Car5b,Visium,Kidney,Down,-0.492628961456469,0.0090244455783809
2625,Mprip,Visium,Kidney,Up,0.45443568393861,0.0090358877783239
2626,Cpne8,Visium,Kidney,Up,0.776324072097339,0.0090973683563412
2627,Tspan4,Visium,Kidney,Up,0.518585523538883,0.0091223081462412
2628,4930523C07Rik,Visium,Kidney,Up,0.766150535861215,0.0091674878249752
2629,Ldlr,Visium,Kidney,Down,-0.407488253778745,0.0091784797888816
2630,Sucnr1,Visium,Kidney,Down,-1.22720626279896,0.0091889098103734
2631,Peg3,Visium,Kidney,Down,-0.94112729150935,0.0091907283181162
2632,Fras1,Visium,Kidney,Down,-0.740260311602725,0.0091940655399794
2633,Akr1b10,Visium,Kidney,Down,-0.600618458339411,0.0092679997843691
2634,Tnfrsf1a,Visium,Kidney,Up,0.562163422062951,0.0092679997843691
2635,Tfrc,Visium,Kidney,Down,-0.792060004994547,0.0092682823075926
2636,C1qtnf3,Visium,Kidney,Down,-0.778931214306065,0.0092880125912629
2637,Gm15883,Visium,Kidney,Down,-1.3583743569619,0.0093402545994134
2638,Epsti1,Visium,Kidney,Up,1.16335776625941,0.0093447795974171
2639,Atad3aos,Visium,Kidney,Down,-0.895867403608445,0.0093463446252018
2640,Cav1,Visium,Kidney,Down,-0.856023151154964,0.0093467363078914
2641,Dnajc13,Visium,Kidney,Down,-0.56667893065757,0.0093467363078914
2642,Bmp3,Visium,Kidney,Up,1.43011939288833,0.0093531963770869
2643,Selenom,Visium,Kidney,Up,0.444462053187688,0.0093715850445565
2644,Gmip,Visium,Kidney,Up,0.777238315159802,0.009380658965375
2645,Sox17,Visium,Kidney,Up,0.76580265661759,0.0093861339605252
2646,Gm13594,Visium,Kidney,Down,-0.84859396420952,0.0095340237613727
2647,Galnt14,Visium,Kidney,Down,-0.646477513086293,0.0095523181706985
2648,Nkd2,Visium,Kidney,Up,1.98556466709899,0.0096538461882512
2649,Slc8b1,Visium,Kidney,Up,0.574900877304343,0.0096565921608987
2650,Sema3b,Visium,Kidney,Down,-0.440434081468754,0.0096613466989633
2651,Tenm3,Visium,Kidney,Up,1.08891196640349,0.0096828477187538
2652,Ogdhl,Visium,Kidney,Down,-1.04234895342119,0.0097108555087161
2653,Lhx1,Visium,Kidney,Down,-1.00937845102941,0.0097108555087161
2654,Twf2,Visium,Kidney,Up,0.679268586006954,0.0097507539495789
2655,Ntrk1,Visium,Kidney,Down,-1.34563632215152,0.009882324244554
2656,Lgals3,Visium,Kidney,Up,1.02279370940533,0.0100076825780163
2657,Gm12996,Visium,Kidney,Down,-0.900154680735864,0.0100522757617499
2658,Ssc5d,Visium,Kidney,Up,1.12644799408591,0.0100522757617499
2659,1110046J04Rik,Visium,Kidney,Up,1.05359584705139,0.0100789696307514
2660,Pfkm,Visium,Kidney,Down,-0.563981756029042,0.010215483466587
2661,Col4a2,Visium,Kidney,Up,0.793407666685789,0.0102315710417336
2662,Mxra8,Visium,Kidney,Up,0.87886450672282,0.0102315710417336
2663,Spink8,Visium,Kidney,Down,-1.07202482524432,0.0102315710417336
2664,Vamp5,Visium,Kidney,Up,0.512147860040769,0.0102967899711861
2665,Prcd,Visium,Kidney,Up,1.24286552107743,0.0103550048387944
2666,Tead2,Visium,Kidney,Up,1.30988706814725,0.01035614238305
2667,Npl,Visium,Kidney,Down,-1.34220555627625,0.0104414548286518
2668,Casp12,Visium,Kidney,Up,1.66834156400136,0.0104566138185763
2669,2810001G20Rik,Visium,Kidney,Down,-0.547213066067426,0.010481279571404
2670,Glb1l,Visium,Kidney,Down,-0.562347369124171,0.0104920350446541
2671,Trf,Visium,Kidney,Up,1.05784996566897,0.0105074220534377
2672,Nbl1,Visium,Kidney,Up,1.05790947793008,0.0105130683424594
2673,Serinc3,Visium,Kidney,Up,0.723442107910317,0.0105175442069991
2674,Nfkbiz,Visium,Kidney,Up,0.969313074511119,0.0105749902699937
2675,Espl1,Visium,Kidney,Up,1.40435510617112,0.010581878752471
2676,Mfge8,Visium,Kidney,Up,0.632072860334804,0.010581878752471
2677,Epm2a,Visium,Kidney,Down,-0.693097964505734,0.0105886631952445
2678,Trim59,Visium,Kidney,Up,1.36329493083661,0.0105886631952445
2679,H2-T23,Visium,Kidney,Up,0.655777509204575,0.0105886631952445
2680,Fam111a,Visium,Kidney,Up,0.979057860214977,0.0105886631952445
2681,Zfp385b,Visium,Kidney,Down,-1.22139360915332,0.0105886631952445
2682,Gm16010,Visium,Kidney,Down,-0.855383775717877,0.0105886631952445
2683,Prmt6,Visium,Kidney,Down,-0.575404755441029,0.0105886631952445
2684,Supt7l,Visium,Kidney,Down,-0.480089382842379,0.0106116878877642
2685,Tnfaip8,Visium,Kidney,Down,-0.983316282343007,0.0106116878877642
2686,Scn2b,Visium,Kidney,Up,1.67992882481796,0.0106951193607918
2687,Osbp2,Visium,Kidney,Down,-0.72144078342925,0.0106951193607918
2688,Mboat2,Visium,Kidney,Down,-0.547556282284655,0.0106951193607918
2689,Pld2,Visium,Kidney,Up,0.617696277476896,0.0107644994161176
2690,Fam185a,Visium,Kidney,Down,-0.662455805239922,0.0108447784608302
2691,Olfm3,Visium,Kidney,Down,-1.28078455587306,0.0108711234031841
2692,Wfdc16,Visium,Kidney,Down,-1.92332737992892,0.010884800318391
2693,Gm14005,Visium,Kidney,Up,1.40579421138816,0.010884800318391
2694,Sept8,Visium,Kidney,Up,0.892149447268381,0.0109037456531049
2695,Birc3,Visium,Kidney,Up,1.08730324615683,0.0109305716438749
2696,Slc25a24,Visium,Kidney,Up,1.75547242914321,0.0109641287958388
2697,Prkd1,Visium,Kidney,Down,-0.589952056644527,0.011009330987436
2698,Haus7,Visium,Kidney,Down,-0.566045814668579,0.0110166238302364
2699,Plcd4,Visium,Kidney,Down,-0.951616368844181,0.0110336111758303
2700,Tuba1a,Visium,Kidney,Up,1.06972515174611,0.0111037002431742
2701,Angpt4,Visium,Kidney,Up,1.70888091951302,0.011109442326213
2702,Xlr4b,Visium,Kidney,Up,1.83602300172881,0.0111207772869927
2703,Glrx,Visium,Kidney,Down,-0.762951799887205,0.011124287813517
2704,Adra1a,Visium,Kidney,Down,-1.07770391106449,0.0111292026676736
2705,Cd163,Visium,Kidney,Up,1.82642521675338,0.0111857422935309
2706,Cdk1,Visium,Kidney,Up,1.45020743927188,0.0112156027980753
2707,Cavin3,Visium,Kidney,Up,0.620997839940867,0.0112264066837352
2708,Cd93,Visium,Kidney,Up,1.09194522984778,0.0112385997873581
2709,Fbxo21,Visium,Kidney,Down,-0.684901099859319,0.0113012284881675
2710,Emc9,Visium,Kidney,Down,-0.491693985608807,0.0113012284881675
2711,Selenow,Visium,Kidney,Up,0.507920908340544,0.0113232997080214
2712,Abcg1,Visium,Kidney,Up,1.09351585405807,0.0113311705673363
2713,Nudt7,Visium,Kidney,Down,-0.548155935574434,0.0113531987930739
2714,Fam163a,Visium,Kidney,Down,-1.30596665989089,0.0113543854057903
2715,Mmp12,Visium,Kidney,Up,3.08015265196506,0.0113582783170162
2716,Col6a1,Visium,Kidney,Up,0.682425049242906,0.0114734439006691
2717,Mcam,Visium,Kidney,Up,1.05842282364599,0.0114999341506404
2718,Lamc3,Visium,Kidney,Up,0.630604933095911,0.011546800123474
2719,Kif21b,Visium,Kidney,Up,1.44941460638456,0.011546800123474
2720,Lrpprc,Visium,Kidney,Down,-0.495341865083676,0.0115695175277826
2721,Nqo2,Visium,Kidney,Down,-0.509543716827535,0.011612268355366
2722,Slc35f1,Visium,Kidney,Down,-0.861761112658697,0.0116223408844307
2723,Mipep,Visium,Kidney,Down,-0.487192076120607,0.0117056124580398
2724,Dclk2,Visium,Kidney,Up,1.04332665949024,0.0117131516118654
2725,Gjb2,Visium,Kidney,Down,-0.602527153137428,0.0117131516118654
2726,Ptn,Visium,Kidney,Up,1.47693046111055,0.0117321084323665
2727,Mcm3,Visium,Kidney,Up,1.01862867176237,0.0117321084323665
2728,Bsnd,Visium,Kidney,Down,-0.609471477497794,0.0117794781501796
2729,Cacna1h,Visium,Kidney,Up,1.03605153226767,0.0117954249998014
2730,Actn1,Visium,Kidney,Up,0.924267998406538,0.011831551293897
2731,Baat,Visium,Kidney,Down,-1.43840172347666,0.0118337833829814
2732,Pclaf,Visium,Kidney,Up,1.60114489612053,0.0118566410315363
2733,Mtrf1,Visium,Kidney,Down,-0.782216792507384,0.0118566410315363
2734,Cmbl,Visium,Kidney,Down,-0.876932609562872,0.0118568968422335
2735,Col18a1,Visium,Kidney,Up,0.856540379547613,0.0119204131253418
2736,Snhg11,Visium,Kidney,Up,1.09928430004225,0.0119204131253418
2737,Sirt5,Visium,Kidney,Down,-0.529317681472994,0.0119324007620434
2738,Sdhaf3,Visium,Kidney,Down,-0.553294973304813,0.0120153613896522
2739,Nat8f5,Visium,Kidney,Down,-1.77967731879232,0.0120574761713095
2740,Dusp8,Visium,Kidney,Up,0.790682311401729,0.0121091095788143
2741,Mmachc,Visium,Kidney,Down,-0.479428955423541,0.0121135503704164
2742,1810024B03Rik,Visium,Kidney,Down,-0.909907181911902,0.0121798873940437
2743,Cstf2,Visium,Kidney,Down,-0.483441627831149,0.0123050916107771
2744,Fam13a,Visium,Kidney,Down,-0.626927642891497,0.0124393406199652
2745,AC079680.2,Visium,Kidney,Down,-1.52769915161674,0.0125035093296492
2746,Kcnab1,Visium,Kidney,Up,1.42193179941003,0.0125633298851709
2747,A630001G21Rik,Visium,Kidney,Up,1.33752271340124,0.012579409644467
2748,Flt3,Visium,Kidney,Up,1.57367518308297,0.012579409644467
2749,Synpo2,Visium,Kidney,Up,1.14192107037106,0.012579409644467
2750,Slc16a12,Visium,Kidney,Down,-0.796342670582637,0.012579409644467
2751,Scarb2,Visium,Kidney,Up,0.76268627023843,0.0126268153219845
2752,Rint1,Visium,Kidney,Down,-0.59337684597017,0.0126268153219845
2753,Bmpr1b,Visium,Kidney,Down,-0.959937473853558,0.0126911928937335
2754,Nradd,Visium,Kidney,Up,0.935757024564187,0.0126911928937335
2755,Igsf10,Visium,Kidney,Up,1.39323137571381,0.0126914457714754
2756,Repin1,Visium,Kidney,Down,-0.464683467561806,0.012732815674036
2757,Eva1b,Visium,Kidney,Up,0.636528546773428,0.0128173559702652
2758,Tgfb1,Visium,Kidney,Up,0.895764092018422,0.0128311013710832
2759,Ifngr2,Visium,Kidney,Up,0.749842190226968,0.0128494418969971
2760,Dnajc25,Visium,Kidney,Down,-0.51959082789036,0.0128570117520816
2761,S100a8,Visium,Kidney,Up,1.46157220540217,0.0128920385539041
2762,Cela1,Visium,Kidney,Down,-0.989616288385941,0.0128955805378393
2763,Nrm,Visium,Kidney,Up,0.888404425826417,0.0129440214256413
2764,Dok2,Visium,Kidney,Up,1.43293328870465,0.0129961711120122
2765,Yars2,Visium,Kidney,Down,-0.623807045197467,0.0130007885336544
2766,Clec2h,Visium,Kidney,Down,-1.51789004133781,0.0130007885336544
2767,Tmem163,Visium,Kidney,Down,-1.65547313842503,0.0130007885336544
2768,Sp100,Visium,Kidney,Up,0.952768895685063,0.0130054255571411
2769,Itgav,Visium,Kidney,Up,0.635571676413917,0.0132138105862036
2770,Marveld1,Visium,Kidney,Up,0.63913156367077,0.0132138105862036
2771,Atp8b4,Visium,Kidney,Up,1.33435458721427,0.0132558590691761
2772,Plppr3,Visium,Kidney,Up,1.72839124720669,0.0133195384196812
2773,Arhgef1,Visium,Kidney,Up,0.470716634253649,0.0134666888257463
2774,Fam107b,Visium,Kidney,Down,-0.565736649279503,0.0134666888257463
2775,Emilin2,Visium,Kidney,Up,1.30182595724843,0.0135155564018434
2776,Oasl2,Visium,Kidney,Up,1.20633298773546,0.0135155564018434
2777,Dhrs7,Visium,Kidney,Down,-0.551760477050035,0.0135337524135971
2778,Lypd6,Visium,Kidney,Down,-0.729962107656667,0.0135783433214691
2779,Rangrf,Visium,Kidney,Down,-0.545723657727412,0.0136602494083653
2780,Slc44a3,Visium,Kidney,Down,-0.807195974653617,0.0137052339166567
2781,Apom,Visium,Kidney,Down,-0.770648735569508,0.0137101838433453
2782,Pim1,Visium,Kidney,Up,0.994913292821082,0.0137101838433453
2783,Col6a3,Visium,Kidney,Up,0.707254732119713,0.0137101838433453
2784,Tor3a,Visium,Kidney,Up,0.56735336052976,0.0137101838433453
2785,Klkb1,Visium,Kidney,Down,-1.33415167431197,0.0137101838433453
2786,Afg1l,Visium,Kidney,Down,-0.489049157212296,0.0137227208806213
2787,Plekhf1,Visium,Kidney,Up,0.522207658069856,0.0137227208806213
2788,Mmp2,Visium,Kidney,Up,1.31104681651234,0.0137574581928349
2789,Tpd52l1,Visium,Kidney,Down,-0.472697233550965,0.0137574581928349
2790,Gm9951,Visium,Kidney,Down,-1.11456950685621,0.0138136865958653
2791,Sel1l3,Visium,Kidney,Down,-0.584937404835912,0.0138513167258155
2792,Parp16,Visium,Kidney,Down,-0.616123103341523,0.013856685213712
2793,Tspyl3,Visium,Kidney,Up,1.12176150915831,0.0138913360768473
2794,Abcb10,Visium,Kidney,Down,-0.506997516768548,0.0138931509126134
2795,Pus7,Visium,Kidney,Down,-0.838962764515322,0.0139171835088168
2796,Samd4,Visium,Kidney,Up,1.37930810245156,0.0139268127139998
2797,Pitrm1,Visium,Kidney,Down,-0.611880312008381,0.0139268127139998
2798,Thbs3,Visium,Kidney,Up,1.16589920848184,0.0139789831873591
2799,Aars2,Visium,Kidney,Down,-0.457295180587843,0.0140135060053111
2800,Dhx58,Visium,Kidney,Up,1.09978076044923,0.0140237757098437
2801,Kbtbd3,Visium,Kidney,Down,-0.435309370596642,0.0140467654945067
2802,Pear1,Visium,Kidney,Up,0.752398454829919,0.0140504264654429
2803,Phf11a,Visium,Kidney,Up,1.53186927654835,0.0140517092830897
2804,Gpat3,Visium,Kidney,Down,-0.755889729203571,0.014059149890493
2805,Bbs4,Visium,Kidney,Down,-0.673308182059589,0.0140660711797684
2806,Atp2b2,Visium,Kidney,Down,-1.14500261244399,0.0141104157097593
2807,Mrps31,Visium,Kidney,Down,-0.5997680826768,0.0141453916129935
2808,Pde4c,Visium,Kidney,Down,-0.636178802209505,0.0141514586390908
2809,Neurl1a,Visium,Kidney,Up,1.38410133407528,0.0141514586390908
2810,Slc2a3,Visium,Kidney,Up,1.00657840270134,0.0142347521452751
2811,Igsf11,Visium,Kidney,Down,-0.92705934280572,0.0142507347124085
2812,St3gal4,Visium,Kidney,Up,0.680988446870289,0.0143101117347116
2813,Slc14a1,Visium,Kidney,Up,1.52978392059603,0.0143101117347116
2814,Eln,Visium,Kidney,Up,1.20428967293317,0.0143349290333324
2815,1700034P13Rik,Visium,Kidney,Down,-1.32993864282344,0.0143873674992849
2816,F5,Visium,Kidney,Down,-1.30858554358352,0.0143873674992849
2817,Slc22a8,Visium,Kidney,Down,-1.07292115692897,0.0143873674992849
2818,Pafah1b3,Visium,Kidney,Up,0.484544616351469,0.014460318625896
2819,Bglap3,Visium,Kidney,Up,1.03564865093739,0.014460318625896
2820,D630024D03Rik,Visium,Kidney,Down,-1.00429770034528,0.0145117323435333
2821,Dnm3os,Visium,Kidney,Up,1.3940795550292,0.0145507847588763
2822,Rel,Visium,Kidney,Up,1.20766477591865,0.0146229527192157
2823,Sh2d4b,Visium,Kidney,Down,-0.88697808083844,0.0146594273560557
2824,Capn6,Visium,Kidney,Down,-1.35525511296678,0.0146683417574907
2825,Mgat3,Visium,Kidney,Down,-0.627444789778212,0.0147263362213821
2826,Osr2,Visium,Kidney,Down,-1.27203428396023,0.0147571437479455
2827,Stk17b,Visium,Kidney,Up,0.888611594932386,0.0147577353491154
2828,Spsb4,Visium,Kidney,Down,-0.686982391603568,0.0147671460194182
2829,Fam26e,Visium,Kidney,Up,1.19860607854364,0.0147786370651377
2830,Fam149a,Visium,Kidney,Down,-0.766975390069883,0.014804380494298
2831,Fhit,Visium,Kidney,Down,-0.776368023897819,0.014804380494298
2832,Colec12,Visium,Kidney,Up,0.991791404971635,0.014804380494298
2833,Tbc1d32,Visium,Kidney,Down,-0.659794876169693,0.014804380494298
2834,Ralgapa2,Visium,Kidney,Down,-0.452181116394841,0.014804380494298
2835,Sgsm1,Visium,Kidney,Down,-0.921289572157074,0.014804380494298
2836,Ppm1j,Visium,Kidney,Up,1.10635069550548,0.0148493711747867
2837,Lyrm7,Visium,Kidney,Down,-0.801872263006082,0.0148703842893759
2838,Sdc3,Visium,Kidney,Up,0.969859664002954,0.0148922593683278
2839,Ripk4,Visium,Kidney,Down,-0.585034592830488,0.0150786863069763
2840,Serpinb1a,Visium,Kidney,Down,-0.649501413350042,0.0150880418278183
2841,Klk1b22,Visium,Kidney,Down,-0.923438810468874,0.0151170541234251
2842,Gm10138,Visium,Kidney,Down,-0.655831130532439,0.0151170541234251
2843,S100a11,Visium,Kidney,Up,0.600942773447899,0.0151294900971466
2844,Pip4k2a,Visium,Kidney,Up,0.966123120886522,0.0151322552543917
2845,Sectm1b,Visium,Kidney,Down,-1.26927115334586,0.015230281773492
2846,Hdac8,Visium,Kidney,Down,-0.700613250374611,0.0154062115879938
2847,C030006K11Rik,Visium,Kidney,Down,-0.460215766988773,0.0154109775104108
2848,Nmnat3,Visium,Kidney,Down,-0.500609857679939,0.0154543900909348
2849,Idi1,Visium,Kidney,Down,-0.70902316421709,0.0155216102765103
2850,Fancd2os,Visium,Kidney,Down,-1.03772214876643,0.0155777486388579
2851,Tnip1,Visium,Kidney,Up,0.502005485196419,0.0156892798647292
2852,Trmt2b,Visium,Kidney,Down,-0.465080972553827,0.0156892798647292
2853,Egr1,Visium,Kidney,Up,0.749958207707141,0.0156892798647292
2854,Crim1,Visium,Kidney,Up,0.604682156999314,0.0156892798647292
2855,Scnn1g,Visium,Kidney,Down,-1.05182472272772,0.0157139492616244
2856,Nudt2,Visium,Kidney,Down,-0.541662717002158,0.0157211250089603
2857,Tuba1b,Visium,Kidney,Up,0.681765853769731,0.0157211250089603
2858,Slc34a1,Visium,Kidney,Down,-1.05765871126994,0.0157211250089603
2859,Plekha2,Visium,Kidney,Up,0.861150088892605,0.015727613192417
2860,Doc2g,Visium,Kidney,Up,0.868958266193229,0.0157939528407355
2861,Klf11,Visium,Kidney,Up,0.898808142504064,0.0158521641763806
2862,Trim30d,Visium,Kidney,Up,1.6123168974194,0.0159839836136784
2863,Serpina6,Visium,Kidney,Up,2.90864509267339,0.0159877517686818
2864,Irf8,Visium,Kidney,Up,0.826284457471163,0.0160679293884948
2865,Ehmt2,Visium,Kidney,Up,0.391558774924364,0.0161355311281014
2866,Gxylt2,Visium,Kidney,Up,1.63398017712269,0.0161357648056763
2867,Coq5,Visium,Kidney,Down,-0.511505447864283,0.0161966925815339
2868,Tln2,Visium,Kidney,Down,-0.826691793512161,0.0162103479722467
2869,Slc9a3r2,Visium,Kidney,Up,0.479395265918237,0.0162672194674506
2870,Gpr153,Visium,Kidney,Up,0.933479251505627,0.0163393910063843
2871,Nat8f1,Visium,Kidney,Down,-0.912670436045266,0.0163719817745294
2872,Mum1l1,Visium,Kidney,Down,-1.29183771154235,0.016387088756247
2873,Cd4,Visium,Kidney,Up,0.823123450666831,0.0163982990929342
2874,Chrna1os,Visium,Kidney,Down,-0.609128041431216,0.0164401538489297
2875,Cd248,Visium,Kidney,Up,1.16672457096629,0.0164406321005603
2876,Cyp2s1,Visium,Kidney,Down,-0.533071373387364,0.0166720245250318
2877,Cd40,Visium,Kidney,Up,0.778425530572797,0.0166880673076191
2878,Guf1,Visium,Kidney,Down,-0.474683743644944,0.0167141420166639
2879,Pitpnc1,Visium,Kidney,Down,-0.475411069476577,0.016770809901871
2880,Thbd,Visium,Kidney,Up,0.90398272250521,0.0167820739030583
2881,Emx1,Visium,Kidney,Down,-0.782473742649247,0.0167954682706904
2882,Pcdh12,Visium,Kidney,Up,0.751887023724659,0.0168170658686877
2883,Scarf2,Visium,Kidney,Up,0.754515497916942,0.0168920331781871
2884,Zfp37,Visium,Kidney,Up,0.816101089462165,0.0169542205463013
2885,Gm45351,Visium,Kidney,Up,1.03260772464232,0.0170064370917863
2886,A230050P20Rik,Visium,Kidney,Up,0.689944244752298,0.0170079521511997
2887,Mgl2,Visium,Kidney,Up,1.6417173321821,0.0170079521511997
2888,Ddr2,Visium,Kidney,Up,1.12074366433262,0.0170079521511997
2889,Slco4a1,Visium,Kidney,Up,0.616722584418591,0.0170324684269571
2890,Galnt3,Visium,Kidney,Down,-0.772876424259859,0.0170491269328708
2891,Ccdc189,Visium,Kidney,Down,-0.575549851856946,0.0170982237888869
2892,Olfml2b,Visium,Kidney,Up,0.959883340761603,0.0171045784975205
2893,Lin7a,Visium,Kidney,Down,-1.36827468377736,0.0172161169579268
2894,Nfkbid,Visium,Kidney,Up,1.20055821887478,0.017234193176954
2895,Tubb2b,Visium,Kidney,Up,0.62710033410372,0.0172540195925177
2896,Tlr4,Visium,Kidney,Up,1.15034539582604,0.0172540195925177
2897,Lrg1,Visium,Kidney,Up,1.30174137415608,0.0172679862678321
2898,Gm44386,Visium,Kidney,Down,-0.71562180372448,0.017304724389146
2899,Mfap2,Visium,Kidney,Up,0.838183661178157,0.0173119251129477
2900,Map1b,Visium,Kidney,Up,0.989401183980981,0.0173695670903669
2901,Elmo1,Visium,Kidney,Up,1.16775629885073,0.0173995510907973
2902,Mrps5,Visium,Kidney,Down,-0.482962340682206,0.017458706947437
2903,Tmem123,Visium,Kidney,Up,0.638016475829823,0.0174875201938074
2904,Asl,Visium,Kidney,Down,-0.815028901914445,0.0175290367759037
2905,Adamtsl1,Visium,Kidney,Up,1.19571595661583,0.0175844613699543
2906,Atp13a2,Visium,Kidney,Up,0.493842138232734,0.0175922947588565
2907,2310022B05Rik,Visium,Kidney,Up,0.754461350510606,0.0175967667228554
2908,Rab37,Visium,Kidney,Up,0.91237701953739,0.0176550334938447
2909,Gm27239,Visium,Kidney,Down,-0.916088871365833,0.0176903024291564
2910,Pdgfb,Visium,Kidney,Up,0.797321002971498,0.0176903024291564
2911,Pex10,Visium,Kidney,Down,-0.605948522883252,0.0177608332680635
2912,Rab17,Visium,Kidney,Down,-0.579311425016466,0.0177608332680635
2913,Slc7a8,Visium,Kidney,Down,-1.27171738507283,0.0179017967835013
2914,Nmnat1,Visium,Kidney,Down,-0.553244496585508,0.018057091080534
2915,Krt23,Visium,Kidney,Down,-1.29726633771411,0.0181173354653622
2916,Chaf1a,Visium,Kidney,Up,0.719662285923937,0.0181446747686246
2917,Flot1,Visium,Kidney,Up,0.510711141563725,0.0181446747686246
2918,Ebf4,Visium,Kidney,Up,1.12825554056801,0.0181868701225967
2919,Cers4,Visium,Kidney,Up,0.610994376306841,0.018231074809733
2920,Znrf1,Visium,Kidney,Up,0.44410688275375,0.0182553864424709
2921,Nox4,Visium,Kidney,Down,-1.20820500129515,0.0182553864424709
2922,Nme4,Visium,Kidney,Down,-0.757156990520069,0.0183015262659111
2923,Cysltr2,Visium,Kidney,Up,0.971091742028035,0.0183015262659111
2924,Defb1,Visium,Kidney,Down,-0.888100374345904,0.0183015262659111
2925,Slc5a2,Visium,Kidney,Down,-1.12544417701982,0.0183738834104813
2926,Esrrg,Visium,Kidney,Down,-0.635482760745345,0.0184846973310692
2927,Abca7,Visium,Kidney,Up,0.515769287957568,0.0184846973310692
2928,Mical1,Visium,Kidney,Up,0.918156543457854,0.0185101065054198
2929,Rhbdf2,Visium,Kidney,Up,0.490133961453998,0.0185101065054198
2930,Camk1g,Visium,Kidney,Down,-1.63908567592334,0.0185303524634686
2931,Ttc22,Visium,Kidney,Down,-0.895513308304932,0.0185324725302142
2932,Ccdc58,Visium,Kidney,Down,-0.578816405194102,0.018555158073579
2933,Acvrl1,Visium,Kidney,Up,0.744991584334185,0.0186649752860584
2934,Cacnb3,Visium,Kidney,Up,0.771286778096972,0.018687148756362
2935,Gm10658,Visium,Kidney,Down,-0.9847765458063,0.0187867266483874
2936,Masp1,Visium,Kidney,Up,1.17121727800455,0.0188483852320904
2937,Cpn1,Visium,Kidney,Down,-0.96554341943145,0.0188802087914405
2938,A930017K11Rik,Visium,Kidney,Down,-1.06963352636587,0.0188986429700773
2939,Ifi211,Visium,Kidney,Up,1.77010930552014,0.0188986429700773
2940,Capns1,Visium,Kidney,Up,0.448024235795822,0.0189094372476427
2941,Cdkn1c,Visium,Kidney,Up,0.959337438299663,0.018909601190687
2942,Ngf,Visium,Kidney,Up,1.01431887066954,0.018909601190687
2943,Gm39469,Visium,Kidney,Down,-1.01406617586091,0.0189236542358131
2944,Trpm6,Visium,Kidney,Down,-0.821217379442747,0.01895400675676
2945,Acss1,Visium,Kidney,Down,-0.949749128495899,0.0189613578071052
2946,Dync1h1,Visium,Kidney,Up,0.441995457660746,0.0189613578071052
2947,Setd4,Visium,Kidney,Up,0.954142581433092,0.018971698971244
2948,Npy,Visium,Kidney,Up,1.75323515223764,0.0191682352010117
2949,Defb42,Visium,Kidney,Up,1.05978972906422,0.0191682352010117
2950,Npdc1,Visium,Kidney,Up,0.65214872369613,0.0191682352010117
2951,AW209491,Visium,Kidney,Down,-0.496854891113657,0.0191682352010117
2952,Pigz,Visium,Kidney,Up,0.822252389553534,0.0191972460360852
2953,Slc2a2,Visium,Kidney,Down,-0.864704772429605,0.0193106764537909
2954,Haus4,Visium,Kidney,Up,0.472450708424405,0.0194151265559689
2955,Pcp4,Visium,Kidney,Down,-0.882792449522983,0.0194691179531645
2956,Fkbp10,Visium,Kidney,Up,0.88542793684518,0.0194718306582028
2957,Bex4,Visium,Kidney,Down,-1.07720581882832,0.0195090532955981
2958,Scnn1b,Visium,Kidney,Down,-0.670258745756737,0.0196655742999953
2959,Colgalt1,Visium,Kidney,Up,0.594209163952047,0.0197176416127955
2960,Rims2,Visium,Kidney,Down,-0.742426723296312,0.019739386134314
2961,Tmem39b,Visium,Kidney,Down,-0.611811259218846,0.019739386134314
2962,Cracr2b,Visium,Kidney,Up,0.588257699195618,0.0197414324382066
2963,Whrn,Visium,Kidney,Down,-0.818500652245352,0.0197414324382066
2964,Fbxo40,Visium,Kidney,Down,-0.786555415635453,0.0197414324382066
2965,Cyp2u1,Visium,Kidney,Down,-0.553628197282694,0.0197488673865385
2966,Klk1b24,Visium,Kidney,Down,-1.03421428504926,0.0197488673865385
2967,Mtg2,Visium,Kidney,Down,-0.501385539924824,0.0198804658356351
2968,Fkbp11,Visium,Kidney,Down,-0.709628900092885,0.0201153557514386
2969,Jak3,Visium,Kidney,Up,0.720373002222171,0.020199797237281
2970,Itga1,Visium,Kidney,Up,0.406436018552941,0.0202422674951132
2971,Pfn4,Visium,Kidney,Down,-1.06939274096417,0.0202719257560935
2972,Ubash3b,Visium,Kidney,Up,0.883205886596595,0.0203586506833199
2973,Tmem71,Visium,Kidney,Up,1.31912272437045,0.0204215133519466
2974,Oxsm,Visium,Kidney,Down,-0.469123507585063,0.0205034738025747
2975,Svep1,Visium,Kidney,Up,1.00434467066304,0.020513701261395
2976,Fgf2,Visium,Kidney,Up,1.29530915195712,0.0205689034114074
2977,Dagla,Visium,Kidney,Down,-0.806874968030142,0.0205689034114074
2978,Lhfp,Visium,Kidney,Up,0.957625393184863,0.0205689034114074
2979,Gm3448,Visium,Kidney,Down,-1.0065513196348,0.0206578701235205
2980,Slc4a11,Visium,Kidney,Up,2.07151922684739,0.0207513552912013
2981,Gpsm1,Visium,Kidney,Up,0.662182425493896,0.0207597225167898
2982,Mkln1os,Visium,Kidney,Down,-1.17278472110012,0.0207597225167898
2983,Trp53i11,Visium,Kidney,Up,0.839073796578248,0.0208016872549462
2984,Pdia5,Visium,Kidney,Down,-0.558483525694419,0.0209084043621284
2985,Kctd10,Visium,Kidney,Up,0.615737578137246,0.0209200123052234
2986,Sh3bp1,Visium,Kidney,Up,0.602323024274315,0.020926311604187
2987,Sgms2,Visium,Kidney,Down,-0.572697608171486,0.0209523146335727
2988,Stab2,Visium,Kidney,Down,-1.11102081435559,0.0210152261216587
2989,Cox6a2,Visium,Kidney,Down,-1.19605029078555,0.0210294401455556
2990,Fstl1,Visium,Kidney,Up,0.810757752315701,0.0212489162653688
2991,Cmtm7,Visium,Kidney,Up,0.569260351000595,0.0213016301653483
2992,Lix1,Visium,Kidney,Down,-0.91247227403052,0.0213349781984441
2993,Pkm,Visium,Kidney,Up,0.511676958702665,0.0214080169180451
2994,Ptpre,Visium,Kidney,Up,1.34319182755586,0.0214752234210423
2995,Plxdc1,Visium,Kidney,Up,0.941779197717205,0.0215019775158165
2996,Hsd11b2,Visium,Kidney,Down,-0.839519362575225,0.0215638730862554
2997,Fkbp5,Visium,Kidney,Up,0.632343981388742,0.0215724902952029
2998,Gm47889,Visium,Kidney,Down,-1.4591544782561,0.0215724902952029
2999,Cdca8,Visium,Kidney,Up,1.05532779341255,0.0215736705713735
3000,Sdk2,Visium,Kidney,Up,1.63263115458135,0.021636530801586
3001,Vwf,Visium,Kidney,Up,1.56023060799295,0.0216519813664887
3002,Spock3,Visium,Kidney,Down,-1.4457805298688,0.0216594134130731
3003,Tefm,Visium,Kidney,Down,-0.443156831228218,0.021714456573271
3004,Limd2,Visium,Kidney,Up,0.823096346701408,0.0218244876577369
3005,Tmem119,Visium,Kidney,Up,0.708126290388787,0.0219629977348438
3006,Ldah,Visium,Kidney,Down,-0.446192263631954,0.0220508668090722
3007,Grn,Visium,Kidney,Up,0.527378231973292,0.0221224685693723
3008,Atp13a4,Visium,Kidney,Down,-0.849248679538039,0.0221224685693723
3009,Gm26881,Visium,Kidney,Down,-0.648780174720432,0.0221650533590254
3010,Mmp23,Visium,Kidney,Up,0.905861018449745,0.0221650533590254
3011,Gm16006,Visium,Kidney,Down,-1.06177150126264,0.0221916119079566
3012,Kcnj10,Visium,Kidney,Down,-0.57849075149278,0.0222917668206978
3013,Tfb1m,Visium,Kidney,Down,-0.720161599378003,0.0222917668206978
3014,Sp5,Visium,Kidney,Down,-0.630570045065361,0.0222974647490238
3015,Chac1,Visium,Kidney,Up,0.881803822716641,0.0223913880750691
3016,Hoxd3os1,Visium,Kidney,Down,-0.719444440244979,0.0223989886736705
3017,Adamts10,Visium,Kidney,Up,0.866285760869168,0.0224239363694546
3018,Kcnn1,Visium,Kidney,Down,-0.753289664793117,0.0224423643585506
3019,AI661453,Visium,Kidney,Down,-0.554517929039262,0.022476953290268
3020,Wnt4,Visium,Kidney,Up,1.19469158732514,0.0228553041425936
3021,Flnc,Visium,Kidney,Up,1.47773729093974,0.022881702573441
3022,Tmem160,Visium,Kidney,Up,0.462185574583098,0.0228877413719296
3023,Lyz1,Visium,Kidney,Up,2.00828907954836,0.0229500660925167
3024,Cttnbp2,Visium,Kidney,Down,-0.805580427502283,0.0230061600953347
3025,Mndal,Visium,Kidney,Up,0.873186904177465,0.0230546885595547
3026,Cyp2d26,Visium,Kidney,Down,-0.960479047953233,0.0230835807421128
3027,Des,Visium,Kidney,Up,0.780031793777652,0.023246209943334
3028,Slc16a11,Visium,Kidney,Down,-0.44587199806238,0.0232911226282779
3029,Agrn,Visium,Kidney,Up,0.563670444250179,0.0233168806478691
3030,Mlkl,Visium,Kidney,Up,0.820931012228316,0.0234569587080356
3031,Bst1,Visium,Kidney,Up,1.15204597740145,0.0234569587080356
3032,Ggt7,Visium,Kidney,Up,1.12421378388753,0.0234598708885219
3033,Tspan18,Visium,Kidney,Down,-0.538946163426696,0.0234848951125485
3034,Rhoc,Visium,Kidney,Up,0.525740379661905,0.0235244155668666
3035,Apobr,Visium,Kidney,Up,1.20801562194205,0.0235244155668666
3036,Cald1,Visium,Kidney,Up,0.995128151894005,0.0235638814853353
3037,Guca1a,Visium,Kidney,Up,1.06057732217665,0.0237324275386421
3038,Anks4b,Visium,Kidney,Down,-0.537506169817442,0.0237904372030638
3039,S100a9,Visium,Kidney,Up,1.4666411737747,0.0237904372030638
3040,Iqcg,Visium,Kidney,Down,-0.943673476823864,0.0238199635983966
3041,Notch3,Visium,Kidney,Up,0.679531309027074,0.0238669776732265
3042,Emc10,Visium,Kidney,Up,0.495865974610375,0.0239190573276868
3043,Hsd3b2,Visium,Kidney,Down,-0.671269382703386,0.0239213140770394
3044,Cxcr4,Visium,Kidney,Up,1.1927288418229,0.0239315316470071
3045,Eif2b1,Visium,Kidney,Down,-0.481878309606235,0.0239315316470071
3046,Rasa3,Visium,Kidney,Up,0.925411564153655,0.0239333860810571
3047,Ccdc106,Visium,Kidney,Up,0.670492361546433,0.0239537650114845
3048,Gm10053,Visium,Kidney,Down,-0.922607625334322,0.0240359849302502
3049,Mtrf1l,Visium,Kidney,Down,-0.49187775850931,0.0240730005753668
3050,Mxra7,Visium,Kidney,Up,0.792607255443642,0.024125387585145
3051,Nr4a1,Visium,Kidney,Up,0.694003962766319,0.0241272152618308
3052,Grk6,Visium,Kidney,Up,0.51258695578332,0.0242294505586348
3053,Spata33,Visium,Kidney,Down,-0.800038348930207,0.0242294505586348
3054,Serpinh1,Visium,Kidney,Up,0.443746646097923,0.0243246648675317
3055,Vstm4,Visium,Kidney,Up,0.627291951834952,0.0244999028090038
3056,Mycl,Visium,Kidney,Up,0.923912163499092,0.0245690422755689
3057,Angpt1,Visium,Kidney,Down,-0.714030233920181,0.0246205927643143
3058,Gramd1a,Visium,Kidney,Up,0.454931084126924,0.0247063136146761
3059,C330002G04Rik,Visium,Kidney,Down,-0.856232579562708,0.0247063136146761
3060,Pcolce,Visium,Kidney,Up,0.534908552621663,0.0247099087364225
3061,Fdps,Visium,Kidney,Down,-0.496688116202269,0.0247244483316522
3062,Usp35,Visium,Kidney,Up,1.01495843027973,0.0247848013636858
3063,Gatsl2,Visium,Kidney,Down,-0.561062643652997,0.0247984111676785
3064,Akr1c19,Visium,Kidney,Down,-0.657090456613269,0.0249129639550672
3065,Wtip,Visium,Kidney,Up,0.420570023617837,0.0249129639550672
3066,Cox16,Visium,Kidney,Down,-0.635018510921259,0.0249311636189496
3067,Txnip,Visium,Kidney,Up,0.882308496011958,0.0249311636189496
3068,Proser2,Visium,Kidney,Up,1.16827284231123,0.0249311636189496
3069,Akap12,Visium,Kidney,Up,1.17960922885419,0.0249311636189496
3070,Col6a5,Visium,Kidney,Up,2.06413084312013,0.0249311636189496
3071,D830035M03Rik,Visium,Kidney,Down,-1.02402676065911,0.0249311636189496
3072,Fabp1,Visium,Kidney,Up,0.988619989811816,0.0251633843908984
3073,F13a1,Visium,Kidney,Up,1.75835919650899,0.025182600337941
3074,Pkn3,Visium,Kidney,Up,0.93880148757489,0.0252146424515649
3075,Alg2,Visium,Kidney,Down,-0.580702747392092,0.0253019565359271
3076,Mmaa,Visium,Kidney,Down,-0.498612604368495,0.0253477061658812
3077,Dock11,Visium,Kidney,Up,1.08145417442134,0.0253568771986892
3078,Pygl,Visium,Kidney,Down,-1.02263036172421,0.0253568771986892
3079,Clec2d,Visium,Kidney,Up,0.511577768254134,0.0253739726132574
3080,Impa2,Visium,Kidney,Down,-0.473744644572274,0.0254028085816479
3081,Dus4l,Visium,Kidney,Down,-0.630955395592792,0.0254519149592827
3082,Gca,Visium,Kidney,Down,-0.504671122137143,0.0255606189302537
3083,Scamp5,Visium,Kidney,Down,-0.514344879210455,0.0255731850858683
3084,Fam136a,Visium,Kidney,Down,-0.52916442049758,0.025671498334456
3085,Stap2,Visium,Kidney,Up,0.587309538484868,0.0257159098135797
3086,Grtp1,Visium,Kidney,Down,-0.674264821445475,0.0257159098135797
3087,Pla2g15,Visium,Kidney,Up,0.750822529877769,0.0258228143009584
3088,Tmem158,Visium,Kidney,Up,0.900078254999412,0.0259247175766332
3089,Yae1d1,Visium,Kidney,Down,-0.43285910405806,0.0259449985279051
3090,Slit3,Visium,Kidney,Up,0.977785213847093,0.0259449985279051
3091,Ildr2,Visium,Kidney,Down,-0.925912906569795,0.026071532853833
3092,N6amt1,Visium,Kidney,Down,-0.522936168203762,0.026135219042039
3093,Slco2b1,Visium,Kidney,Up,0.610984049386262,0.026135219042039
3094,Id3,Visium,Kidney,Up,0.566746451678746,0.026175135365376
3095,Zkscan5,Visium,Kidney,Down,-0.477429868781902,0.0262374887452151
3096,5033417F24Rik,Visium,Kidney,Down,-0.851086540779946,0.0262374887452151
3097,Btg1,Visium,Kidney,Up,0.690270091848607,0.0263118128619542
3098,Sfxn5,Visium,Kidney,Down,-0.53688396848568,0.0263118128619542
3099,Arap1,Visium,Kidney,Up,0.536204184779098,0.0263430862179139
3100,Chst12,Visium,Kidney,Up,0.954869513013295,0.0263430862179139
3101,S1pr2,Visium,Kidney,Up,0.929684549296665,0.0263663086423505
3102,Ache,Visium,Kidney,Up,0.965918444783144,0.0264266742498218
3103,Prrx2,Visium,Kidney,Up,0.80567210951091,0.0264266742498218
3104,Ltbp4,Visium,Kidney,Up,0.540163714835945,0.0264689982435356
3105,Gpr35,Visium,Kidney,Up,1.19845705089795,0.0266766227738819
3106,Marcksl1,Visium,Kidney,Up,0.75729779520771,0.0268204980684628
3107,Col12a1,Visium,Kidney,Up,1.37206105715122,0.026830135104932
3108,Clec9a,Visium,Kidney,Up,1.09613871205082,0.026830135104932
3109,Gm39228,Visium,Kidney,Down,-1.26173488547187,0.026830135104932
3110,Amt,Visium,Kidney,Down,-0.476476337388346,0.026830135104932
3111,Gm15241,Visium,Kidney,Down,-0.949850041005736,0.026830135104932
3112,Mthfsl,Visium,Kidney,Down,-0.471666981560996,0.0268736743770074
3113,Gatm,Visium,Kidney,Down,-1.02350745084673,0.0268854500459225
3114,Greb1l,Visium,Kidney,Down,-0.942511209991532,0.0269823905448821
3115,Oma1,Visium,Kidney,Down,-0.451495240248812,0.0270585541442423
3116,I830077J02Rik,Visium,Kidney,Up,1.11351164465157,0.0270972815865492
3117,Pdgfra,Visium,Kidney,Up,1.06575872075702,0.027198896181657
3118,Ksr2,Visium,Kidney,Down,-0.85292707834467,0.0272728300439168
3119,Esyt1,Visium,Kidney,Up,0.679347094782927,0.0272728300439168
3120,Zfp961,Visium,Kidney,Down,-0.507209753077038,0.0274290687027178
3121,1190007I07Rik,Visium,Kidney,Down,-0.636741528573495,0.0274323420928994
3122,Rasgef1b,Visium,Kidney,Up,0.733528088701299,0.0275029112273345
3123,Nxpe4,Visium,Kidney,Up,0.957369129533361,0.0275273811800485
3124,Fmod,Visium,Kidney,Up,0.711181111851462,0.0276117605251452
3125,Zfp827,Visium,Kidney,Down,-0.611102661119644,0.0276302950586032
3126,1700088E04Rik,Visium,Kidney,Down,-0.55231099572197,0.0276401550358702
3127,Slc22a17,Visium,Kidney,Down,-0.483639165397568,0.0278032100523709
3128,Gm11837,Visium,Kidney,Down,-0.902831276434742,0.0278356166795971
3129,Rars2,Visium,Kidney,Down,-0.452514259184734,0.0280755738172775
3130,Gm5524,Visium,Kidney,Down,-0.808625635223161,0.0281774953706845
3131,Alg12,Visium,Kidney,Down,-0.652990200000597,0.0281774953706845
3132,Nr2f2,Visium,Kidney,Up,0.535969998973875,0.0282089862083594
3133,Gpsm2,Visium,Kidney,Down,-0.718600463697281,0.0282444846465088
3134,Pde9a,Visium,Kidney,Down,-0.490715936861449,0.0283017503328841
3135,Mecomos,Visium,Kidney,Down,-0.534740205288129,0.0285434273311132
3136,Jpx,Visium,Kidney,Down,-0.598302863381865,0.0285434273311132
3137,Ptgis,Visium,Kidney,Up,0.746688123340324,0.0285855414592039
3138,Ptp4a3,Visium,Kidney,Up,0.60022045329916,0.0286911734823309
3139,Apoa2,Visium,Kidney,Down,-0.626332495181097,0.0286911734823309
3140,Cpne4,Visium,Kidney,Down,-1.16495815498953,0.0286911734823309
3141,Sgk1,Visium,Kidney,Up,0.646779296382516,0.0287702848448698
3142,Sox6,Visium,Kidney,Down,-0.547668080589431,0.028981808123467
3143,Epha3,Visium,Kidney,Up,1.42680849439799,0.0290011833587171
3144,Tmem215,Visium,Kidney,Up,1.13762869462069,0.0290011833587171
3145,Slc25a34,Visium,Kidney,Down,-0.770745733234077,0.0290334640236598
3146,Gm13075,Visium,Kidney,Down,-0.921137648960413,0.0290377820137809
3147,Fam210a,Visium,Kidney,Down,-0.586945899247485,0.0290644988537164
3148,Folh1,Visium,Kidney,Down,-1.16184919319322,0.0290888006132354
3149,Apol9b,Visium,Kidney,Up,0.769858583580978,0.0291040387280089
3150,Tmbim1,Visium,Kidney,Up,0.506570914429681,0.0292434211288174
3151,Ptch2,Visium,Kidney,Up,1.01837538207547,0.0293802598550709
3152,Hspb11,Visium,Kidney,Down,-0.438900746320642,0.0293802598550709
3153,Epb41l3,Visium,Kidney,Down,-0.937626544075833,0.0294501976140599
3154,Acot6,Visium,Kidney,Down,-0.598595917879771,0.0294501976140599
3155,Akap7,Visium,Kidney,Down,-0.459173180603224,0.0294501976140599
3156,Nisch,Visium,Kidney,Up,0.513598065677842,0.0294630722075609
3157,Tbc1d8,Visium,Kidney,Up,0.698717415854902,0.0294630722075609
3158,Poli,Visium,Kidney,Down,-0.612303118780784,0.0294879612548236
3159,Gm43672,Visium,Kidney,Down,-0.537990103304077,0.0294879612548236
3160,Ifit1,Visium,Kidney,Up,1.01995822417969,0.0294879612548236
3161,Plbd1,Visium,Kidney,Up,0.686950034755351,0.0294986167285298
3162,Scn4b,Visium,Kidney,Down,-0.872167676636855,0.0294986167285298
3163,Dhh,Visium,Kidney,Up,1.13220786188185,0.0296698272870119
3164,Nol3,Visium,Kidney,Down,-0.39989243448952,0.0296698272870119
3165,0610006L08Rik,Visium,Kidney,Down,-0.756062240594358,0.0297810786208907
3166,Neurl3,Visium,Kidney,Up,0.968161533640342,0.0297810786208907
3167,Tubb6,Visium,Kidney,Up,0.847781766391696,0.0297884553333504
3168,Vcl,Visium,Kidney,Up,0.70158574089369,0.0298371699403252
3169,Nov,Visium,Kidney,Up,1.4233597061484,0.0298371699403252
3170,Plec,Visium,Kidney,Up,0.671657573420616,0.0298468747719954
3171,Rnf213,Visium,Kidney,Up,0.651351640198924,0.0298612358571498
3172,Lrrc14b,Visium,Kidney,Down,-0.69535783575369,0.029870327563845
3173,Sdccag8,Visium,Kidney,Down,-0.513515403539957,0.0300716267019806
3174,Nes,Visium,Kidney,Up,1.09118360113958,0.0300808079026108
3175,Zfp973,Visium,Kidney,Down,-0.917406970536253,0.0300826230775216
3176,Mgst1,Visium,Kidney,Down,-0.447112599678918,0.0300995431076938
3177,Slc12a4,Visium,Kidney,Up,0.564310582998319,0.0301539701221522
3178,Parp14,Visium,Kidney,Up,0.615847886654942,0.0301539701221522
3179,Slc22a30,Visium,Kidney,Down,-1.67232309820323,0.0301872816757085
3180,Nat8f4,Visium,Kidney,Down,-0.626815183130821,0.0302940146779169
3181,Mrps27,Visium,Kidney,Down,-0.505349247162928,0.0302940146779169
3182,Dusp9,Visium,Kidney,Down,-0.804711511422714,0.0302940146779169
3183,Tvp23a,Visium,Kidney,Up,1.24648211903232,0.0302996935121428
3184,Miox,Visium,Kidney,Down,-1.12126889367963,0.0303403506208385
3185,Gm13262,Visium,Kidney,Down,-1.04056847448872,0.0303813317715009
3186,Mylk,Visium,Kidney,Up,0.627835171010896,0.030417673376928
3187,Slc16a1,Visium,Kidney,Down,-1.04921548387306,0.0304204455971181
3188,D030045P18Rik,Visium,Kidney,Up,1.71848784076332,0.0304204455971181
3189,Ccdc80,Visium,Kidney,Up,1.01726771479832,0.0305663030083821
3190,Nr1h4,Visium,Kidney,Down,-0.647481452237141,0.0305700859339156
3191,Dolk,Visium,Kidney,Down,-0.483531371001121,0.0306009590780714
3192,Ccni,Visium,Kidney,Up,0.407857008881056,0.0306777175576445
3193,Banp,Visium,Kidney,Up,0.481397902470024,0.0307483594998414
3194,Acot3,Visium,Kidney,Down,-0.849521821154724,0.030796230755772
3195,Mall,Visium,Kidney,Up,1.12545940015446,0.030796230755772
3196,Sfta2,Visium,Kidney,Down,-0.723017548815851,0.030796230755772
3197,Mocs1,Visium,Kidney,Down,-0.410580582230321,0.030796230755772
3198,Sult1c2,Visium,Kidney,Down,-0.770132810677688,0.0308010762636881
3199,Ears2,Visium,Kidney,Down,-0.540599752535428,0.0308290235455578
3200,Arrdc1,Visium,Kidney,Up,0.672394476332471,0.0310234580278551
3201,5430402O13Rik,Visium,Kidney,Down,-1.05230626730736,0.0310234580278551
3202,Sowaha,Visium,Kidney,Down,-0.703228446540318,0.0310234580278551
3203,9330020H09Rik,Visium,Kidney,Down,-0.637046993493129,0.03115109631761
3204,Bri3bp,Visium,Kidney,Down,-0.415784625031096,0.0312033435328677
3205,Cndp1,Visium,Kidney,Down,-0.967777338925966,0.0312033435328677
3206,Kcnip2,Visium,Kidney,Down,-0.908689050474689,0.0312671877262052
3207,Nlgn2,Visium,Kidney,Up,0.908083862958798,0.0313788313237133
3208,Prima1,Visium,Kidney,Down,-0.838545220487045,0.0314020966189354
3209,Abhd3,Visium,Kidney,Down,-0.789838766918103,0.0314456242994411
3210,Gbe1,Visium,Kidney,Down,-0.461340406705622,0.0314567035325085
3211,Rreb1,Visium,Kidney,Down,-0.457284958433686,0.0314995190335514
3212,Tpbgl,Visium,Kidney,Up,0.791268271996144,0.0318621121147941
3213,Itgb3,Visium,Kidney,Up,1.14818546165819,0.0319032185183953
3214,Mbnl1,Visium,Kidney,Up,0.545023745273607,0.0319032185183953
3215,Sfrp5,Visium,Kidney,Up,1.47957229248652,0.0319032185183953
3216,Prdm9,Visium,Kidney,Down,-0.616672555623852,0.0319032185183953
3217,Gm15417,Visium,Kidney,Down,-0.616565959371989,0.0319032185183953
3218,Rap2b,Visium,Kidney,Up,0.91553064390282,0.0319032884576132
3219,Bnip2,Visium,Kidney,Up,0.576144666160134,0.0319234921034559
3220,Pir,Visium,Kidney,Up,0.973937418410257,0.0319234921034559
3221,Pea15a,Visium,Kidney,Up,0.675956548131118,0.031986597032327
3222,Sh3tc1,Visium,Kidney,Down,-0.452000637699494,0.031986597032327
3223,Ube2cbp,Visium,Kidney,Down,-0.702753437010083,0.0320812382887505
3224,Samhd1,Visium,Kidney,Up,0.794581683015702,0.0320870443468599
3225,Nat8f2,Visium,Kidney,Down,-0.79858436802706,0.0321557424233199
3226,Stau2,Visium,Kidney,Down,-0.399981205650948,0.0321646315246769
3227,Col5a1,Visium,Kidney,Up,0.950061583990206,0.0321646315246769
3228,Gm4950,Visium,Kidney,Down,-0.902704516266016,0.0321646315246769
3229,Abcd4,Visium,Kidney,Down,-0.720609754891217,0.0322186639044037
3230,Rasgrp2,Visium,Kidney,Up,0.486917637699625,0.032228424136227
3231,Plekhg2,Visium,Kidney,Up,0.627800506112979,0.032228424136227
3232,Soga1,Visium,Kidney,Up,0.877640921652134,0.0322386269160776
3233,Zdhhc24,Visium,Kidney,Down,-0.565166086933382,0.0322386269160776
3234,Paqr7,Visium,Kidney,Down,-0.506145674943156,0.0322978342285926
3235,Dkk3,Visium,Kidney,Up,0.809198652843855,0.0323395063125434
3236,Sptlc3,Visium,Kidney,Down,-1.00694143603277,0.0323807244006055
3237,Cdkl1,Visium,Kidney,Down,-0.816320337011794,0.0325325289807799
3238,Nfkb1,Visium,Kidney,Up,0.656875624361445,0.0326067299523618
3239,Cyp2d9,Visium,Kidney,Up,1.76100224683871,0.0330714828451893
3240,Rassf2,Visium,Kidney,Up,1.14115295079841,0.0334532024742144
3241,H3f3b,Visium,Kidney,Up,0.433580175533531,0.0334580248836398
3242,Trim13,Visium,Kidney,Down,-0.619813555929978,0.0335812972063388
3243,Wbp1l,Visium,Kidney,Up,0.379189440268101,0.0335812972063388
3244,Rem1,Visium,Kidney,Up,0.739810578207421,0.0336954163336221
3245,Cyb5rl,Visium,Kidney,Down,-0.492716055610295,0.033742082186866
3246,Foxred1,Visium,Kidney,Down,-0.477613213649696,0.0337448197319688
3247,Ormdl1,Visium,Kidney,Down,-0.43008410856954,0.0337791488739922
3248,Asb2,Visium,Kidney,Up,0.827343854289638,0.0340076693765862
3249,Dsc2,Visium,Kidney,Down,-1.22108915585362,0.0340193867617587
3250,Stam,Visium,Kidney,Down,-0.392749474975246,0.0342211457240533
3251,Inmt,Visium,Kidney,Down,-1.3545033517536,0.0342223979764796
3252,Metap1d,Visium,Kidney,Down,-0.473439874752925,0.0342511315449716
3253,Ccser2,Visium,Kidney,Down,-0.537778743083319,0.0342945456337862
3254,Idh1,Visium,Kidney,Down,-0.922890679836369,0.0344155255922892
3255,Pknox2,Visium,Kidney,Up,0.639807631851231,0.034455716166305
3256,Slc25a47,Visium,Kidney,Down,-0.571701294267324,0.0346329393263829
3257,Halr1,Visium,Kidney,Down,-0.920756522746162,0.0346444540267286
3258,Vgll3,Visium,Kidney,Up,0.975620676759653,0.0346986170337536
3259,Gm43254,Visium,Kidney,Down,-0.762902399125739,0.0347563825926087
3260,Gm11127,Visium,Kidney,Down,-0.89839479273094,0.0348691709614486
3261,Hoxb5os,Visium,Kidney,Down,-0.68028492793518,0.0349012321298079
3262,Fam229b,Visium,Kidney,Down,-0.544645645602005,0.0350860015233925
3263,A230065N10Rik,Visium,Kidney,Down,-0.819608561386291,0.0350948968846453
3264,Inf2,Visium,Kidney,Up,0.901645301163899,0.0350962734042661
3265,Klf5,Visium,Kidney,Up,1.37384086743766,0.0351218990346537
3266,Larp6,Visium,Kidney,Up,1.07014284982732,0.0351218990346537
3267,Sema3f,Visium,Kidney,Up,0.694111704746036,0.0351218990346537
3268,BC017643,Visium,Kidney,Up,0.517228832905402,0.0352694446364207
3269,Fam189b,Visium,Kidney,Up,0.766920574042,0.0353175115886679
3270,Nacc2,Visium,Kidney,Down,-0.416017341819594,0.035387540413549
3271,Mmd,Visium,Kidney,Up,0.597515136733718,0.0354384797689551
3272,Cryl1,Visium,Kidney,Down,-0.644118244312771,0.0354384797689551
3273,Ripk3,Visium,Kidney,Up,1.21290362922493,0.0354384797689551
3274,Parp8,Visium,Kidney,Up,0.586177990309732,0.0354648259517528
3275,Myo19,Visium,Kidney,Down,-0.531307848225217,0.0355300210934334
3276,Chic1,Visium,Kidney,Down,-0.791326389128725,0.035534746096393
3277,Fcmr,Visium,Kidney,Down,-1.09435291388453,0.0355438842156405
3278,Il18,Visium,Kidney,Up,0.930393730796444,0.0356265441958806
3279,Tax1bp3,Visium,Kidney,Up,0.391145300994209,0.0356265441958806
3280,Tbx2,Visium,Kidney,Down,-0.656358702371621,0.0356265441958806
3281,Tomm34,Visium,Kidney,Up,0.375035129484688,0.035702595700968
3282,Acot11,Visium,Kidney,Down,-0.490862813408971,0.0358715352969637
3283,Gnb2,Visium,Kidney,Up,0.41644273897241,0.0358715352969637
3284,Dpt,Visium,Kidney,Up,1.46268881552289,0.0358715352969637
3285,Kcnq1,Visium,Kidney,Down,-0.605058727594323,0.0358715352969637
3286,Arpc5,Visium,Kidney,Up,0.420980685201203,0.0358715352969637
3287,Cd7,Visium,Kidney,Up,0.869490516858405,0.0358977003574348
3288,Gda,Visium,Kidney,Up,0.896883751978808,0.0359387113326914
3289,Gpm6b,Visium,Kidney,Up,0.842403911064805,0.0359654996227977
3290,Alpl,Visium,Kidney,Down,-0.887607988595443,0.0359790089343569
3291,Slc25a42,Visium,Kidney,Down,-0.453302922067966,0.0360048310011117
3292,Vat1,Visium,Kidney,Up,0.618254370527792,0.0360048310011117
3293,Isoc1,Visium,Kidney,Down,-0.496753981048529,0.036121433145175
3294,Klc3,Visium,Kidney,Up,0.672629809097962,0.036121433145175
3295,Gm11767,Visium,Kidney,Down,-0.625417280789242,0.036121433145175
3296,Lama3,Visium,Kidney,Down,-0.66171193241204,0.036121433145175
3297,Sparcl1,Visium,Kidney,Up,0.788081202352057,0.0363280426605298
3298,Dynlt1f,Visium,Kidney,Down,-0.623349752600067,0.0363380427502769
3299,Prrt1,Visium,Kidney,Up,0.906358505278148,0.036418124362163
3300,Mreg,Visium,Kidney,Down,-1.18755359836982,0.0364671377935597
3301,Plxnd1,Visium,Kidney,Up,0.609405147291198,0.0366290334280403
3302,Scfd2,Visium,Kidney,Down,-0.512790286199553,0.0366892616775113
3303,Naip2,Visium,Kidney,Up,1.01747551539298,0.0367700543893636
3304,Ap1s2,Visium,Kidney,Up,0.714690595558946,0.0367934146766908
3305,Fam234b,Visium,Kidney,Down,-0.401116297593711,0.0368405392708282
3306,Nhlrc4,Visium,Kidney,Down,-1.47631984641098,0.0368729618180831
3307,Unc119,Visium,Kidney,Up,0.498449781437743,0.0368967564084444
3308,Cdca3,Visium,Kidney,Up,0.89778738048855,0.0368967564084444
3309,Samd14,Visium,Kidney,Up,0.71423093588618,0.0368967564084444
3310,Gm5914,Visium,Kidney,Down,-0.574493941021463,0.0368967564084444
3311,Etfrf1,Visium,Kidney,Down,-0.442185915694187,0.0370146264267086
3312,Vars,Visium,Kidney,Up,0.380286584083516,0.0370146264267086
3313,Cpm,Visium,Kidney,Down,-0.496545286422173,0.0372727144309245
3314,Slc4a4,Visium,Kidney,Down,-0.892213816804205,0.0373700390822411
3315,Mtfp1,Visium,Kidney,Down,-0.512408451655727,0.0374586964340408
3316,Akt3,Visium,Kidney,Up,0.876823618137166,0.0374659897820448
3317,Card14,Visium,Kidney,Down,-0.700804440247325,0.0374777364209179
3318,Gramd3,Visium,Kidney,Down,-0.422575213944952,0.0375780076607596
3319,Chrnb1,Visium,Kidney,Up,0.831174299552138,0.0376998609609333
3320,Gpam,Visium,Kidney,Down,-0.884248633566681,0.0377710186836809
3321,Mrm1,Visium,Kidney,Down,-0.468279568403906,0.0379930964507038
3322,Gna14,Visium,Kidney,Down,-0.686233995398359,0.038003029029944
3323,Syngr2,Visium,Kidney,Up,0.380222941530763,0.0380516048265514
3324,Jam2,Visium,Kidney,Up,0.691727480324087,0.0381411391543086
3325,Fam19a5,Visium,Kidney,Down,-0.502243396038448,0.038294499794927
3326,Col15a1,Visium,Kidney,Up,0.743013298038868,0.0382951601562951
3327,Mvb12a,Visium,Kidney,Up,0.398197383703942,0.038297132750192
3328,Celf2,Visium,Kidney,Up,0.917736754630977,0.0383177880999162
3329,9330136K24Rik,Visium,Kidney,Down,-1.05224796354711,0.0384211782142701
3330,Ankmy2,Visium,Kidney,Down,-0.423976645432277,0.0384581104066823
3331,Ppargc1a,Visium,Kidney,Down,-0.425029636490245,0.0384724664345273
3332,Tpm3,Visium,Kidney,Up,0.465521341937873,0.0385429024944934
3333,Lrrc19,Visium,Kidney,Down,-0.643705751714463,0.0385429024944934
3334,Tpcn1,Visium,Kidney,Down,-0.461298075925379,0.0385713315219093
3335,Zfp629,Visium,Kidney,Down,-0.436808671280468,0.0385850192723213
3336,Cdr2l,Visium,Kidney,Up,0.695260363394067,0.0385850192723213
3337,Nipal3,Visium,Kidney,Down,-0.398466683750811,0.0385943612035323
3338,Dusp1,Visium,Kidney,Up,0.377142575178892,0.0386866738189519
3339,Sox9,Visium,Kidney,Up,1.72549405737168,0.0386866738189519
3340,Pkd2l2,Visium,Kidney,Down,-0.863126546676193,0.0387630051806261
3341,Coro1b,Visium,Kidney,Up,0.399167701565265,0.0387716925588792
3342,Plekha7,Visium,Kidney,Down,-0.497353114028875,0.0387920623321661
3343,Pyurf,Visium,Kidney,Down,-0.594562626173477,0.0388924977960672
3344,Ipp,Visium,Kidney,Down,-0.470420401067559,0.0389583024033991
3345,Cdk18,Visium,Kidney,Down,-0.418705558667879,0.0392232198173736
3346,Tbc1d2b,Visium,Kidney,Up,0.608805963965434,0.0392232198173736
3347,Lgals1,Visium,Kidney,Up,0.929843289312833,0.039258509451211
3348,Cd180,Visium,Kidney,Up,1.02397688614311,0.0393384919369442
3349,Sidt2,Visium,Kidney,Up,0.377336130656484,0.0393394449295277
3350,Klhdc1,Visium,Kidney,Down,-0.741356767214359,0.0393611638508848
3351,Ifit3b,Visium,Kidney,Up,0.849874253347817,0.0393989293099613
3352,Pde10a,Visium,Kidney,Up,1.07922520760175,0.0394695831208692
3353,Lpar2,Visium,Kidney,Down,-0.592951633962656,0.0394695831208692
3354,Gramd1c,Visium,Kidney,Down,-0.604198218536638,0.0394838852688611
3355,Zfp661,Visium,Kidney,Down,-0.560825974223949,0.0395017665674544
3356,Crocc,Visium,Kidney,Down,-0.537246995967316,0.0395017665674544
3357,Ctsz,Visium,Kidney,Up,0.406899528738169,0.0395017665674544
3358,Map3k14,Visium,Kidney,Up,0.673967265802719,0.0395017665674544
3359,Avpr1a,Visium,Kidney,Down,-0.789940861069381,0.0395172064301812
3360,Ttc26,Visium,Kidney,Down,-0.603229381380961,0.039765588212407
3361,Hhex,Visium,Kidney,Up,0.892085444120617,0.039765588212407
3362,Gcat,Visium,Kidney,Down,-0.657281896761021,0.0397910252554525
3363,Mfsd10,Visium,Kidney,Up,0.420299231393153,0.039852135051899
3364,Plk1,Visium,Kidney,Up,1.19348448667169,0.0399009276584173
3365,AL589670.1,Visium,Kidney,Down,-1.29252079225197,0.0399009276584173
3366,Ppargc1b,Visium,Kidney,Down,-0.807858738872842,0.0399414803576971
3367,Klk1b27,Visium,Kidney,Down,-0.942721359895112,0.0399414803576971
3368,Pex3,Visium,Kidney,Down,-0.403326492943621,0.040001532941509
3369,AC110166.2,Visium,Kidney,Down,-1.24487879089608,0.040001532941509
3370,Zfp84,Visium,Kidney,Down,-0.667511265163824,0.0401754323563888
3371,Stx1a,Visium,Kidney,Up,0.931601939793611,0.0402376472726123
3372,Map3k6,Visium,Kidney,Up,0.82018429735883,0.0402458402064682
3373,Scd2,Visium,Kidney,Down,-0.650898016489307,0.0402458402064682
3374,Pdlim2,Visium,Kidney,Up,0.666513180239343,0.0402458402064682
3375,Mfsd9,Visium,Kidney,Down,-0.493662903473187,0.040307407480573
3376,Hist3h2ba,Visium,Kidney,Down,-0.836435299757108,0.040405174321235
3377,Mapk11,Visium,Kidney,Up,0.780061636592293,0.040405174321235
3378,Ccnd1,Visium,Kidney,Up,0.435958784410023,0.0407792657391303
3379,Supv3l1,Visium,Kidney,Down,-0.4132885530195,0.0407792657391303
3380,Ppp1r3b,Visium,Kidney,Down,-1.98292791073743,0.0407792657391303
3381,Sh3bgrl,Visium,Kidney,Up,0.523920679475829,0.0408151499386817
3382,Foxc1,Visium,Kidney,Up,0.722626262731664,0.0410030188166041
3383,BC049352,Visium,Kidney,Down,-1.12069010678611,0.0410030188166041
3384,Dip2c,Visium,Kidney,Down,-0.462973449772117,0.0410030188166041
3385,Rmnd1,Visium,Kidney,Down,-0.452755046530556,0.0410030188166041
3386,C1qtnf2,Visium,Kidney,Down,-0.46452799692765,0.0410030188166041
3387,Scn7a,Visium,Kidney,Up,1.13120677508598,0.0410030188166041
3388,Uroc1,Visium,Kidney,Down,-0.941734319767187,0.0411936218128082
3389,Prune2,Visium,Kidney,Up,1.1778715510039,0.0412157841713611
3390,Clcn6,Visium,Kidney,Down,-0.568312487385624,0.0412473559449998
3391,Ydjc,Visium,Kidney,Down,-0.481795251751276,0.0412473559449998
3392,Cnnm1,Visium,Kidney,Down,-0.75773633016086,0.0413573251587028
3393,Naaa,Visium,Kidney,Up,0.69058605953645,0.0415215698362188
3394,Acta2,Visium,Kidney,Up,0.583643847358644,0.0416270977742732
3395,Gm26825,Visium,Kidney,Down,-1.26329966996631,0.0417211133037309
3396,Rab8b,Visium,Kidney,Up,0.608652468724914,0.0419139483729545
3397,Adm,Visium,Kidney,Up,0.997210089234062,0.0419353248671456
3398,Hoxa9,Visium,Kidney,Down,-0.390714575129702,0.0419713768250659
3399,Ahcyl2,Visium,Kidney,Down,-0.611027684750744,0.0419751467416149
3400,Grap,Visium,Kidney,Up,0.614330623198454,0.0419751467416149
3401,Efna3,Visium,Kidney,Down,-0.904435204054582,0.0422344316052345
3402,Rnf186,Visium,Kidney,Down,-0.820176644041419,0.042296301609261
3403,Mrm3,Visium,Kidney,Down,-0.528751875751555,0.0423136665575287
3404,Tmem252,Visium,Kidney,Up,0.750008804076333,0.0423136665575287
3405,Mettl15,Visium,Kidney,Down,-0.563384601088877,0.0423299568076236
3406,Cerk,Visium,Kidney,Up,0.436006111720716,0.0423784561602041
3407,Poc1a,Visium,Kidney,Down,-0.49629651506744,0.0423940797724078
3408,Top2a,Visium,Kidney,Up,1.3819093139524,0.0426492618954193
3409,5830473C10Rik,Visium,Kidney,Down,-1.05689946869451,0.0427112473325505
3410,Snx25,Visium,Kidney,Down,-0.496208902439912,0.0427112473325505
3411,Cd34,Visium,Kidney,Up,0.655406687977782,0.0427112473325505
3412,AC166995.1,Visium,Kidney,Down,-1.39546698597785,0.0429699283448146
3413,Bmyc,Visium,Kidney,Up,0.485592644810782,0.0430566138333317
3414,Psmg2,Visium,Kidney,Down,-0.380309834954742,0.0430860471826295
3415,Adgrg4,Visium,Kidney,Down,-1.22694117707461,0.043127141452304
3416,Clec1a,Visium,Kidney,Up,0.775429379399573,0.0432378048708613
3417,Cfap126,Visium,Kidney,Down,-0.599161285006882,0.0432378048708613
3418,Capn10,Visium,Kidney,Down,-0.452996855422987,0.0432533069505443
3419,Tprkb,Visium,Kidney,Down,-0.552537993087176,0.0433091392635201
3420,Synj2,Visium,Kidney,Up,1.20658175417158,0.0433452506194195
3421,Rgs5,Visium,Kidney,Up,0.549072446222757,0.0433452506194195
3422,Tsc22d2,Visium,Kidney,Down,-0.48875061312828,0.0435212238994739
3423,Nr3c2,Visium,Kidney,Down,-0.633129985539742,0.0435791615286546
3424,Cenpt,Visium,Kidney,Up,0.656958673119708,0.0436039208544503
3425,Plekhg6,Visium,Kidney,Down,-0.624463522449023,0.0437286528036976
3426,Srek1ip1,Visium,Kidney,Down,-0.426296332524326,0.0437286528036976
3427,Sat2,Visium,Kidney,Down,-0.570637473698062,0.0437286528036976
3428,Scrn3,Visium,Kidney,Down,-0.448616852430105,0.0437286528036976
3429,Tmem64,Visium,Kidney,Down,-0.791943968449351,0.0437286528036976
3430,Il20rb,Visium,Kidney,Up,1.19407297736758,0.0438359537322381
3431,Zfp7,Visium,Kidney,Down,-0.474407972379603,0.0438692297788805
3432,Upk1a,Visium,Kidney,Up,1.84467248658664,0.0438789880449741
3433,Scimp,Visium,Kidney,Up,0.866274172189544,0.0440731066491972
3434,Rilp,Visium,Kidney,Down,-0.49873232583088,0.0441122281897124
3435,Gm17275,Visium,Kidney,Down,-0.902944440944191,0.0441122281897124
3436,Trim63,Visium,Kidney,Down,-0.543743591183049,0.0441122281897124
3437,Gm9844,Visium,Kidney,Up,0.740598764379977,0.0442156294972118
3438,Sbk1,Visium,Kidney,Down,-0.40850450280987,0.0443308677430238
3439,Ctdsp2,Visium,Kidney,Up,0.445775249222894,0.0444741558796486
3440,Gm10732,Visium,Kidney,Down,-1.08535056348491,0.0446495520532927
3441,Muc1,Visium,Kidney,Up,0.849210206604068,0.0446972885027972
3442,Gm14326,Visium,Kidney,Down,-0.846341735754128,0.0447605809921701
3443,Arl4c,Visium,Kidney,Up,1.08058011605481,0.0447990328528716
3444,Rbks,Visium,Kidney,Down,-0.526083552443191,0.0453019943101577
3445,G0s2,Visium,Kidney,Down,-0.713566070270995,0.0455689982889058
3446,Sh3bgrl2,Visium,Kidney,Down,-0.503361582860628,0.04578887602693
3447,Apol9a,Visium,Kidney,Up,0.898235623981876,0.0460734294009276
3448,Nup37,Visium,Kidney,Down,-0.546813136039418,0.0461977910261027
3449,9430037G07Rik,Visium,Kidney,Down,-0.804656534164209,0.0461977910261027
3450,Timmdc1,Visium,Kidney,Down,-0.443101390751627,0.0461977910261027
3451,BC147527,Visium,Kidney,Up,1.21628053465785,0.0463868072419165
3452,Ttc32,Visium,Kidney,Down,-0.528255986884676,0.0464294314086435
3453,Apex2,Visium,Kidney,Down,-0.559505465742744,0.046540129620813
3454,Tmem139,Visium,Kidney,Down,-0.67234858482588,0.0466444127390801
3455,Slc22a27,Visium,Kidney,Down,-0.560492437032392,0.0466589181900261
3456,Proser1,Visium,Kidney,Down,-0.478504240206009,0.0468040290753381
3457,Helz2,Visium,Kidney,Up,0.515997914112387,0.0468333850509998
3458,Bco1,Visium,Kidney,Down,-1.24193684695255,0.0468419596643181
3459,Adra1b,Visium,Kidney,Up,0.802033542321866,0.0469547680646913
3460,Gm7467,Visium,Kidney,Down,-0.794722520401706,0.0470507895139159
3461,Golt1a,Visium,Kidney,Down,-0.65559854595546,0.0470771795527788
3462,Lrrc8d,Visium,Kidney,Down,-0.459514283805224,0.0471651873941859
3463,5033430I15Rik,Visium,Kidney,Down,-0.946824794144957,0.0472687508563288
3464,Dck,Visium,Kidney,Up,1.06126003077315,0.0475033382914338
3465,Msx1,Visium,Kidney,Up,0.90954426794203,0.0475033382914338
3466,Nusap1,Visium,Kidney,Up,1.10833586907681,0.0475229938921325
3467,Jun,Visium,Kidney,Up,0.554913997506261,0.0475363269967075
3468,B4galt2,Visium,Kidney,Up,0.707667229706273,0.0475363269967075
3469,Entpd8,Visium,Kidney,Down,-0.608141417782325,0.0475675012796182
3470,Adam15,Visium,Kidney,Up,0.529938133446476,0.0475675012796182
3471,Gnb1,Visium,Kidney,Up,0.406954741651667,0.0475692078379654
3472,Pdlim1,Visium,Kidney,Up,0.829751845671549,0.047707803708621
3473,Itgb5,Visium,Kidney,Up,0.531611644496427,0.0477911644113342
3474,Prkd2,Visium,Kidney,Up,0.557207658006557,0.0479415608405195
3475,Dgkz,Visium,Kidney,Up,0.360838826392837,0.0479415608405195
3476,Pkn1,Visium,Kidney,Up,0.372480901778924,0.0480647909663481
3477,Pdlim7,Visium,Kidney,Up,0.767864877327115,0.0482367819775761
3478,Mrps22,Visium,Kidney,Down,-0.467118343059156,0.048273270893006
3479,L2hgdh,Visium,Kidney,Down,-0.654916273706082,0.0485150426664806
3480,Gpr182,Visium,Kidney,Up,0.692097309517102,0.0487120562755319
3481,Ppara,Visium,Kidney,Down,-0.862074297701159,0.0489185332067379
3482,Fam49a,Visium,Kidney,Up,0.74446879428892,0.0489185332067379
3483,Tpx2,Visium,Kidney,Up,1.26235979149778,0.0489185332067379
3484,Cutc,Visium,Kidney,Down,-0.431279931280532,0.0489550315822435
3485,Pdss2,Visium,Kidney,Down,-0.514016991242464,0.0491614539732381
3486,Smim8,Visium,Kidney,Down,-0.461094594153564,0.0491802797668484
3487,Gin1,Visium,Kidney,Down,-0.509508728795632,0.0492612989699704
3488,Rtn2,Visium,Kidney,Up,0.887399427968598,0.0492612989699704
3489,Cldn8,Visium,Kidney,Down,-0.642906876774209,0.0493245251183959
3490,Cic,Visium,Kidney,Up,0.379595323263499,0.0493589897190245
3491,Tbc1d19,Visium,Kidney,Down,-0.385690419617632,0.0496001325664674
3492,Cyp4f16,Visium,Kidney,Up,0.526913413217718,0.0496244811773206
3493,Adam19,Visium,Kidney,Up,0.756123363342025,0.0498200103661656
3494,St3gal5,Visium,Kidney,Up,0.806800281774625,0.0498469012144158
3495,Kdelr3,Visium,Kidney,Up,0.813744841652004,0.0498636884089227
3496,Lix1l,Visium,Kidney,Up,0.818590018416368,0.0499264457394102
3497,Fam174b,Visium,Kidney,Up,0.661070135889344,0.0499480671037526
3498,Nrg3,STomics,Kidney,Up,2.83716677607179,4.41457400361017e-06
3499,Kcnip4,STomics,Kidney,Up,2.47589734242078,4.41457400361017e-06
3500,Nrxn1,STomics,Kidney,Up,2.61524173182745,4.41457400361017e-06
3501,Pcdh9,STomics,Kidney,Up,1.34343184808392,4.41457400361017e-06
3502,Bgn,STomics,Kidney,Up,1.25103730811044,4.41457400361017e-06
3503,Hdc,STomics,Kidney,Up,1.90850105803376,4.41457400361017e-06
3504,Fabp7,STomics,Kidney,Down,-2.31482591888994,4.41457400361017e-06
3505,2610528J11Rik,STomics,Kidney,Down,-1.35540546347295,4.59335256020885e-06
3506,Mfrp,STomics,Kidney,Up,1.37388824038659,5.07157010132529e-06
3507,Cmtm6,STomics,Kidney,Down,-1.25006191184113,5.42330713928161e-06
3508,Dlgap1,STomics,Kidney,Up,1.58390173769148,5.42330713928161e-06
3509,C3,STomics,Kidney,Up,1.11571452672921,9.10879049753919e-06
3510,Eps8l2,STomics,Kidney,Up,1.45661548527804,9.10879049753919e-06
3511,Pappa,STomics,Kidney,Up,1.46859184951793,9.10879049753919e-06
3512,Coa6,STomics,Kidney,Down,-1.18638660468601,9.30650426365171e-06
3513,Syt1,STomics,Kidney,Up,2.77782958464051,9.30650426365171e-06
3514,Slc22a26,STomics,Kidney,Down,-2.23139360099846,9.30650426365171e-06
3515,Slc10a2,STomics,Kidney,Down,-1.46254658467857,9.30650426365171e-06
3516,Slc22a28,STomics,Kidney,Down,-3.33283219217739,1.87446841766944e-05
3517,Ugt2b38,STomics,Kidney,Down,-3.97743403016065,2.07953969533603e-05
3518,Adgrb3,STomics,Kidney,Up,1.86350112096834,2.17717892048233e-05
3519,Ctsd,STomics,Kidney,Up,1.16384230619569,2.3526408464675e-05
3520,Capg,STomics,Kidney,Up,1.03941719441436,2.65463205574605e-05
3521,Cadm2,STomics,Kidney,Up,1.33701529052949,2.65463205574605e-05
3522,Klf2,STomics,Kidney,Down,-1.24848354494897,2.65463205574605e-05
3523,Ccl28,STomics,Kidney,Up,1.74005911702691,2.65463205574605e-05
3524,Mcee,STomics,Kidney,Down,-1.15646572593275,3.48578695089618e-05
3525,Gm44503,STomics,Kidney,Up,1.1481964594522,3.48578695089618e-05
3526,Akr1c14,STomics,Kidney,Down,-2.45634635212784,3.48578695089618e-05
3527,Hcls1,STomics,Kidney,Up,1.21800172091555,3.48578695089618e-05
3528,Trub2,STomics,Kidney,Up,1.0717498164728,3.68900365747471e-05
3529,Hoxc10,STomics,Kidney,Down,-1.47240982982227,3.68900365747471e-05
3530,Iscu,STomics,Kidney,Down,-1.15895962274954,4.06333710015742e-05
3531,Higd2a,STomics,Kidney,Down,-1.32738512068482,4.11299127485932e-05
3532,Aqp1,STomics,Kidney,Up,1.3238597952881,4.36983584504088e-05
3533,Supt5,STomics,Kidney,Up,1.0581777582821,5.08411771360736e-05
3534,Cenpx,STomics,Kidney,Down,-0.99967968391818,5.13867716550417e-05
3535,Tcim,STomics,Kidney,Down,-0.90303218624577,5.28995851834457e-05
3536,Gltp,STomics,Kidney,Down,-1.04938749977515,5.28995851834457e-05
3537,Exosc7,STomics,Kidney,Down,-1.21200949141257,5.69905671895102e-05
3538,Dpp10,STomics,Kidney,Up,2.73248360830074,5.91084194145463e-05
3539,Ces2c,STomics,Kidney,Down,-2.23285422589601,5.91084194145463e-05
3540,4930556J24Rik,STomics,Kidney,Up,1.17312857296663,6.00982452954767e-05
3541,Gm10095,STomics,Kidney,Up,1.16873239808391,6.22531838737182e-05
3542,Car2,STomics,Kidney,Down,-0.89460846387561,6.26819846259081e-05
3543,Mat2b,STomics,Kidney,Down,-0.893152083647315,6.26819846259081e-05
3544,4930578G10Rik,STomics,Kidney,Up,1.47337195612727,6.4852689161125e-05
3545,Tufm,STomics,Kidney,Up,0.921330383197864,6.50623834174269e-05
3546,Id3,STomics,Kidney,Down,-1.64201956687728,6.51436617600639e-05
3547,Cetn4,STomics,Kidney,Down,-1.08226446084984,6.64183961904375e-05
3548,Akr1c21,STomics,Kidney,Down,-2.58548961612082,7.10047645353526e-05
3549,Stab1,STomics,Kidney,Up,1.1610568648334,7.10047645353526e-05
3550,Mthfsl,STomics,Kidney,Down,-1.36365427957569,7.10047645353526e-05
3551,Csf1r,STomics,Kidney,Up,1.05716759333338,7.29255898884398e-05
3552,Enpp6,STomics,Kidney,Down,-1.74649895507904,7.30763180636359e-05
3553,Spg7,STomics,Kidney,Up,0.858228908861486,7.30763180636359e-05
3554,Tcf25,STomics,Kidney,Up,0.894058905654077,7.38784751984944e-05
3555,Ly96,STomics,Kidney,Down,-1.516205614727,7.65330585425058e-05
3556,Hspb11,STomics,Kidney,Down,-1.40130716408059,7.65330585425058e-05
3557,Sod2,STomics,Kidney,Down,-0.855318689482657,7.99090482473656e-05
3558,Tiparp,STomics,Kidney,Down,-0.956462569999998,7.99090482473656e-05
3559,H2-Ab1,STomics,Kidney,Up,0.950417367792615,8.72174428593731e-05
3560,Pgrmc1,STomics,Kidney,Down,-0.847276141504078,9.73308467510328e-05
3561,Lrp1b,STomics,Kidney,Up,2.52256080719775,0.0001033713190871
3562,Pde6d,STomics,Kidney,Down,-1.15636216463716,0.0001238747593557
3563,Fzd1,STomics,Kidney,Down,-1.13959202384381,0.0001238747593557
3564,Hoxc6,STomics,Kidney,Down,-1.26233911868144,0.0001238747593557
3565,Tmtc2,STomics,Kidney,Up,1.33250374115462,0.0001238747593557
3566,Gm44386,STomics,Kidney,Down,-1.15922779605873,0.0001238747593557
3567,C4b,STomics,Kidney,Up,1.99227240777496,0.0001238747593557
3568,Prob1,STomics,Kidney,Up,1.09063073569055,0.0001238747593557
3569,Slc4a2,STomics,Kidney,Up,0.816672030350497,0.0001238747593557
3570,Nat8f6,STomics,Kidney,Down,-3.57216738798479,0.0001264894739014
3571,Atp6v0a1,STomics,Kidney,Up,0.819503974629683,0.0001264986756563
3572,Lcn2,STomics,Kidney,Up,3.95512972286639,0.0001264986756563
3573,Id1,STomics,Kidney,Down,-1.58046718119218,0.0001264986756563
3574,Acot2,STomics,Kidney,Down,-1.17555780589619,0.0001278683077736
3575,Prdx4,STomics,Kidney,Down,-0.851836806124352,0.0001279874007423
3576,Akr1c18,STomics,Kidney,Down,-2.43322818970274,0.0001279874007423
3577,Atp6v1g1,STomics,Kidney,Down,-1.10459827921129,0.0001279874007423
3578,Bex4,STomics,Kidney,Down,-1.65591200198471,0.0001279874007423
3579,Adhfe1,STomics,Kidney,Down,-1.44157916076453,0.0001307807302838
3580,Padi2,STomics,Kidney,Up,1.43765037146054,0.0001342504306561
3581,Pter,STomics,Kidney,Down,-1.23631898684974,0.0001344346439017
3582,Osmr,STomics,Kidney,Up,1.27352582194655,0.000137714544015
3583,Man2a2,STomics,Kidney,Up,0.816603742115472,0.0001398486303998
3584,Stx18,STomics,Kidney,Up,0.790503201679904,0.0001398486303998
3585,A330033J07Rik,STomics,Kidney,Up,1.02392754924937,0.0001428653588652
3586,Myo9b,STomics,Kidney,Up,0.798917325435827,0.0001435863340249
3587,Cyth4,STomics,Kidney,Up,1.22412812586765,0.000144929102465
3588,1810059H22Rik,STomics,Kidney,Down,-1.47153586398823,0.0001602027863689
3589,Cmbl,STomics,Kidney,Down,-1.47007334853967,0.0001602027863689
3590,Pkd1,STomics,Kidney,Up,1.09403613444371,0.0001633157488354
3591,Uqcrc2,STomics,Kidney,Down,-1.02212744714511,0.0001633157488354
3592,Mxra7,STomics,Kidney,Up,1.00611123036035,0.0001633157488354
3593,Fam107b,STomics,Kidney,Down,-0.86182549969217,0.0001728442055636
3594,Oxsm,STomics,Kidney,Down,-1.18659004741918,0.0001744626315953
3595,Aebp1,STomics,Kidney,Up,1.04895761583914,0.0001813574329722
3596,Pcbd1,STomics,Kidney,Down,-0.792760417323176,0.0001813574329722
3597,Grid2,STomics,Kidney,Up,2.42366312692847,0.0001842733478753
3598,Hacl1,STomics,Kidney,Down,-1.35112181182017,0.0001957236587387
3599,Gm4013,STomics,Kidney,Down,-0.974880487892401,0.0001974707922433
3600,Mrtfa,STomics,Kidney,Up,0.763041931129326,0.0002079775794856
3601,Ndufb3,STomics,Kidney,Down,-1.17126784721844,0.0002085624901927
3602,Pipox,STomics,Kidney,Down,-1.80789937521385,0.0002095640161474
3603,Smlr1,STomics,Kidney,Down,-0.967722917155635,0.0002095640161474
3604,Cibar1,STomics,Kidney,Down,-0.970943461715816,0.0002229049151641
3605,Slc12a4,STomics,Kidney,Up,0.83625553353866,0.0002308830962734
3606,Dnajc12,STomics,Kidney,Down,-1.75163906970794,0.0002308830962734
3607,Isca2,STomics,Kidney,Down,-1.44741775903581,0.0002308830962734
3608,Map3k14,STomics,Kidney,Up,1.01185627188149,0.0002378030723325
3609,Ak7,STomics,Kidney,Up,1.47084402187768,0.0002476390006816
3610,Adap1,STomics,Kidney,Up,0.971344315627879,0.0002476390006816
3611,Sntg1,STomics,Kidney,Up,1.85352666911507,0.0002514782956229
3612,Shfl,STomics,Kidney,Up,0.875369868248978,0.0002570794938593
3613,Mospd2,STomics,Kidney,Down,-0.815114492383339,0.0002698650218151
3614,Pdzd11,STomics,Kidney,Down,-0.86837410582077,0.0002698650218151
3615,Dbnl,STomics,Kidney,Up,0.772844072501808,0.0002838675892541
3616,Flna,STomics,Kidney,Up,0.851665094055306,0.0003045871559357
3617,D330023K18Rik,STomics,Kidney,Down,-0.995991056132337,0.0003092617654503
3618,Pnp,STomics,Kidney,Down,-0.84927658396437,0.0003131901160434
3619,Myh1,STomics,Kidney,Up,1.17980580945865,0.0003188479731745
3620,Plscr2,STomics,Kidney,Down,-1.30335470538178,0.0003208272588478
3621,Paf1,STomics,Kidney,Up,0.701353534626524,0.000323214957362
3622,Cebpa,STomics,Kidney,Down,-0.980018300578889,0.0003331007643152
3623,Tst,STomics,Kidney,Down,-1.0788451889304,0.0003385808886087
3624,Atp23,STomics,Kidney,Down,-1.22407958992029,0.000343599034748
3625,Vwf,STomics,Kidney,Up,1.7006696291597,0.0003461844147538
3626,Dleu7,STomics,Kidney,Down,-2.60095703261783,0.0003461844147538
3627,Pkm,STomics,Kidney,Up,1.28090637766767,0.0003461844147538
3628,Inpp5a,STomics,Kidney,Up,0.80718258712232,0.0003493958656334
3629,Bop1,STomics,Kidney,Up,0.947681753365589,0.0003493958656334
3630,Slc16a2,STomics,Kidney,Down,-0.967350294114577,0.0003574252785479
3631,Wbp1l,STomics,Kidney,Up,0.724084204460454,0.0003578542318715
3632,Atp6v1a,STomics,Kidney,Down,-0.725899931471693,0.000376312989032
3633,Smpdl3a,STomics,Kidney,Down,-0.89605137475141,0.000376312989032
3634,Sgta,STomics,Kidney,Up,0.869278008916346,0.000376312989032
3635,Scp2,STomics,Kidney,Down,-0.869596529888249,0.0003875942240327
3636,Mien1,STomics,Kidney,Down,-0.883634742453265,0.0003999449267213
3637,Hsd3b2,STomics,Kidney,Down,-1.63338952780226,0.0004000764898276
3638,Psmc1,STomics,Kidney,Up,0.767212682144257,0.0004000764898276
3639,D630023F18Rik,STomics,Kidney,Down,-1.76233005383951,0.0004000764898276
3640,Tmem184c,STomics,Kidney,Down,-1.19677194105844,0.0004218069498316
3641,Adtrp,STomics,Kidney,Down,-1.36858824208483,0.0004225022583053
3642,C1qa,STomics,Kidney,Up,1.31723073858832,0.0004447941768444
3643,Timm10,STomics,Kidney,Down,-0.790645977898568,0.0004533021628529
3644,Gm37401,STomics,Kidney,Down,-1.15087155602881,0.0004533021628529
3645,Igf2,STomics,Kidney,Up,1.70964383669861,0.0004551221019119
3646,Gclc,STomics,Kidney,Down,-0.746522000567444,0.0004665159742404
3647,Sucnr1,STomics,Kidney,Down,-2.51602803236042,0.0004665159742404
3648,Prdx2-ps1,STomics,Kidney,Up,1.01122627119266,0.0004840466246077
3649,Wnk4,STomics,Kidney,Up,0.752916398953908,0.0005075576318725
3650,Gsta5,STomics,Kidney,Down,-2.06201729405779,0.0005075576318725
3651,Esd,STomics,Kidney,Down,-0.72474646056377,0.0005078964192065
3652,Vcp-rs,STomics,Kidney,Up,1.28114898386074,0.0005211725511923
3653,Bola3,STomics,Kidney,Down,-1.47059949491676,0.0005233425660607
3654,Mtch1,STomics,Kidney,Up,0.761564781916098,0.0005233425660607
3655,Asxl1,STomics,Kidney,Up,0.693382263431846,0.0005233425660607
3656,Mbp,STomics,Kidney,Up,1.24325960549067,0.0005278151833837
3657,Pfkl,STomics,Kidney,Up,1.00787403264449,0.0005352064595305
3658,Prkcb,STomics,Kidney,Up,1.19239750923642,0.0005456624884851
3659,Laptm5,STomics,Kidney,Up,1.45689855451383,0.0005502356076523
3660,Rasl12,STomics,Kidney,Down,-0.887849432961383,0.0005502952133323
3661,Gng5,STomics,Kidney,Down,-1.99726856523913,0.0005549069583169
3662,Hdac11,STomics,Kidney,Up,1.1069107005269,0.0005651966025295
3663,Nus1,STomics,Kidney,Down,-1.25080337972179,0.0005784181575822
3664,Ireb2,STomics,Kidney,Down,-0.686180788861781,0.0005810545390776
3665,Hacd1,STomics,Kidney,Down,-0.864161999694367,0.0005810545390776
3666,Camk2b,STomics,Kidney,Up,1.53502431647619,0.0006023635539286
3667,Tpi1,STomics,Kidney,Up,0.753017026807633,0.0006023635539286
3668,Gsta2,STomics,Kidney,Down,-1.3162230010919,0.0006066405352881
3669,Il34,STomics,Kidney,Up,1.07652638265695,0.0006066405352881
3670,Jade2,STomics,Kidney,Up,0.812640164270362,0.0006130476170623
3671,Ces2b,STomics,Kidney,Down,-1.75048175623471,0.0006132766359995
3672,Mocs2,STomics,Kidney,Down,-0.714273393422235,0.0006168384524266
3673,Snx3,STomics,Kidney,Down,-0.740581729937318,0.000622329380032
3674,Iqcg,STomics,Kidney,Down,-1.11060995799655,0.0006335784040323
3675,Cmc4,STomics,Kidney,Down,-1.07643192174656,0.000643022059444
3676,Txn1,STomics,Kidney,Down,-1.13252105467436,0.0006548797622925
3677,Eif3d,STomics,Kidney,Up,0.709699704282551,0.0006794535292551
3678,Extl3,STomics,Kidney,Up,0.703010918112342,0.0006834610703513
3679,Igbp1,STomics,Kidney,Down,-0.727314494655961,0.0006912929365616
3680,Pdss1,STomics,Kidney,Down,-0.897106535661126,0.0007224042560536
3681,Tpmt,STomics,Kidney,Down,-1.2060890207242,0.0007361287776686
3682,Ccpg1os,STomics,Kidney,Down,-1.31578901210244,0.0007361287776686
3683,0610009B22Rik,STomics,Kidney,Down,-1.10551235942729,0.0007361287776686
3684,Gm45051,STomics,Kidney,Down,-1.49100063238218,0.0007459980757857
3685,Smim22,STomics,Kidney,Up,0.812144693393249,0.0007722137026755
3686,Plaat3,STomics,Kidney,Down,-0.986341793742272,0.0007722137026755
3687,Idh1,STomics,Kidney,Down,-1.53416789785357,0.0007895627260319
3688,Acads,STomics,Kidney,Up,0.89138312444101,0.0007979822887975
3689,Gnl3,STomics,Kidney,Down,-0.78524749415172,0.0008055634349744
3690,Prss36,STomics,Kidney,Down,-0.969625983842562,0.0008204789165529
3691,Canx,STomics,Kidney,Up,0.805297209596594,0.0008337742441756
3692,Emc4,STomics,Kidney,Down,-1.67740649639726,0.000855957403359
3693,Acmsd,STomics,Kidney,Down,-2.12890935185243,0.0008771472150684
3694,Cndp1,STomics,Kidney,Down,-1.68307611227559,0.0008848830876079
3695,Ramac,STomics,Kidney,Down,-1.05770933331324,0.0009177901606465
3696,Hmgn2,STomics,Kidney,Down,-1.34465731860316,0.0009225017798101
3697,Pecr,STomics,Kidney,Down,-1.19891855892619,0.0009225017798101
3698,Lipa,STomics,Kidney,Down,-1.35522550021473,0.0009225017798101
3699,Cdkn1a,STomics,Kidney,Up,0.794359362395917,0.0009225017798101
3700,Galnt11,STomics,Kidney,Down,-1.17602829720876,0.0009225017798101
3701,4930469K13Rik,STomics,Kidney,Down,-2.70797837549928,0.0009251108843127
3702,Krt10,STomics,Kidney,Down,-2.20537204253845,0.0009360051059592
3703,Lyz2,STomics,Kidney,Up,1.60854112666842,0.0009453683701235
3704,Mrps36,STomics,Kidney,Down,-1.68432772481191,0.0009542358429363
3705,Prelp,STomics,Kidney,Up,0.667703882316029,0.0009591583537957
3706,Rbbp9,STomics,Kidney,Down,-0.646934409013311,0.0009628260997949
3707,Rheb,STomics,Kidney,Down,-0.988532121149912,0.0009905303829004
3708,Mogat2,STomics,Kidney,Down,-3.13477496351503,0.0009969667382172
3709,Adamts5,STomics,Kidney,Down,-0.703563502294976,0.0010069607126399
3710,Agrn,STomics,Kidney,Up,0.9325671219271,0.0010228791046713
3711,Nox4,STomics,Kidney,Down,-1.97291237065155,0.0010249942284619
3712,Cela1,STomics,Kidney,Down,-1.19595634196657,0.0010532345409363
3713,Apbb1,STomics,Kidney,Up,0.641436491095382,0.0010997718294682
3714,Mindy3,STomics,Kidney,Down,-0.839359237931457,0.0011056908431377
3715,Pah,STomics,Kidney,Down,-1.94951978864244,0.0011366386313716
3716,Ipp,STomics,Kidney,Down,-0.928276396966289,0.001137928129299
3717,Il1rapl1,STomics,Kidney,Up,2.34513247663006,0.0011383074137063
3718,Hacd2,STomics,Kidney,Down,-0.945466717370407,0.0011383074137063
3719,Samm50,STomics,Kidney,Up,0.677509622260214,0.0011932460470387
3720,Epha6,STomics,Kidney,Up,2.00709046351708,0.0012252544137149
3721,Oxct1,STomics,Kidney,Up,0.75059875999621,0.0012324396322972
3722,Hs6st3,STomics,Kidney,Up,1.7265616251112,0.001235442993515
3723,Lzts3,STomics,Kidney,Up,1.07113140440572,0.0012393336404316
3724,Fam20c,STomics,Kidney,Up,0.741702013441774,0.0012407896676857
3725,Hebp1,STomics,Kidney,Down,-1.10904530842341,0.0012407896676857
3726,Dclk2,STomics,Kidney,Up,0.980955042694715,0.0012485032162342
3727,Ifi203,STomics,Kidney,Down,-0.819000751439007,0.0012786979044155
3728,Abcf1,STomics,Kidney,Up,0.618990337467988,0.0012786979044155
3729,Nfs1,STomics,Kidney,Down,-0.981621833406481,0.0012786979044155
3730,Nat8f3,STomics,Kidney,Down,-1.54064391217403,0.0012961872810779
3731,Opcml,STomics,Kidney,Up,1.95940617293386,0.0012976365345221
3732,Tmem179b,STomics,Kidney,Down,-1.44750806260161,0.0013012666142282
3733,Dhfr,STomics,Kidney,Down,-1.0084057512988,0.0013212502807523
3734,Kifbp,STomics,Kidney,Down,-0.713416674932754,0.0013741963994429
3735,Csmd1,STomics,Kidney,Up,1.91884374407655,0.0013741963994429
3736,Slc6a18,STomics,Kidney,Up,1.14894777460008,0.0013741963994429
3737,Psph,STomics,Kidney,Down,-0.882740001172574,0.0013789624938599
3738,Ubfd1,STomics,Kidney,Down,-0.751610983983837,0.001379434305279
3739,H2ax,STomics,Kidney,Down,-1.16938542554195,0.0013797292705344
3740,Cystm1,STomics,Kidney,Down,-0.995786058491018,0.0013851392312657
3741,Ctso,STomics,Kidney,Down,-0.724661805706029,0.0013851392312657
3742,Rnaseh2b,STomics,Kidney,Down,-1.05547022534426,0.0014077034317993
3743,Vsir,STomics,Kidney,Up,0.904818335376215,0.0014077034317993
3744,Hspg2,STomics,Kidney,Up,0.775901907019936,0.0014077034317993
3745,Srsf9,STomics,Kidney,Up,0.783477915815937,0.001428048227322
3746,Slc22a22,STomics,Kidney,Down,-2.15115631064557,0.0014302858374959
3747,Aldh9a1,STomics,Kidney,Down,-1.26957000006196,0.0014302858374959
3748,Acta2,STomics,Kidney,Down,-0.802708252514284,0.0014302858374959
3749,Timm21,STomics,Kidney,Down,-0.931171917026719,0.0014336560196558
3750,Zbtb33,STomics,Kidney,Down,-0.759564824708804,0.0014775718596752
3751,Gm4117,STomics,Kidney,Up,3.66181290738652,0.0014821475062737
3752,Gas2,STomics,Kidney,Down,-1.13823392326915,0.0014821475062737
3753,Ppp1ca,STomics,Kidney,Up,0.686770003644308,0.0014867972514056
3754,Tmem258,STomics,Kidney,Down,-0.961476517706186,0.0014867972514056
3755,Ceacam2,STomics,Kidney,Up,0.928748372059466,0.0014867972514056
3756,Acsm2,STomics,Kidney,Down,-1.54220682048637,0.0015007210147475
3757,Plec,STomics,Kidney,Up,0.946118118951017,0.0015073420885207
3758,Aldh3a2,STomics,Kidney,Down,-1.02648787880945,0.0015073420885207
3759,Rexo4,STomics,Kidney,Up,0.611604795760813,0.0015073420885207
3760,Gm49387,STomics,Kidney,Down,-1.17971543377885,0.0015664777939014
3761,Il10rb,STomics,Kidney,Down,-0.629027622354064,0.001582835504526
3762,Kynu,STomics,Kidney,Down,-1.79215280400171,0.001582835504526
3763,Folh1,STomics,Kidney,Down,-2.05072810609766,0.001591699097029
3764,Dync1li2,STomics,Kidney,Up,0.704462817833035,0.0015944441331159
3765,Sptbn2,STomics,Kidney,Up,1.11683333052496,0.0016103314139245
3766,Icam1,STomics,Kidney,Up,0.732104593203295,0.0016103314139245
3767,Stard4,STomics,Kidney,Down,-0.882119828814711,0.0016315035732679
3768,Pex3,STomics,Kidney,Down,-0.652737398524929,0.0016554098808287
3769,Kng2,STomics,Kidney,Up,0.737500825663737,0.0016554098808287
3770,Pde4a,STomics,Kidney,Up,0.871104318144065,0.0016554098808287
3771,Gk,STomics,Kidney,Down,-0.962116078507554,0.0016676242717544
3772,Cldnd1,STomics,Kidney,Down,-0.960426119300488,0.001667768653372
3773,Lrrc4c,STomics,Kidney,Up,2.73846988171823,0.001683588996982
3774,Tmem126a,STomics,Kidney,Down,-1.01428302252735,0.001683588996982
3775,Mat2a,STomics,Kidney,Up,0.702021984810619,0.001683588996982
3776,Gapdh,STomics,Kidney,Down,-0.76470478643841,0.001683588996982
3777,Slc2a2,STomics,Kidney,Down,-1.67586576578031,0.001683588996982
3778,Ptprn2,STomics,Kidney,Up,2.05451204984819,0.001683588996982
3779,Aplp2,STomics,Kidney,Up,0.821421617611289,0.001683588996982
3780,Jak3,STomics,Kidney,Up,0.889120412070039,0.0016976251961888
3781,Elf4,STomics,Kidney,Up,1.06794117951247,0.0017150702085167
3782,Lamc2,STomics,Kidney,Up,0.940695550763022,0.0017368930998839
3783,Niban1,STomics,Kidney,Up,0.779746003770913,0.0017368930998839
3784,Rasa4,STomics,Kidney,Up,0.796506662331074,0.0017368930998839
3785,Ildr2,STomics,Kidney,Down,-1.00564347455586,0.0017392446977572
3786,D130009I18Rik,STomics,Kidney,Up,1.1328964250482,0.0017456976995305
3787,Fbxo9,STomics,Kidney,Up,0.707332758045723,0.0017471989172416
3788,Fitm1,STomics,Kidney,Down,-1.35525447076123,0.0017471989172416
3789,Arsg,STomics,Kidney,Down,-1.09538383877432,0.0017471989172416
3790,Esrrb,STomics,Kidney,Up,0.835035964299444,0.0017498928865792
3791,Magoh,STomics,Kidney,Down,-0.954004598306165,0.0017498928865792
3792,Slc51b,STomics,Kidney,Down,-0.783144333478888,0.0017498928865792
3793,Gm43667,STomics,Kidney,Down,-0.987521637865768,0.0017498928865792
3794,Mzt2,STomics,Kidney,Down,-1.13266389562263,0.0017498928865792
3795,Pde10a,STomics,Kidney,Up,1.47498683756505,0.0017527277059225
3796,Serpina1f,STomics,Kidney,Up,1.07758833952397,0.0017677595225781
3797,Hsdl2,STomics,Kidney,Down,-0.626674200569102,0.0017677595225781
3798,Hmgcs1,STomics,Kidney,Down,-0.652853938154822,0.0017677595225781
3799,Ddx54,STomics,Kidney,Up,0.596202740111244,0.0017772354050718
3800,Kcne1,STomics,Kidney,Down,-1.87748912036553,0.0017772354050718
3801,Lynx1,STomics,Kidney,Up,0.924694975172146,0.0017875368614125
3802,Cers4,STomics,Kidney,Up,1.12931164534691,0.001809702570556
3803,Capn5,STomics,Kidney,Up,0.82549056179012,0.0018123163308135
3804,Inf2,STomics,Kidney,Up,0.867389225729832,0.0018144854938692
3805,Serpina1d,STomics,Kidney,Up,1.09084805982104,0.0018303988606241
3806,Jarid2,STomics,Kidney,Up,1.22104461265151,0.0018303988606241
3807,Ciao2b,STomics,Kidney,Down,-1.08854090229652,0.0018579807033368
3808,Cebpzos,STomics,Kidney,Down,-1.22080195070623,0.0018589726096096
3809,Fut9,STomics,Kidney,Down,-1.03979641802927,0.0018589726096096
3810,Ces1d,STomics,Kidney,Down,-1.70248357957788,0.0018803593230224
3811,Unc50,STomics,Kidney,Down,-0.825488911197305,0.0019008962912142
3812,Krt8,STomics,Kidney,Up,0.776992062371513,0.0019037167219812
3813,Brox,STomics,Kidney,Down,-0.662755615983416,0.0019074826496297
3814,Erlin1,STomics,Kidney,Down,-1.17963045389569,0.0019216834266864
3815,Cideb,STomics,Kidney,Down,-1.88570848064927,0.0019358024717426
3816,Ntm,STomics,Kidney,Up,2.08066122841978,0.0019375134273026
3817,Car12,STomics,Kidney,Down,-1.54649299322301,0.0019579746162231
3818,M6pr,STomics,Kidney,Down,-0.716674440636934,0.0019614981722544
3819,Tsen15,STomics,Kidney,Down,-0.784458421001988,0.0019763131274202
3820,Dtnb,STomics,Kidney,Up,0.743657498446738,0.0020165041552834
3821,Misp,STomics,Kidney,Up,0.851028033438982,0.0020259401195329
3822,Ect2,STomics,Kidney,Down,-1.15985484025194,0.0020283523870129
3823,Slc13a1,STomics,Kidney,Down,-1.47407386141272,0.0020454340730999
3824,Ugt2b34,STomics,Kidney,Down,-1.60573869845197,0.0020993171647079
3825,Atp5d,STomics,Kidney,Up,0.739746019233202,0.0020993171647079
3826,Smim15,STomics,Kidney,Down,-0.716693183806542,0.0020993171647079
3827,Lrrc20,STomics,Kidney,Up,1.03519775087038,0.002128240628698
3828,Cdh16,STomics,Kidney,Up,0.856113524938792,0.0021284584248911
3829,Fbln5,STomics,Kidney,Down,-0.716509956729924,0.0021310749611317
3830,Kpna1,STomics,Kidney,Up,0.793596376447406,0.0021330119771815
3831,1500026H17Rik,STomics,Kidney,Down,-1.24778129572381,0.0021607994629666
3832,Adra1b,STomics,Kidney,Up,1.36424612586721,0.0021894782137469
3833,Pfkp,STomics,Kidney,Up,1.44595579273451,0.00220061078836
3834,Zfp503,STomics,Kidney,Down,-0.916887803245098,0.0022085229966083
3835,3110045C21Rik,STomics,Kidney,Down,-1.1228890753171,0.0022230217838601
3836,Serpina10,STomics,Kidney,Up,2.20261025736957,0.0022389209001803
3837,Sms,STomics,Kidney,Down,-0.830738732041539,0.0022617050428929
3838,Phyh,STomics,Kidney,Down,-0.846340176423428,0.0022641218888015
3839,Hbb-bt,STomics,Kidney,Down,-2.21224546940609,0.0022641218888015
3840,Ccdc58,STomics,Kidney,Down,-0.75116077840568,0.0022672287634829
3841,Aldh1a1,STomics,Kidney,Up,1.06875712963749,0.0022824420317375
3842,Lingo2,STomics,Kidney,Up,2.19110546201802,0.0022826971252811
3843,Slc22a19,STomics,Kidney,Down,-1.3353281448786,0.0023268737349971
3844,Dnajc5,STomics,Kidney,Up,0.702264542929005,0.0023268737349971
3845,Bnip2,STomics,Kidney,Up,0.908457433435897,0.0023268737349971
3846,Tmem126b,STomics,Kidney,Down,-0.67270143824653,0.0023392817587313
3847,Micall2,STomics,Kidney,Up,1.16543808442663,0.0023392817587313
3848,Pou2f2,STomics,Kidney,Up,1.76097191060399,0.0023753719867429
3849,Fam114a2,STomics,Kidney,Down,-0.623849406603562,0.0023919789726209
3850,Fkbp5,STomics,Kidney,Up,0.855993310634675,0.0023919789726209
3851,Tyw5,STomics,Kidney,Down,-0.887468867089722,0.0023943888741949
3852,Klf4,STomics,Kidney,Down,-1.01554507242988,0.0024177319635528
3853,Gm5835,STomics,Kidney,Up,0.8882700526699,0.002427410109473
3854,Gata2,STomics,Kidney,Down,-1.14060220009549,0.0024362645967697
3855,Birc3,STomics,Kidney,Up,0.655608877391166,0.002450406798167
3856,Galntl6,STomics,Kidney,Up,2.64718822666019,0.0024573988668351
3857,Klc3,STomics,Kidney,Up,1.09837952586999,0.0024573988668351
3858,Ccdc9,STomics,Kidney,Up,0.739968864580174,0.0024784737279244
3859,Ttll11,STomics,Kidney,Up,0.987976285447573,0.0024945705758685
3860,Fgf1,STomics,Kidney,Up,0.930902373788734,0.0025164251546806
3861,Apoe,STomics,Kidney,Up,1.19137524653788,0.0025529842494191
3862,E130311K13Rik,STomics,Kidney,Down,-0.912707927667955,0.0025531054420371
3863,Rhox6,STomics,Kidney,Up,1.31723193523254,0.0025531054420371
3864,Nisch,STomics,Kidney,Up,0.623726309199164,0.0025673096918261
3865,Lgalsl,STomics,Kidney,Down,-0.888932444291717,0.0025869728928627
3866,Bcam,STomics,Kidney,Up,0.982265071491493,0.0025869728928627
3867,Lgals9,STomics,Kidney,Down,-0.694507443671773,0.0026421693440842
3868,Fpgt,STomics,Kidney,Down,-0.721285362375547,0.0027097829353716
3869,Slc4a8,STomics,Kidney,Up,0.869951238522012,0.0027180426831535
3870,Igkc,STomics,Kidney,Up,2.75824749125625,0.0027457801682255
3871,Dtx4,STomics,Kidney,Up,0.752552384914168,0.0027717638983399
3872,Marcksl1,STomics,Kidney,Down,-0.803291438161048,0.0027740712041497
3873,Lsm8,STomics,Kidney,Down,-1.23956748315802,0.0027814029399537
3874,Cetn2,STomics,Kidney,Down,-0.944207323891457,0.0028201721411926
3875,Echdc1,STomics,Kidney,Down,-0.644997934702725,0.0028205935556866
3876,Ldhb,STomics,Kidney,Up,0.730072625137426,0.0028669568319835
3877,Eif3b,STomics,Kidney,Up,0.818758674063014,0.0028669568319835
3878,Kazn,STomics,Kidney,Up,0.861989134331796,0.0028669568319835
3879,Krit1,STomics,Kidney,Down,-0.669370684800466,0.0028669568319835
3880,Lamb2,STomics,Kidney,Up,0.712873569925726,0.0028669568319835
3881,Neat1,STomics,Kidney,Up,1.25276657254391,0.0028669568319835
3882,1190007I07Rik,STomics,Kidney,Down,-1.48227376250485,0.0028669568319835
3883,Gabrb1,STomics,Kidney,Up,1.49077831813487,0.0028669568319835
3884,Slc25a16,STomics,Kidney,Down,-1.07949063629659,0.0028669568319835
3885,Pgap2,STomics,Kidney,Down,-0.605569712495866,0.0028980911649259
3886,Acp1,STomics,Kidney,Down,-0.687294952334095,0.0029476223127868
3887,2900093K20Rik,STomics,Kidney,Down,-0.974548792346716,0.0029476223127868
3888,Snrnp70,STomics,Kidney,Up,0.668174077184392,0.0029476223127868
3889,Alpl,STomics,Kidney,Down,-1.60942279873154,0.0029624559104083
3890,Lats2,STomics,Kidney,Down,-0.889385403173691,0.0029624559104083
3891,Memo1,STomics,Kidney,Down,-0.601439169104365,0.0029879378155356
3892,Ptpre,STomics,Kidney,Up,0.859965218600288,0.0029939932250459
3893,Septin9,STomics,Kidney,Up,0.681317400512831,0.0030022365338974
3894,Ndufv1,STomics,Kidney,Up,0.804612509376555,0.0030351142478891
3895,Tma7,STomics,Kidney,Down,-1.67214305603559,0.0030351142478891
3896,Armc9,STomics,Kidney,Up,0.622520398205728,0.0030351142478891
3897,Cirbp,STomics,Kidney,Up,0.955996659364227,0.0030351142478891
3898,Atp5a1,STomics,Kidney,Up,0.936535290052268,0.0030351142478891
3899,Dlg5,STomics,Kidney,Up,0.60380219635376,0.0030421218926231
3900,Flot1,STomics,Kidney,Up,0.618488005546869,0.0030421218926231
3901,Dynll1,STomics,Kidney,Down,-0.904230110446009,0.0030792355510276
3902,Sfrp2,STomics,Kidney,Down,-1.79022786634261,0.0030792355510276
3903,Crk,STomics,Kidney,Down,-0.561369683576932,0.0030792355510276
3904,Cks2,STomics,Kidney,Down,-1.69296010149406,0.0030931818535044
3905,Slc35e4,STomics,Kidney,Up,1.08080510517776,0.003099613225055
3906,Septin8,STomics,Kidney,Up,0.888992760407032,0.003099613225055
3907,Tmem38b,STomics,Kidney,Down,-0.759258382281184,0.0031012027384196
3908,Ccdc90b,STomics,Kidney,Down,-0.914042339615098,0.0031696953564743
3909,G6pc,STomics,Kidney,Down,-1.4539062452086,0.0031853198302928
3910,Rab6b,STomics,Kidney,Up,0.6338961866689,0.0032428741326018
3911,Bambi,STomics,Kidney,Down,-0.976286026095764,0.0032562800351018
3912,Dcaf11,STomics,Kidney,Up,0.916537875869495,0.0032681374109242
3913,Ceacam1,STomics,Kidney,Down,-0.779117889643697,0.0032787067111427
3914,Mars1,STomics,Kidney,Up,0.55457327938128,0.0033004274356125
3915,Maf,STomics,Kidney,Down,-1.30759841055133,0.0033004274356125
3916,Cntnap2,STomics,Kidney,Up,2.58388620279137,0.0033367743487294
3917,Vamp2,STomics,Kidney,Up,0.641063112469669,0.003344640806038
3918,Oxgr1,STomics,Kidney,Down,-1.88781975786792,0.0033742938611073
3919,Arrb1,STomics,Kidney,Up,0.679011499206501,0.0033742938611073
3920,Mthfd2l,STomics,Kidney,Down,-1.45955898267296,0.0033855385914747
3921,Net1,STomics,Kidney,Down,-0.631527586968221,0.0033855385914747
3922,Slc25a20,STomics,Kidney,Down,-0.725265378474176,0.0034053118784619
3923,Jchain,STomics,Kidney,Up,1.69985759666317,0.0034372225871888
3924,AU020206,STomics,Kidney,Up,0.883180328999268,0.003462361440762
3925,Sec14l3,STomics,Kidney,Down,-0.850077462582756,0.0034829452793369
3926,Pdpn,STomics,Kidney,Up,0.728702413092155,0.0034976535296562
3927,Nbn,STomics,Kidney,Down,-0.703282084034495,0.0035047114355857
3928,Sdhaf3,STomics,Kidney,Down,-0.799748886970534,0.003527235071765
3929,Pcdh15,STomics,Kidney,Up,2.4253274137037,0.0035387423862856
3930,Zfp422,STomics,Kidney,Down,-1.10264188267867,0.0035493254085459
3931,Ubc,STomics,Kidney,Up,0.691139560737933,0.0035493254085459
3932,Gm15860,STomics,Kidney,Down,-0.67360155734554,0.0035493254085459
3933,Eva1c,STomics,Kidney,Up,0.690275046276517,0.0036233714651525
3934,Slc35f5,STomics,Kidney,Down,-0.805423821688319,0.0036233714651525
3935,Jam3,STomics,Kidney,Down,-0.704372285115116,0.0036584102592382
3936,Wfdc2,STomics,Kidney,Up,1.09198822425092,0.0037194233413973
3937,Zfp758,STomics,Kidney,Down,-0.847063740398362,0.0037687294416367
3938,Mbip,STomics,Kidney,Down,-0.894894671138212,0.00379008191556
3939,Vat1,STomics,Kidney,Up,0.729139333718605,0.0038388610927327
3940,Mapk10,STomics,Kidney,Up,0.948933667410819,0.0038554333968306
3941,Fam83h,STomics,Kidney,Up,0.763075726657938,0.0038615320714575
3942,Hba-a2,STomics,Kidney,Down,-1.08943304900004,0.0038615320714575
3943,Cyfip2,STomics,Kidney,Up,1.2215705182325,0.0038839935655369
3944,Halr1,STomics,Kidney,Down,-1.49647180448651,0.0038978905823284
3945,Pls1,STomics,Kidney,Down,-0.919368041620733,0.0039347035035538
3946,Car14,STomics,Kidney,Down,-2.05441531898669,0.0039400664752273
3947,Gm48099,STomics,Kidney,Up,2.72792996627767,0.0039434017375055
3948,Hoxa10,STomics,Kidney,Down,-1.31416616453356,0.0039788309095138
3949,Rgs6,STomics,Kidney,Up,1.01498429319361,0.0040016339956141
3950,Smc4,STomics,Kidney,Down,-0.910742782069343,0.0040166804104316
3951,Fbln7,STomics,Kidney,Up,0.64895619242276,0.0040238990465053
3952,Egln3,STomics,Kidney,Up,0.924555897259018,0.0040238990465053
3953,Card19,STomics,Kidney,Down,-1.42459102700169,0.0040386864192829
3954,Arhgef18,STomics,Kidney,Up,0.563636590920759,0.0040578591907565
3955,Tmem39b,STomics,Kidney,Down,-0.766538873334653,0.0040578591907565
3956,Mttp,STomics,Kidney,Down,-0.8580998696053,0.0040770958652412
3957,Tbccd1,STomics,Kidney,Down,-0.667153601594005,0.0041756102704265
3958,Serpinb6a,STomics,Kidney,Up,1.21407745523077,0.0041756102704265
3959,Gm50388,STomics,Kidney,Up,0.733944636374869,0.0042352258553143
3960,Tmbim4,STomics,Kidney,Down,-0.636485205390373,0.0042559372036595
3961,Dnm1,STomics,Kidney,Up,1.44341421848739,0.0042763144728763
3962,Dnajc28,STomics,Kidney,Down,-0.704541226335541,0.0043017835297208
3963,Shisa5,STomics,Kidney,Up,0.748676908657877,0.0043017835297208
3964,Chst8,STomics,Kidney,Up,0.944141543326999,0.004353744076918
3965,Sh3tc2,STomics,Kidney,Up,0.64389415909213,0.0043657848461254
3966,Ccnd1,STomics,Kidney,Up,0.73601555563014,0.0043657848461254
3967,Ces1e,STomics,Kidney,Down,-1.86799153347589,0.0043657848461254
3968,Apoo,STomics,Kidney,Down,-1.37066090045766,0.0043698486070011
3969,Tstd1,STomics,Kidney,Down,-0.743535150663214,0.0043698486070011
3970,Ddhd1,STomics,Kidney,Up,0.812038426003946,0.0043747595549963
3971,Ephx2,STomics,Kidney,Down,-0.840795164450225,0.0043747595549963
3972,Plekho2,STomics,Kidney,Up,0.92658614912223,0.0043747595549963
3973,Fam126b,STomics,Kidney,Down,-0.702556760909229,0.004402055973421
3974,Cox20,STomics,Kidney,Down,-1.46831907403392,0.004402055973421
3975,Dnajc24,STomics,Kidney,Down,-0.70216347427193,0.0044165549517488
3976,Pigp,STomics,Kidney,Down,-1.00229872205518,0.0044226129484256
3977,Dhrs7,STomics,Kidney,Down,-0.939078253888297,0.0044292250840824
3978,H2-DMb1,STomics,Kidney,Up,0.790013925692369,0.0044292250840824
3979,Slc6a17,STomics,Kidney,Up,0.755784070523155,0.0044619437193705
3980,Car4,STomics,Kidney,Down,-0.689512305955444,0.0044791750934198
3981,Tfb2m,STomics,Kidney,Down,-0.699999993422352,0.0044844744825392
3982,Vps33a,STomics,Kidney,Up,0.564869029531651,0.0044844744825392
3983,Hscb,STomics,Kidney,Down,-0.90707717402194,0.0044844744825392
3984,Plpp5,STomics,Kidney,Down,-0.737922999609852,0.0044896004019752
3985,Cyp24a1,STomics,Kidney,Down,-1.62669470397212,0.0045520665451459
3986,Fes,STomics,Kidney,Up,0.804906407085752,0.0045520665451459
3987,Eid2,STomics,Kidney,Down,-0.866558132075853,0.0045530154575452
3988,Glb1,STomics,Kidney,Up,0.874115277442035,0.0045735209250096
3989,Enpep,STomics,Kidney,Down,-1.32644742747383,0.0046422752215779
3990,Arhgap8,STomics,Kidney,Up,0.825786851136551,0.0046525850902347
3991,Arhgap21,STomics,Kidney,Up,0.760336307987306,0.004788053364222
3992,Atp13a2,STomics,Kidney,Up,1.0313943647384,0.0048113450637393
3993,Yars2,STomics,Kidney,Down,-1.07407082250936,0.0048209645327901
3994,Eif1b,STomics,Kidney,Down,-0.661483631983289,0.0048209645327901
3995,Sf3b2,STomics,Kidney,Up,0.609493419638821,0.0048209645327901
3996,Parp12,STomics,Kidney,Up,0.711532461377337,0.004828012335439
3997,Syvn1,STomics,Kidney,Down,-1.6223984742326,0.0048342579958446
3998,Cdh3,STomics,Kidney,Up,0.833624736841889,0.0048436782952913
3999,Plcg1,STomics,Kidney,Up,0.786682059869908,0.0048436782952913
4000,Gm39079,STomics,Kidney,Down,-1.10404986903151,0.0048625605193985
4001,Gm10800,STomics,Kidney,Up,2.2645494272498,0.0048627010077723
4002,Pld4,STomics,Kidney,Up,1.28410306771208,0.0049162505143458
4003,Rab1a,STomics,Kidney,Down,-0.567885573518442,0.0049413054058419
4004,Ivns1abp,STomics,Kidney,Up,0.606982408327112,0.0049413054058419
4005,Cep120,STomics,Kidney,Up,0.671559393005521,0.0049413054058419
4006,Camsap2,STomics,Kidney,Up,0.592419552952114,0.0049460383533842
4007,Ren1,STomics,Kidney,Down,-1.36595049802697,0.0049465530365461
4008,Rassf7,STomics,Kidney,Up,0.691994809115949,0.0049465530365461
4009,Aldh6a1,STomics,Kidney,Down,-0.817564075982326,0.0049716896308061
4010,Rnf11,STomics,Kidney,Down,-0.71328969768165,0.0050259004722017
4011,2610035D17Rik,STomics,Kidney,Up,1.1582053406954,0.0050722361754525
4012,Psmc3,STomics,Kidney,Up,0.576992320357065,0.0050722361754525
4013,Slc34a3,STomics,Kidney,Down,-2.21829480226382,0.0050722361754525
4014,Fgd3,STomics,Kidney,Up,1.14342500565882,0.0050791401358982
4015,Phf1,STomics,Kidney,Down,-0.675827728528185,0.0050791401358982
4016,St8sia6,STomics,Kidney,Up,0.573112527344424,0.0050818849738238
4017,Amacr,STomics,Kidney,Down,-1.33006463551362,0.0050818849738238
4018,Cnksr3,STomics,Kidney,Up,0.532624788613244,0.0050897991692216
4019,Mndal,STomics,Kidney,Down,-0.842328655690462,0.0050897991692216
4020,Slc9a8,STomics,Kidney,Up,0.938154797038656,0.0051091837772859
4021,Mta1,STomics,Kidney,Down,-0.821321655719842,0.0051152694423608
4022,Rgs19,STomics,Kidney,Up,0.99592733881299,0.0051152694423608
4023,Tmem70,STomics,Kidney,Down,-0.541629866125699,0.0051152694423608
4024,Ctnnd2,STomics,Kidney,Up,1.86964120982988,0.0051172152555408
4025,Nudt19,STomics,Kidney,Down,-0.623006863764089,0.0051918204173049
4026,Col12a1,STomics,Kidney,Up,0.908099062239178,0.0052060033230175
4027,Cav1,STomics,Kidney,Down,-0.999877094576963,0.005225744516711
4028,Mturn,STomics,Kidney,Up,0.520649643932402,0.0052816873436021
4029,Rapgef1,STomics,Kidney,Up,0.523185520712711,0.0053834710570556
4030,Stxbp3,STomics,Kidney,Down,-0.567522504842331,0.0053834710570556
4031,St14,STomics,Kidney,Up,0.917668960831145,0.0053834710570556
4032,Col23a1,STomics,Kidney,Up,1.06896336425665,0.005391655596586
4033,4931406C07Rik,STomics,Kidney,Down,-0.994836380135912,0.0054700635494076
4034,Anks1b,STomics,Kidney,Up,0.655147057380281,0.0054877449545436
4035,Ap3s1,STomics,Kidney,Down,-0.879632703846398,0.0054883336890743
4036,Klf15,STomics,Kidney,Down,-0.788441787563496,0.005500964024862
4037,Bud23,STomics,Kidney,Down,-0.838300626549605,0.005500964024862
4038,Mtcl1,STomics,Kidney,Up,0.891482038435097,0.005500964024862
4039,Catspere2,STomics,Kidney,Up,0.91601418515307,0.005523821542401
4040,Nudt12,STomics,Kidney,Down,-0.857367824632291,0.0055581234652018
4041,Polr2k,STomics,Kidney,Down,-1.71680820808915,0.0055933526102686
4042,Rnft1,STomics,Kidney,Down,-1.00996231413459,0.0056046965556406
4043,Pde1c,STomics,Kidney,Up,1.48563938687752,0.0056046965556406
4044,Pigr,STomics,Kidney,Up,1.40506698256293,0.0056046965556406
4045,Lactb,STomics,Kidney,Down,-0.779791236823878,0.0056243019869313
4046,Tomm7,STomics,Kidney,Down,-1.19844079107203,0.005629299966234
4047,Glipr2,STomics,Kidney,Up,0.815237773894194,0.005629299966234
4048,Prkar1b,STomics,Kidney,Up,0.7130564018747,0.005629299966234
4049,Sh3bp4,STomics,Kidney,Up,0.679335989127381,0.0056566523413087
4050,Retreg2,STomics,Kidney,Up,0.817486700341186,0.0057092250612459
4051,0610006L08Rik,STomics,Kidney,Down,-1.41715016377195,0.0057564343711611
4052,Cdc42bpg,STomics,Kidney,Up,0.824269648426179,0.0057963098325567
4053,Psmd2,STomics,Kidney,Up,0.620126719934195,0.0058100581594501
4054,Hba-a1,STomics,Kidney,Down,-0.892818626024368,0.0058367044866232
4055,Klhdc8a,STomics,Kidney,Up,1.00095046545401,0.0058580389644261
4056,Rhof,STomics,Kidney,Up,1.54359047333205,0.0058599073376395
4057,Abhd16a,STomics,Kidney,Down,-0.687798137035338,0.0059053925823819
4058,Cd72,STomics,Kidney,Up,0.907519916540765,0.0059700199448364
4059,Inmt,STomics,Kidney,Down,-1.82467096863688,0.0059919459579311
4060,Isyna1,STomics,Kidney,Up,0.746046511730869,0.0059919459579311
4061,Gm5820,STomics,Kidney,Up,1.58258341006754,0.0059919459579311
4062,Scn1b,STomics,Kidney,Up,0.666303590427798,0.0059919459579311
4063,Slc7a8,STomics,Kidney,Down,-1.55896749602145,0.0060294141134697
4064,Fmo1,STomics,Kidney,Down,-1.47203980075744,0.0060294141134697
4065,Tbc1d7,STomics,Kidney,Down,-0.821243913970045,0.0060294141134697
4066,Yju2,STomics,Kidney,Up,0.695824844317097,0.006057830005252
4067,Myo18a,STomics,Kidney,Up,0.924908035285174,0.006057830005252
4068,Polr2c,STomics,Kidney,Down,-0.622306265068952,0.0060669895117273
4069,Egln1,STomics,Kidney,Down,-0.533641506991243,0.0060739439926625
4070,Gm20427,STomics,Kidney,Up,0.716651138174883,0.0061432236519788
4071,Smoc2,STomics,Kidney,Up,1.18548205485672,0.0062177890439382
4072,Fmnl3,STomics,Kidney,Up,0.686512725494777,0.0062209385949892
4073,Gm27216,STomics,Kidney,Down,-1.78340201174874,0.006245621026964
4074,2610507B11Rik,STomics,Kidney,Up,0.564195493470152,0.0062603311504914
4075,Mrc1,STomics,Kidney,Up,0.827616248406765,0.006267696130271
4076,Klhl28,STomics,Kidney,Down,-0.664155885412557,0.006267696130271
4077,Polr3b,STomics,Kidney,Up,0.715304071244388,0.0062915479633911
4078,Pyurf,STomics,Kidney,Down,-0.669122233428994,0.0062915479633911
4079,Ripor3,STomics,Kidney,Up,0.749534010560599,0.0063250642886484
4080,Cyb5a,STomics,Kidney,Down,-1.43183366391444,0.0063250642886484
4081,Gm11942,STomics,Kidney,Up,2.00198751034756,0.0063250642886484
4082,Hmx2,STomics,Kidney,Down,-2.24526577881856,0.0063250642886484
4083,Dab1,STomics,Kidney,Up,1.50759402954846,0.0063250642886484
4084,Dctn2,STomics,Kidney,Up,0.595037817342831,0.0063594490214549
4085,Rnf220,STomics,Kidney,Up,0.631070241721889,0.0063823925964822
4086,Tpst1,STomics,Kidney,Down,-0.637890331966508,0.0064339448403723
4087,Ube2u,STomics,Kidney,Down,-1.09399462179691,0.0064557777286369
4088,Mgat3,STomics,Kidney,Down,-1.10732642854669,0.0064586878392556
4089,Fbln1,STomics,Kidney,Up,1.05578169386886,0.0064624396549041
4090,Tnxb,STomics,Kidney,Up,0.989839624176886,0.0064624396549041
4091,Atp6v0c,STomics,Kidney,Down,-1.07703144723033,0.0064780725938712
4092,Mrpl57,STomics,Kidney,Down,-0.749952885749656,0.0065398631520097
4093,Pdcd2,STomics,Kidney,Down,-0.634183065616305,0.0065542437900904
4094,Lurap1,STomics,Kidney,Up,1.01768924395531,0.0065542437900904
4095,Lbhd1,STomics,Kidney,Down,-0.663971064302208,0.0065542437900904
4096,Arhgef5,STomics,Kidney,Up,0.524188984491265,0.0065908921967384
4097,Mdk,STomics,Kidney,Down,-1.4410397702549,0.0066470136228107
4098,Gria4,STomics,Kidney,Up,0.977215479555145,0.0066734662414474
4099,Prxl2c,STomics,Kidney,Down,-0.657895694999294,0.0066734662414474
4100,Cyp4a14,STomics,Kidney,Down,-1.51199510670867,0.0066734662414474
4101,Sun2,STomics,Kidney,Up,0.659575739459273,0.0066734662414474
4102,Stat3,STomics,Kidney,Up,0.682937418602238,0.0066734662414474
4103,Smarca4,STomics,Kidney,Up,0.616530272023152,0.0066734662414474
4104,Slc22a2,STomics,Kidney,Down,-1.10644177234603,0.0066734662414474
4105,Akirin2,STomics,Kidney,Down,-0.681151902479103,0.0067218441057662
4106,Zfp384,STomics,Kidney,Up,0.585285785393694,0.0067218441057662
4107,Cybb,STomics,Kidney,Up,0.690785387308282,0.0067448858160618
4108,1810014B01Rik,STomics,Kidney,Down,-0.587947965627976,0.0067448858160618
4109,Slc16a12,STomics,Kidney,Down,-0.622846248899361,0.006765371323629
4110,Wars2,STomics,Kidney,Up,0.563631772964819,0.006765371323629
4111,Dbt,STomics,Kidney,Down,-0.944933975939033,0.006765371323629
4112,Pcbp2,STomics,Kidney,Down,-0.820841528060125,0.0067865426487913
4113,Lig1,STomics,Kidney,Up,1.01770456244986,0.0068041937614036
4114,Ubash3b,STomics,Kidney,Up,1.26982337883005,0.0068601713977329
4115,Acot3,STomics,Kidney,Down,-1.40824470334427,0.0068601713977329
4116,Pkn1,STomics,Kidney,Up,0.517597308401449,0.0068601713977329
4117,Fut8,STomics,Kidney,Down,-0.67340245144395,0.0068983118642353
4118,Fkbp11,STomics,Kidney,Down,-0.784707367047087,0.0068983118642353
4119,Psap,STomics,Kidney,Up,0.672094072543719,0.0068983118642353
4120,Eif2b1,STomics,Kidney,Down,-0.762613764205666,0.0068983118642353
4121,Madd,STomics,Kidney,Up,0.733453479300322,0.006924328106727
4122,Mpnd,STomics,Kidney,Up,0.943333711956204,0.006924328106727
4123,Hbegf,STomics,Kidney,Up,0.952155430729328,0.006924328106727
4124,Ankrd13a,STomics,Kidney,Up,0.656781391496986,0.006976931527078
4125,Znhit3,STomics,Kidney,Down,-0.852016512503471,0.0069889517968248
4126,Rnf24,STomics,Kidney,Down,-1.17451348998216,0.0070366570772577
4127,Ndufaf3,STomics,Kidney,Down,-0.626551980462057,0.0070366570772577
4128,Tubb4b,STomics,Kidney,Up,0.621158332173175,0.0070398560225938
4129,Msrb2,STomics,Kidney,Down,-0.566841947801348,0.0070512771377513
4130,Hspa12b,STomics,Kidney,Up,0.628112640718966,0.0070693098931517
4131,Spp2,STomics,Kidney,Down,-1.2745847152153,0.0070997123321743
4132,Cdc37,STomics,Kidney,Up,1.05045457246552,0.0070997123321743
4133,Asf1a,STomics,Kidney,Down,-0.992953873873072,0.0071091354808975
4134,Arrdc1,STomics,Kidney,Up,0.804083917019252,0.0071091354808975
4135,C1qb,STomics,Kidney,Up,1.13620103312349,0.0071267697258601
4136,St8sia1,STomics,Kidney,Up,0.541605749243281,0.007163437414177
4137,Pi4kb,STomics,Kidney,Up,0.661396263183469,0.0071926357350154
4138,Decr2,STomics,Kidney,Down,-1.43092230267238,0.0071926357350154
4139,Phykpl,STomics,Kidney,Down,-0.601540068218797,0.0071926357350154
4140,Mrps21,STomics,Kidney,Down,-0.916283542862661,0.0071944725847848
4141,Gm21321,STomics,Kidney,Down,-0.649529470426296,0.0072468871182852
4142,Tceal8,STomics,Kidney,Down,-0.888045242329154,0.0074144155805807
4143,Coq2,STomics,Kidney,Down,-0.539125109137541,0.0074144155805807
4144,Rrbp1,STomics,Kidney,Up,0.861675772635506,0.0074252458353996
4145,Hoxb2,STomics,Kidney,Down,-0.958652864831456,0.007455499133456
4146,Ak4,STomics,Kidney,Down,-1.13922464809068,0.0074979863599237
4147,Mettl5,STomics,Kidney,Down,-0.79890994663926,0.0075007589653726
4148,Cryl1,STomics,Kidney,Down,-1.24710889773702,0.0075442577839654
4149,Igha,STomics,Kidney,Up,2.79917463600088,0.0075442577839654
4150,Nat8f1,STomics,Kidney,Down,-1.19835892660588,0.0076295452859497
4151,Il13ra1,STomics,Kidney,Down,-0.689610987346644,0.007630571549052
4152,Serpinb1a,STomics,Kidney,Down,-1.05502242685576,0.0076547555710981
4153,Txnip,STomics,Kidney,Down,-0.63774626991368,0.0076547555710981
4154,Cxcl16,STomics,Kidney,Up,0.846037350322979,0.0077078253359857
4155,Sft2d1,STomics,Kidney,Down,-1.01538895033249,0.0077078253359857
4156,Sytl4,STomics,Kidney,Up,0.738205058709343,0.0077592342507511
4157,Fbxl19,STomics,Kidney,Up,0.738564153887812,0.0077969172394738
4158,Mettl1,STomics,Kidney,Down,-0.964150336573263,0.0078643249203141
4159,Gpi1,STomics,Kidney,Up,0.588894484448119,0.007931265412568
4160,Cct8,STomics,Kidney,Down,-0.567444964875524,0.0079933340238665
4161,Adamts2,STomics,Kidney,Up,0.855952302115079,0.0080375806830515
4162,Pno1,STomics,Kidney,Down,-0.685657162285525,0.0080379601067102
4163,Rbfox1,STomics,Kidney,Up,1.34862032039139,0.0081122077842222
4164,Asic2,STomics,Kidney,Up,1.73605551335166,0.0081246165576129
4165,Atp9b,STomics,Kidney,Up,0.718421243567371,0.0081246165576129
4166,Atg101,STomics,Kidney,Up,0.907551104411039,0.0081246165576129
4167,Stap2,STomics,Kidney,Up,0.941322452298091,0.008125955192826
4168,Slc27a3,STomics,Kidney,Down,-0.856049874774413,0.008125955192826
4169,Col18a1,STomics,Kidney,Up,0.767966453929049,0.008216427061439
4170,Trim30a,STomics,Kidney,Up,1.47960593306387,0.008216427061439
4171,Mettl7a1,STomics,Kidney,Down,-1.19533872669321,0.0082387026097228
4172,Ppa2,STomics,Kidney,Down,-0.610458174619448,0.0082387026097228
4173,Orc4,STomics,Kidney,Down,-0.551330634237857,0.0082665240484056
4174,Atp5b,STomics,Kidney,Up,0.736611344999594,0.0082928460027935
4175,1110059G10Rik,STomics,Kidney,Down,-0.8728913567207,0.0084237451732782
4176,Cntn5,STomics,Kidney,Up,1.47442096188319,0.00844121848816
4177,Ciita,STomics,Kidney,Up,1.09716793138959,0.0084712172982415
4178,Pank3,STomics,Kidney,Down,-0.558459892635058,0.0084769513588012
4179,Hax1,STomics,Kidney,Down,-0.725830908875313,0.0085222158551169
4180,Iqsec1,STomics,Kidney,Up,0.639391874944828,0.0086275132241436
4181,Cby1,STomics,Kidney,Down,-0.570755700718206,0.0086811881559005
4182,Ddx24,STomics,Kidney,Up,0.591364624737266,0.0086811881559005
4183,Krt7,STomics,Kidney,Up,0.695643992461478,0.0087312733960912
4184,Cep95,STomics,Kidney,Down,-0.575836012527291,0.0087312733960912
4185,Scpep1,STomics,Kidney,Down,-1.12683006069518,0.008736990146904
4186,Snx7,STomics,Kidney,Down,-0.679431674923788,0.0087412037927585
4187,Hagh,STomics,Kidney,Down,-0.579667198229586,0.0087428409276962
4188,Aadac,STomics,Kidney,Down,-1.1639627233088,0.0087428409276962
4189,Fxyd1,STomics,Kidney,Down,-0.895718565505296,0.0087885385495439
4190,Nrg1,STomics,Kidney,Up,0.95974212994327,0.0087986835875197
4191,Tchp,STomics,Kidney,Up,0.73901036468628,0.0087986835875197
4192,Rpn2,STomics,Kidney,Up,0.750638085132467,0.0087986835875197
4193,Nt5c,STomics,Kidney,Up,0.632062048784102,0.008839855259486
4194,Tsc2,STomics,Kidney,Up,0.593613746711671,0.008839855259486
4195,Hsbp1,STomics,Kidney,Down,-0.940995319504613,0.008839855259486
4196,Pdgfc,STomics,Kidney,Down,-0.702512297393914,0.008839855259486
4197,Usp11,STomics,Kidney,Up,0.67666086825788,0.008839855259486
4198,Eci1,STomics,Kidney,Down,-0.866525621452706,0.008839855259486
4199,Gnptg,STomics,Kidney,Down,-0.870183981719738,0.008839855259486
4200,Osbpl7,STomics,Kidney,Up,0.886922659857433,0.008839855259486
4201,Plscr1,STomics,Kidney,Down,-0.608436063369634,0.0091048128037582
4202,Hoxb4,STomics,Kidney,Up,0.64481943692277,0.009120526251173
4203,Gpx8,STomics,Kidney,Down,-1.00874197280862,0.0091476906896164
4204,Slc41a2,STomics,Kidney,Up,0.791887318520521,0.0091551410167374
4205,Hsd11b2,STomics,Kidney,Down,-1.2982910137234,0.0091643155780003
4206,Gm49936,STomics,Kidney,Up,0.783230925123056,0.0091928041117211
4207,Ttc39b,STomics,Kidney,Up,0.863504314727161,0.009192851618408
4208,Manea,STomics,Kidney,Down,-1.05895105560694,0.0092200901861329
4209,Denn2b,STomics,Kidney,Up,0.630850460119246,0.009231752237427
4210,Ldha,STomics,Kidney,Up,0.606452764792542,0.0092367299382327
4211,Ndufa4l2,STomics,Kidney,Down,-0.675510276118575,0.0092696722220056
4212,Sema3f,STomics,Kidney,Up,0.879382532197991,0.0092978471664335
4213,Sergef,STomics,Kidney,Up,0.592103490249393,0.0093059127160474
4214,Adh5,STomics,Kidney,Down,-0.632104554685058,0.0093967625750689
4215,Ccdc3,STomics,Kidney,Up,1.46891100545555,0.0094712732112313
4216,Klf9,STomics,Kidney,Down,-0.533068160178705,0.0094828585086442
4217,Rbm26,STomics,Kidney,Down,-0.535692724703599,0.0095363854756399
4218,Mrps10,STomics,Kidney,Down,-0.657933129495985,0.009681823993352
4219,Igsf11,STomics,Kidney,Down,-1.06489271934605,0.009681823993352
4220,Ctnna2,STomics,Kidney,Up,1.63874327468723,0.0097128358368908
4221,Il15,STomics,Kidney,Down,-0.624260039074411,0.0097131951687244
4222,Nmrk1,STomics,Kidney,Down,-1.48189255813068,0.0097313195864526
4223,Plekhg3,STomics,Kidney,Up,0.709457414835449,0.009792176998635
4224,Lst1,STomics,Kidney,Up,0.995633967287667,0.0098151617673436
4225,Acad11,STomics,Kidney,Down,-0.677278113440647,0.0098233118274753
4226,Nmd3,STomics,Kidney,Down,-0.609666999592491,0.0098295250176847
4227,Gdap2,STomics,Kidney,Up,0.601081756598211,0.0098313563453272
4228,Efemp2,STomics,Kidney,Up,0.665199725237704,0.0098601208316895
4229,Trmt112,STomics,Kidney,Down,-0.886195539642638,0.0099052667688323
4230,Tspan9,STomics,Kidney,Up,0.505291252770002,0.0099171088363002
4231,Ebna1bp2,STomics,Kidney,Down,-0.782405353936325,0.0099223636411907
4232,Rnf13,STomics,Kidney,Down,-0.584244473653535,0.0099223636411907
4233,Mogat1,STomics,Kidney,Down,-1.32116552434701,0.0099223636411907
4234,Tmc4,STomics,Kidney,Up,0.582352726360831,0.0100175017515718
4235,Irf5,STomics,Kidney,Down,-0.886183936462765,0.0100443639524715
4236,Fundc2,STomics,Kidney,Down,-0.635705583759804,0.0101098618303756
4237,C920021L13Rik,STomics,Kidney,Down,-0.650095911022592,0.0102341464697161
4238,Dpysl3,STomics,Kidney,Up,1.12371851120052,0.0102341464697161
4239,Ptpn18,STomics,Kidney,Up,0.760903875487845,0.0104112790563201
4240,Muc1,STomics,Kidney,Up,1.70270221464323,0.0105756889364644
4241,Zfp280d,STomics,Kidney,Down,-0.599987931910478,0.0106071440664539
4242,Cd55,STomics,Kidney,Down,-0.796925871471993,0.0106071440664539
4243,Gramd1b,STomics,Kidney,Up,0.993592796822518,0.0106424865243953
4244,Hspa9,STomics,Kidney,Up,0.741476401347218,0.0107190170076499
4245,Dpm2,STomics,Kidney,Down,-0.618140948730142,0.0108120331473285
4246,Ebag9,STomics,Kidney,Down,-0.571163784978771,0.0108999028889784
4247,Eif3e,STomics,Kidney,Down,-0.731911022333143,0.0109456219998145
4248,Fbp2,STomics,Kidney,Up,0.574832991749042,0.0109456219998145
4249,Smtn,STomics,Kidney,Up,0.573313049919346,0.0110479267478699
4250,Elk1,STomics,Kidney,Down,-0.70335981547527,0.0111412215814088
4251,Fastk,STomics,Kidney,Down,-1.13151266932923,0.0111924169854039
4252,Cuedc2,STomics,Kidney,Up,0.514735479107175,0.0111954902572801
4253,Tmem64,STomics,Kidney,Down,-1.05969490602832,0.0112078324755402
4254,Kansl1l,STomics,Kidney,Down,-0.70148387546731,0.0112490259273132
4255,Lamtor5,STomics,Kidney,Down,-0.566486226459782,0.0113127306063433
4256,Aqp6,STomics,Kidney,Up,0.995252122994656,0.0115033990825833
4257,Fbxo36,STomics,Kidney,Down,-0.599303861818617,0.0115033990825833
4258,Wdr55,STomics,Kidney,Down,-0.698463349435871,0.0115202918979046
4259,Ubr4,STomics,Kidney,Up,0.725846467861031,0.0115800407353665
4260,Drg1,STomics,Kidney,Up,0.603202532106056,0.0115800407353665
4261,Hltf,STomics,Kidney,Down,-0.583968441915405,0.0115800407353665
4262,Trpm3,STomics,Kidney,Up,1.12254316682147,0.0116994920469624
4263,Psmb7,STomics,Kidney,Down,-0.543276241228913,0.0117079296111347
4264,Hspe1,STomics,Kidney,Down,-0.710171106184443,0.0117526248828066
4265,Cenpv,STomics,Kidney,Down,-0.979122211230571,0.0117526248828066
4266,Ddit3,STomics,Kidney,Up,0.769030751824873,0.0117526248828066
4267,Kcnj16,STomics,Kidney,Up,0.727878937443236,0.0117831495145609
4268,1810024B03Rik,STomics,Kidney,Down,-0.856860357109894,0.0118203624175865
4269,Fgf12,STomics,Kidney,Up,1.21938816945639,0.0118203624175865
4270,Chac2,STomics,Kidney,Down,-0.665529521576859,0.0118649187565424
4271,Sepsecs,STomics,Kidney,Down,-0.722868031430125,0.0119051116396412
4272,Hus1,STomics,Kidney,Down,-0.688711362590711,0.0119231089441464
4273,Dhdh,STomics,Kidney,Up,0.759201057340255,0.0119729728605439
4274,Rabepk,STomics,Kidney,Down,-0.59498644990699,0.0119729728605439
4275,Fxyd5,STomics,Kidney,Up,1.05746387958323,0.0120007809456743
4276,Ikbkb,STomics,Kidney,Up,0.527044479244227,0.0120007809456743
4277,Kirrel3,STomics,Kidney,Up,1.42814752426624,0.0120030741425337
4278,Gatm,STomics,Kidney,Down,-1.16995766334536,0.0120518525970107
4279,Med21,STomics,Kidney,Down,-1.15183702093948,0.0120620408847615
4280,Slc22a29,STomics,Kidney,Down,-1.19596999263956,0.012146423467981
4281,Pcolce,STomics,Kidney,Up,0.563669021854095,0.012146423467981
4282,Etfrf1,STomics,Kidney,Down,-0.697492525296272,0.0121768147746413
4283,Laptm4b,STomics,Kidney,Up,1.05215704097257,0.0121768147746413
4284,Gm10175,STomics,Kidney,Down,-1.91548256335511,0.0122896473369269
4285,Ttc32,STomics,Kidney,Down,-0.868580230470541,0.012344190415853
4286,Fmc1,STomics,Kidney,Down,-1.11145741161976,0.012344190415853
4287,Tnfaip8,STomics,Kidney,Down,-0.842325129476658,0.012344291903685
4288,Slc40a1,STomics,Kidney,Down,-0.783086454787259,0.012344291903685
4289,Gm5526,STomics,Kidney,Up,1.2361748980898,0.0124318399601787
4290,Mad1l1,STomics,Kidney,Up,0.810523482975753,0.0125987430439804
4291,Snhg9,STomics,Kidney,Up,1.70242738581122,0.0126625942335353
4292,Bdh2,STomics,Kidney,Down,-1.04001977798866,0.0127356741276854
4293,Zfp839,STomics,Kidney,Up,0.629457827798672,0.0127671210011801
4294,Epdr1,STomics,Kidney,Down,-1.161393951946,0.0127821496113766
4295,Nrxn3,STomics,Kidney,Up,1.47371256660032,0.0128049834881518
4296,Cnot7,STomics,Kidney,Down,-0.645443194735363,0.0128116981186694
4297,Tlnrd1,STomics,Kidney,Down,-0.58761020575057,0.0128829761878073
4298,Bzw1,STomics,Kidney,Down,-0.65229161631729,0.0129009886999058
4299,Stk32b,STomics,Kidney,Up,0.761884557643575,0.0129009886999058
4300,9330111N05Rik,STomics,Kidney,Up,1.61302339498325,0.0129009886999058
4301,Kcnq5,STomics,Kidney,Up,1.45220304064508,0.0129009886999058
4302,Cyp26b1,STomics,Kidney,Up,1.12685916755394,0.0129648742637008
4303,Rcn3,STomics,Kidney,Up,0.549550243401347,0.0130388882457022
4304,Thap2,STomics,Kidney,Down,-0.650334210719201,0.0131340790981731
4305,Arhgap45,STomics,Kidney,Up,1.06114994643418,0.0131340790981731
4306,Lsamp,STomics,Kidney,Up,1.06808771801886,0.0131340790981731
4307,Dynll2,STomics,Kidney,Up,0.700856602943631,0.0131340790981731
4308,Creg1,STomics,Kidney,Down,-0.664780139937795,0.0132046629591368
4309,Fcgr3,STomics,Kidney,Up,0.703153827929749,0.0132116927534509
4310,Aacs,STomics,Kidney,Down,-1.11594129145009,0.0132116927534509
4311,Npas2,STomics,Kidney,Up,1.08695918654161,0.0132116927534509
4312,Npas3,STomics,Kidney,Up,1.69764625563627,0.0132269416470234
4313,Mylip,STomics,Kidney,Down,-0.60023060920104,0.0132405115328165
4314,Tmem11,STomics,Kidney,Down,-0.510855673791151,0.0133040774368405
4315,Slc1a2,STomics,Kidney,Up,1.29444766612562,0.0133040774368405
4316,Tbc1d12,STomics,Kidney,Down,-0.757100262932064,0.0133040774368405
4317,Sdf4,STomics,Kidney,Up,0.505849913064635,0.0133164413626196
4318,Bhmt,STomics,Kidney,Down,-1.19833862620919,0.0133350942363071
4319,Plpp6,STomics,Kidney,Down,-0.871629345058869,0.0133853822047011
4320,Fam220a,STomics,Kidney,Down,-0.742794792268704,0.0134204267965683
4321,Plekha2,STomics,Kidney,Up,0.558698850199904,0.013422123825524
4322,Stradb,STomics,Kidney,Down,-0.906013387765461,0.013463138087678
4323,Etfb,STomics,Kidney,Up,0.623101249632479,0.013463138087678
4324,Emc10,STomics,Kidney,Up,1.43686235293367,0.0135144983398896
4325,Tmem165,STomics,Kidney,Down,-0.671193822125531,0.0135259852780849
4326,Noc2l,STomics,Kidney,Up,0.551226751131118,0.0135259852780849
4327,Uchl1,STomics,Kidney,Up,1.01711863442791,0.0135753742916248
4328,Dync1h1,STomics,Kidney,Up,0.908468724039481,0.0135753742916248
4329,Lztfl1,STomics,Kidney,Down,-0.788964075061573,0.013589611395371
4330,Oasl2,STomics,Kidney,Up,0.611701522154797,0.0136292707429641
4331,Gramd1a,STomics,Kidney,Up,0.540935373450555,0.0138269439848092
4332,Eri3,STomics,Kidney,Up,0.52936379169324,0.0138388546280374
4333,Septin2,STomics,Kidney,Down,-0.510553656815923,0.0138829306264011
4334,Runx1,STomics,Kidney,Up,1.24075237142755,0.0138892383183101
4335,Haus2,STomics,Kidney,Down,-0.697732319416745,0.0139088456449468
4336,Slc22a6,STomics,Kidney,Down,-1.40413430997643,0.0139088456449468
4337,H2aw,STomics,Kidney,Down,-0.682714537262059,0.0139088456449468
4338,Fam98a,STomics,Kidney,Up,0.570164024518305,0.0139562780306421
4339,Gm30551,STomics,Kidney,Up,0.810023485268835,0.0140304444463999
4340,Gm45193,STomics,Kidney,Up,0.588395129786825,0.0140304444463999
4341,Stim1,STomics,Kidney,Up,0.500754225733761,0.0140304444463999
4342,Gm42067,STomics,Kidney,Down,-0.81331480927761,0.0140601936853139
4343,Lman1,STomics,Kidney,Down,-0.561713040588987,0.0140601936853139
4344,Rilpl1,STomics,Kidney,Up,0.816657974359943,0.0140625543540472
4345,Ighm,STomics,Kidney,Up,2.35959284551913,0.0141994807133428
4346,Tcirg1,STomics,Kidney,Up,1.36182046801824,0.0142602208757165
4347,Sectm1b,STomics,Kidney,Down,-1.76852810372447,0.014368500518496
4348,Axl,STomics,Kidney,Up,0.551908286326651,0.014368500518496
4349,Pigh,STomics,Kidney,Down,-0.654382624051865,0.0144063951678525
4350,Aimp1,STomics,Kidney,Down,-0.640483711064496,0.0144363286458483
4351,Rrp12,STomics,Kidney,Up,0.774191212253863,0.0145020429806778
4352,Thyn1,STomics,Kidney,Down,-0.828670529497872,0.0145373355201516
4353,Nrde2,STomics,Kidney,Up,0.59373660162509,0.0146191440561648
4354,Tpm3,STomics,Kidney,Up,1.07580939989186,0.0146306404491284
4355,Gpatch2l,STomics,Kidney,Up,0.586184554002722,0.0146417630814399
4356,N4bp3,STomics,Kidney,Up,0.868929728303041,0.0146417630814399
4357,Npm3,STomics,Kidney,Down,-0.665787235523918,0.0146417630814399
4358,Slc6a13,STomics,Kidney,Up,0.854268911531445,0.0147070232921278
4359,Hdac4,STomics,Kidney,Up,0.569139449077952,0.0147070232921278
4360,Map2k7,STomics,Kidney,Up,0.642577129458904,0.0147272848001046
4361,Kin,STomics,Kidney,Down,-0.736100651617694,0.0147668053750086
4362,Fkrp,STomics,Kidney,Down,-0.576864261064391,0.0147720207196816
4363,Slc5a10,STomics,Kidney,Up,0.826664047472478,0.0148399677626139
4364,Sema4b,STomics,Kidney,Up,0.611395153643045,0.0148402745413214
4365,Arhgap22,STomics,Kidney,Up,0.8989754431911,0.0148479143500108
4366,Sap30,STomics,Kidney,Down,-0.782759173128023,0.0148479143500108
4367,Pbxip1,STomics,Kidney,Up,0.734462457558366,0.0148479143500108
4368,Slfn2,STomics,Kidney,Up,0.594397431704155,0.0148479143500108
4369,Olfm3,STomics,Kidney,Down,-1.12936620988989,0.0148479143500108
4370,Id2,STomics,Kidney,Down,-1.46205168901375,0.0148755913427772
4371,Naaladl2,STomics,Kidney,Up,1.15907184952968,0.0148755913427772
4372,Apip,STomics,Kidney,Down,-0.573879015656217,0.0149260215368221
4373,Ndufc2,STomics,Kidney,Down,-1.12320359742235,0.0150134170904749
4374,Smox,STomics,Kidney,Up,0.869343175939904,0.015033612547113
4375,Vps26a,STomics,Kidney,Down,-0.576480879123555,0.015060500689938
4376,Slc29a1,STomics,Kidney,Down,-1.01927814761723,0.0151533113213325
4377,Ap5m1,STomics,Kidney,Down,-0.721224522591496,0.0151533113213325
4378,Ttf2,STomics,Kidney,Up,0.692507347681627,0.0151533113213325
4379,Tmem216,STomics,Kidney,Down,-0.968371929515388,0.0151533113213325
4380,Rcsd1,STomics,Kidney,Up,0.583286575130829,0.0151622597335152
4381,Socs4,STomics,Kidney,Down,-0.684913292879502,0.0151694307144753
4382,Ak2,STomics,Kidney,Down,-0.546470582425293,0.0152206519942757
4383,Trf,STomics,Kidney,Up,0.542781216857106,0.0152585766715554
4384,Pura,STomics,Kidney,Down,-0.662938439101942,0.0152585766715554
4385,Ubr7,STomics,Kidney,Down,-0.574796442028147,0.0152585766715554
4386,Ntn4,STomics,Kidney,Up,0.739647411077502,0.0152585766715554
4387,Dipk1a,STomics,Kidney,Down,-0.600182668393088,0.0154514705226042
4388,Rnf19a,STomics,Kidney,Up,0.461893308470499,0.0154514705226042
4389,Arf1,STomics,Kidney,Down,-0.595823160202163,0.0154514705226042
4390,Hdac1,STomics,Kidney,Down,-0.539902709514759,0.0154692951853652
4391,Ints12,STomics,Kidney,Down,-0.629788413011937,0.0155092448467934
4392,Tubb2b,STomics,Kidney,Up,1.20850051323797,0.0156285178854667
4393,Alg14,STomics,Kidney,Down,-0.784909499994028,0.0156456359550676
4394,St6galnac5,STomics,Kidney,Up,1.72507399986171,0.0156456359550676
4395,Cavin1,STomics,Kidney,Up,0.894565495032942,0.0156456359550676
4396,Clstn2,STomics,Kidney,Up,1.28504489506798,0.0156456359550676
4397,Gm1673,STomics,Kidney,Up,1.28075076141751,0.015653614790212
4398,Plxnd1,STomics,Kidney,Up,0.550092505623939,0.0156681592762298
4399,Tlcd4,STomics,Kidney,Up,1.57139305212404,0.0158097852853284
4400,Cic,STomics,Kidney,Up,0.553621021803616,0.0158550595114411
4401,Agt,STomics,Kidney,Up,1.0781971598961,0.0159358586594691
4402,Lpar3,STomics,Kidney,Down,-1.5597751833579,0.0159358586594691
4403,Lta4h,STomics,Kidney,Down,-0.732315192053939,0.0159849564387316
4404,Bcap29,STomics,Kidney,Down,-0.69539924380907,0.0160489734460192
4405,Lfng,STomics,Kidney,Up,0.935279796162896,0.0160628466976044
4406,Ank2,STomics,Kidney,Up,1.23173275073275,0.0161281885349857
4407,Cuedc1,STomics,Kidney,Up,0.485968043552499,0.0161281885349857
4408,Ndufb6,STomics,Kidney,Down,-0.925403478629472,0.0162558860866429
4409,Tspan18,STomics,Kidney,Down,-0.681356968006885,0.0162558860866429
4410,Pdik1l,STomics,Kidney,Down,-0.718115836954628,0.0162617462185154
4411,Itpr3,STomics,Kidney,Up,0.741603421054575,0.0163766221622684
4412,Cd44,STomics,Kidney,Up,1.17446889790955,0.0164103211709281
4413,Atp2a3,STomics,Kidney,Up,1.07063176956449,0.0164327177167085
4414,Eepd1,STomics,Kidney,Up,0.87578541262521,0.0164616535712495
4415,Actb,STomics,Kidney,Up,0.912612441947795,0.0165979954415355
4416,Epn3,STomics,Kidney,Up,1.07230223941623,0.0169244009426293
4417,Rgs12,STomics,Kidney,Up,0.710044155396333,0.0170430533940831
4418,Spcs2,STomics,Kidney,Down,-0.699964750073572,0.0170699342056548
4419,Snx16,STomics,Kidney,Down,-0.650182295155449,0.0170743059403789
4420,Gstt1,STomics,Kidney,Down,-0.771843976891547,0.0170758662133042
4421,Fgfr2,STomics,Kidney,Up,0.862045873830804,0.0172748967948122
4422,Ly6e,STomics,Kidney,Up,0.731195492888633,0.0172861214531707
4423,Spc25,STomics,Kidney,Down,-0.640116961808222,0.0172975620898394
4424,Bcar1,STomics,Kidney,Down,-0.783842209925849,0.0173712338653356
4425,Vma21,STomics,Kidney,Down,-0.750944619608884,0.0174208609998612
4426,Ube2g1,STomics,Kidney,Down,-0.515993078068271,0.0174208609998612
4427,Nxn,STomics,Kidney,Up,0.530849552092313,0.0174208609998612
4428,Atp1b1,STomics,Kidney,Up,0.689185286742381,0.0174208609998612
4429,Tmem242,STomics,Kidney,Down,-0.539460745838716,0.0174208609998612
4430,St6galnac6,STomics,Kidney,Up,0.684497788767086,0.0174208609998612
4431,Gm17276,STomics,Kidney,Up,0.609534746936391,0.0174208609998612
4432,Tns1,STomics,Kidney,Up,0.956290727030179,0.0174232493605015
4433,Mrpl22,STomics,Kidney,Down,-0.745557632525488,0.0174545754177206
4434,Hint3,STomics,Kidney,Down,-0.811736544958667,0.0174545754177206
4435,Rcn2,STomics,Kidney,Down,-0.551690777672765,0.0175449270335009
4436,Mrps31,STomics,Kidney,Down,-0.644826147544189,0.0176635468622143
4437,Rab3gap1,STomics,Kidney,Up,0.479560598384602,0.0176826284332731
4438,Galns,STomics,Kidney,Up,1.18380831593454,0.0177336792053259
4439,Elp1,STomics,Kidney,Up,0.669993815389454,0.0177984437031608
4440,Gm32461,STomics,Kidney,Down,-1.49334806817296,0.017849384519467
4441,Ahi1,STomics,Kidney,Up,0.541514382322402,0.0178593136636018
4442,Lonrf1,STomics,Kidney,Down,-0.951280070152487,0.0179045762521346
4443,Bend5,STomics,Kidney,Down,-0.494857809757297,0.017909856581376
4444,Irak1bp1,STomics,Kidney,Down,-0.527922850468966,0.0180138675684737
4445,Amn1,STomics,Kidney,Down,-0.525798010429805,0.0181162833491664
4446,Mtif2,STomics,Kidney,Down,-0.497283954958541,0.0182368168107487
4447,Nipal2,STomics,Kidney,Up,0.638822010782959,0.0183231960165946
4448,Nudcd2,STomics,Kidney,Down,-0.971736830029765,0.0184271790356835
4449,Emc1,STomics,Kidney,Up,1.38722855896739,0.0184508768700708
4450,Psmg1,STomics,Kidney,Down,-0.63401092433609,0.0184681236558618
4451,Pex11a,STomics,Kidney,Down,-0.767282621100715,0.0185017698133778
4452,Cp,STomics,Kidney,Up,0.479428387749192,0.0185125524094007
4453,Mzt1,STomics,Kidney,Down,-1.10467147752837,0.0185259753579502
4454,Tnpo2,STomics,Kidney,Up,0.770458380486943,0.0185288818560751
4455,Wars,STomics,Kidney,Up,0.627222900228307,0.0185318407375845
4456,Las1l,STomics,Kidney,Up,0.508515636823349,0.0187548285385355
4457,Orai1,STomics,Kidney,Up,1.17575208368482,0.0188504034674166
4458,Itgav,STomics,Kidney,Up,0.87095747269906,0.0188504034674166
4459,Dazap1,STomics,Kidney,Up,0.684103187048368,0.0189401061172527
4460,Lpgat1,STomics,Kidney,Up,0.661407262750855,0.0189993336599818
4461,Bspry,STomics,Kidney,Up,0.942235737315301,0.0191622918607072
4462,Hnrnpa1,STomics,Kidney,Up,0.857744338167062,0.01920166279326
4463,Kti12,STomics,Kidney,Down,-0.863276580648252,0.0194198148208588
4464,BC004004,STomics,Kidney,Up,0.503133347132609,0.0194266018121287
4465,Cc2d1a,STomics,Kidney,Up,0.763244230988511,0.0194266018121287
4466,Aph1a,STomics,Kidney,Down,-0.628348637561389,0.0195300505373077
4467,Emc7,STomics,Kidney,Down,-0.711295294846988,0.0195782173729225
4468,Cops6,STomics,Kidney,Up,0.615352391617353,0.019584835439712
4469,Mpzl2,STomics,Kidney,Down,-0.796483041475207,0.0197596752910063
4470,Ccz1,STomics,Kidney,Down,-0.485612117774222,0.0198710781505432
4471,Dgcr8,STomics,Kidney,Up,0.557931250670943,0.0198995997093002
4472,Flt3l,STomics,Kidney,Up,0.713252337369035,0.0198995997093002
4473,Nxpe4,STomics,Kidney,Up,1.13265617688442,0.0199408772910805
4474,Slc16a1,STomics,Kidney,Down,-0.88212287473122,0.0199568728994255
4475,Timm9,STomics,Kidney,Down,-1.03097653154538,0.0200498503639164
4476,Bag1,STomics,Kidney,Up,0.90424289858923,0.0204703890029235
4477,Pigf,STomics,Kidney,Down,-0.81263478704408,0.0205411812403746
4478,Phyhipl,STomics,Kidney,Down,-0.536875055495993,0.0205457988736868
4479,Gja5,STomics,Kidney,Up,0.67243589294985,0.0206112261516572
4480,Smarcd3,STomics,Kidney,Up,0.583566031444929,0.0206389562828913
4481,Cct5,STomics,Kidney,Up,0.508861468705435,0.0207690355335133
4482,Col5a2,STomics,Kidney,Up,0.518485313923956,0.0208117528642666
4483,Fam219a,STomics,Kidney,Up,0.61990165665316,0.0212420373706639
4484,Rbm20,STomics,Kidney,Up,0.703141684763079,0.0212484078969491
4485,Tmem42,STomics,Kidney,Down,-0.78091716826508,0.0212523476636824
4486,Rbmx,STomics,Kidney,Down,-0.585347517533857,0.0212523476636824
4487,Mep1b,STomics,Kidney,Down,-0.561523684181366,0.0213003599097942
4488,Mpeg1,STomics,Kidney,Up,0.537263570516402,0.0213351756157556
4489,Vamp8,STomics,Kidney,Up,0.474486247872973,0.0214249990042743
4490,Lamp1,STomics,Kidney,Up,0.61575031459439,0.0214249990042743
4491,Fau,STomics,Kidney,Up,0.826167276789444,0.0214249990042743
4492,Gatad1,STomics,Kidney,Down,-0.595203972138223,0.0214249990042743
4493,Fmo2,STomics,Kidney,Down,-0.895407311623731,0.0214869489889119
4494,Ankrd46,STomics,Kidney,Down,-0.545748652927156,0.0216867227077292
4495,Slc5a2,STomics,Kidney,Down,-1.43667376220402,0.0221238508705014
4496,Osr2,STomics,Kidney,Down,-0.610179269463142,0.022151108719791
4497,Rab11fip1,STomics,Kidney,Up,0.761658581517289,0.0222481773592787
4498,Cx3cr1,STomics,Kidney,Up,0.856412027436395,0.0224731596178403
4499,Tfpi2,STomics,Kidney,Down,-1.18041802457594,0.0224772205726279
4500,Vps37c,STomics,Kidney,Up,0.754147406036652,0.0225250347272974
4501,Cdc123,STomics,Kidney,Down,-0.636712753800799,0.0226605548241536
4502,Gm15962,STomics,Kidney,Down,-1.7027012474081,0.0226605548241536
4503,Rpn1,STomics,Kidney,Up,0.642310642155281,0.0226605548241536
4504,B4galnt1,STomics,Kidney,Up,1.34214025726604,0.0227352626046586
4505,Ss18l1,STomics,Kidney,Up,0.519161257537581,0.0227476628911139
4506,Tchh,STomics,Kidney,Down,-0.710092038277226,0.0228081359152215
4507,Aopep,STomics,Kidney,Up,0.62415735922718,0.0228081359152215
4508,Cadm1,STomics,Kidney,Up,0.636329092968356,0.0228952091382347
4509,Kat14,STomics,Kidney,Up,0.596817301169522,0.0229831835945816
4510,Tgfbi,STomics,Kidney,Up,0.646407408228965,0.0229856791734171
4511,Mtln,STomics,Kidney,Down,-1.00673474324575,0.0229856791734171
4512,Umod,STomics,Kidney,Up,0.817453158241984,0.0229856791734171
4513,Rell1,STomics,Kidney,Up,0.66841412746808,0.0229856791734171
4514,4930434B07Rik,STomics,Kidney,Up,0.514158651554712,0.0230007954161306
4515,Rdh5,STomics,Kidney,Down,-0.51497742016972,0.0230007954161306
4516,F13b,STomics,Kidney,Down,-1.04278012823409,0.0230007954161306
4517,Mettl26,STomics,Kidney,Down,-0.571169298389087,0.0230007954161306
4518,Ralyl,STomics,Kidney,Up,1.32488333077068,0.0230060589039915
4519,P2ry2,STomics,Kidney,Up,0.889959223411883,0.0230650831505054
4520,5730437C11Rik,STomics,Kidney,Up,0.960377080003362,0.0231663960482897
4521,Afmid,STomics,Kidney,Down,-1.47929754545816,0.0232165999732357
4522,Prmt1,STomics,Kidney,Up,0.555862093847401,0.0232372263575996
4523,Grk6,STomics,Kidney,Up,0.692497381167898,0.0232917935558395
4524,Gm9926,STomics,Kidney,Up,0.709958670370918,0.0233185183287134
4525,Polr1h,STomics,Kidney,Down,-0.885786788032055,0.0233185183287134
4526,Atraid,STomics,Kidney,Down,-0.59507189644848,0.0233686747471297
4527,Tnip1,STomics,Kidney,Up,0.475642928217996,0.0233686747471297
4528,Lin52,STomics,Kidney,Down,-0.470959696908823,0.0236358860824421
4529,AI661453,STomics,Kidney,Up,0.589011625082481,0.0236835406478157
4530,Magt1,STomics,Kidney,Down,-0.482785569340363,0.0237044359758721
4531,1700016C15Rik,STomics,Kidney,Up,0.824415255657939,0.023824353916057
4532,Mmut,STomics,Kidney,Down,-0.595997383529119,0.0238467965780002
4533,Aco1,STomics,Kidney,Down,-0.714096813908387,0.0238467965780002
4534,Ddx5,STomics,Kidney,Up,0.634514459061147,0.0239046446205836
4535,Coro1a,STomics,Kidney,Up,0.738350691966129,0.0239046446205836
4536,Cdca7l,STomics,Kidney,Up,0.846335134485401,0.0239046446205836
4537,Atp1a1,STomics,Kidney,Up,1.00182795188061,0.0240080457299605
4538,Zfat,STomics,Kidney,Up,0.881424222942502,0.0240080457299605
4539,Srsf1,STomics,Kidney,Down,-0.495143966986401,0.0240080457299605
4540,Ddb1,STomics,Kidney,Up,0.507740806457019,0.0240080457299605
4541,Uso1,STomics,Kidney,Down,-0.556686121796235,0.0240080457299605
4542,Ppip5k1,STomics,Kidney,Up,0.712956443679772,0.0240159185140241
4543,Mvb12a,STomics,Kidney,Up,0.702691364983913,0.0240159185140241
4544,Slc39a9,STomics,Kidney,Down,-0.519230079929053,0.024030596681111
4545,Trip10,STomics,Kidney,Up,0.650666236649503,0.024030596681111
4546,Slc4a4,STomics,Kidney,Down,-1.14058645596076,0.0241301802629004
4547,Ubiad1,STomics,Kidney,Down,-0.823946124469679,0.0241430445433777
4548,Clic5,STomics,Kidney,Down,-0.696514403656466,0.0241430445433777
4549,Plekhb1,STomics,Kidney,Up,0.861218152311599,0.0241523143356175
4550,Ensa,STomics,Kidney,Up,0.515740889683873,0.0242975575870705
4551,2700046G09Rik,STomics,Kidney,Down,-0.824887350789084,0.0243039620922757
4552,Tbc1d9,STomics,Kidney,Up,1.01204626869179,0.024370257944496
4553,Ctsl,STomics,Kidney,Down,-0.653638744747636,0.0245947972905925
4554,Gm17066,STomics,Kidney,Down,-0.804548048344657,0.0246339800566552
4555,Phtf2,STomics,Kidney,Down,-0.678946444480579,0.0247329447436379
4556,2610021A01Rik,STomics,Kidney,Down,-0.655983702250733,0.0247714412596894
4557,Fbf1,STomics,Kidney,Up,0.613277164534053,0.0250249805205766
4558,Cd74,STomics,Kidney,Up,1.5748796111227,0.0250424018308282
4559,Arf5,STomics,Kidney,Down,-1.00194047911531,0.0251725218497489
4560,Rbbp5,STomics,Kidney,Down,-0.568706720027132,0.0252595272360936
4561,Nars,STomics,Kidney,Up,0.467660124429137,0.0253734884724138
4562,Slc6a6,STomics,Kidney,Up,1.05047926352113,0.0254229325810628
4563,Tut1,STomics,Kidney,Down,-0.611602565551275,0.0255059225066788
4564,Eps8l1,STomics,Kidney,Up,1.31268273386921,0.0255059225066788
4565,Usp4,STomics,Kidney,Up,0.611084653953169,0.0255059225066788
4566,Prom1,STomics,Kidney,Up,0.590910764108127,0.0255059225066788
4567,Zfp622,STomics,Kidney,Up,0.587754713073395,0.0255059225066788
4568,Socs2,STomics,Kidney,Down,-0.866187430375376,0.0255059225066788
4569,Hk1,STomics,Kidney,Up,1.1656625817098,0.0255104611247993
4570,Supt6,STomics,Kidney,Up,0.640359840342922,0.0255104611247993
4571,Col3a1,STomics,Kidney,Down,-0.684048081340961,0.0255345547094116
4572,Rnf152,STomics,Kidney,Down,-0.722439908723056,0.0256721840821536
4573,Rgs5,STomics,Kidney,Down,-0.735087705052564,0.0256901933790031
4574,Vstm4,STomics,Kidney,Down,-0.693423096010348,0.0257631775667916
4575,Aass,STomics,Kidney,Down,-0.960109832484874,0.0259093713578113
4576,Snrpc,STomics,Kidney,Down,-1.10384587727447,0.0259620770211419
4577,Car3,STomics,Kidney,Down,-1.25395778167712,0.0262400610058651
4578,Ctc1,STomics,Kidney,Up,0.815495010427753,0.0262435869744765
4579,Chl1,STomics,Kidney,Up,1.46995725884365,0.0262435869744765
4580,Skap1,STomics,Kidney,Up,1.27425941712766,0.0262439227759253
4581,Galnt15,STomics,Kidney,Up,0.862189587587062,0.0262563938357733
4582,Nudcd3,STomics,Kidney,Up,0.644610343615103,0.0262563938357733
4583,Rpusd4,STomics,Kidney,Down,-0.563633381631493,0.0262832055394166
4584,Mctp1,STomics,Kidney,Up,1.90298564150155,0.0263039717951732
4585,Mrpl39,STomics,Kidney,Down,-0.621322138180432,0.026327942929675
4586,Tor1b,STomics,Kidney,Up,0.586645991989919,0.0263701502944033
4587,Med4,STomics,Kidney,Down,-0.725727504319757,0.0264800175178036
4588,Mapkapk5,STomics,Kidney,Down,-1.11676148547938,0.0264800175178036
4589,Apoa2,STomics,Kidney,Down,-0.94710910355654,0.0265497966757905
4590,Slc22a30,STomics,Kidney,Down,-1.51502321406583,0.0265802094221182
4591,Rab28,STomics,Kidney,Up,0.958673893750675,0.0265802094221182
4592,Slc7a12,STomics,Kidney,Down,-0.581393994730023,0.0267874940779687
4593,Tnrc18,STomics,Kidney,Up,0.437819670224699,0.0267966556965148
4594,Immt,STomics,Kidney,Up,0.495261751791806,0.026857010359995
4595,Rack1,STomics,Kidney,Up,0.567511452023593,0.0270103041945024
4596,Cox18,STomics,Kidney,Down,-0.547937193603891,0.0271125866760218
4597,Thnsl2,STomics,Kidney,Down,-0.886746572353842,0.0271125866760218
4598,Tmem63a,STomics,Kidney,Up,0.703563219600973,0.0271125866760218
4599,Cyp2j11,STomics,Kidney,Down,-0.805392583473591,0.027227064526375
4600,Bloc1s5,STomics,Kidney,Up,0.466507406708005,0.0273239753183875
4601,Zfp36l2,STomics,Kidney,Down,-0.855231558240382,0.0273387108564836
4602,Megf8,STomics,Kidney,Up,0.773539420109793,0.0273432674767831
4603,Sned1,STomics,Kidney,Up,0.553895026464435,0.0273996204713591
4604,Krt80,STomics,Kidney,Up,0.626582136866534,0.0273996204713591
4605,Nup50,STomics,Kidney,Up,0.604566789903887,0.0273996204713591
4606,Usp21,STomics,Kidney,Down,-0.656080402630693,0.0273996204713591
4607,Jkamp,STomics,Kidney,Down,-0.711345488039084,0.0273996204713591
4608,Gm3716,STomics,Kidney,Down,-1.06198559553092,0.0273996204713591
4609,Nadk,STomics,Kidney,Down,-0.689007547028271,0.0274803099893012
4610,Ccser2,STomics,Kidney,Down,-0.698089457450536,0.0276764562461604
4611,Gm50364,STomics,Kidney,Down,-0.616681312187118,0.0277724708807574
4612,Ssh2,STomics,Kidney,Up,0.517689167668006,0.0277724708807574
4613,Arhgap15,STomics,Kidney,Up,1.18367925325166,0.027801954916034
4614,Fgl1,STomics,Kidney,Down,-0.913924422129889,0.0278474219312873
4615,Scd1,STomics,Kidney,Down,-0.520769451622509,0.0278626740100545
4616,Insrr,STomics,Kidney,Down,-1.24148782758464,0.0278626740100545
4617,Sugct,STomics,Kidney,Down,-0.611323543949862,0.0278783774521813
4618,Pdgfb,STomics,Kidney,Down,-0.82403321507461,0.0279285362403759
4619,Spata5,STomics,Kidney,Up,0.830231019329303,0.0279643770309374
4620,Jdp2,STomics,Kidney,Up,1.20945372935424,0.0280566776650422
4621,Bvht,STomics,Kidney,Down,-0.734337195399431,0.0281392294606342
4622,Cmpk1,STomics,Kidney,Down,-0.698612127145674,0.0282223733927561
4623,H2bc4,STomics,Kidney,Down,-0.68215093603186,0.0282231080455132
4624,1810037I17Rik,STomics,Kidney,Down,-1.3847106036145,0.0284118239946016
4625,Keg1,STomics,Kidney,Down,-1.11478553042672,0.0287320469017267
4626,5730409E04Rik,STomics,Kidney,Up,0.708963254463254,0.0287444261283027
4627,Ggt1,STomics,Kidney,Up,0.90166907921423,0.0287754380307114
4628,Adipoq,STomics,Kidney,Down,-1.42381545012014,0.0287754380307114
4629,Api5,STomics,Kidney,Down,-0.455964468944216,0.0287754380307114
4630,Lrp8,STomics,Kidney,Up,0.609393198135999,0.0287755843831051
4631,Ttc30b,STomics,Kidney,Down,-0.958023391887698,0.0287829296721876
4632,Gm45928,STomics,Kidney,Down,-0.811419019931666,0.0289466276106096
4633,Lum,STomics,Kidney,Up,1.04429808755311,0.0289466276106096
4634,Gm20716,STomics,Kidney,Down,-0.714639547258341,0.0290037367379015
4635,Sult2b1,STomics,Kidney,Up,1.50746227890589,0.0290211490365502
4636,Rab9,STomics,Kidney,Down,-0.909386281317065,0.0290211490365502
4637,Trpm4,STomics,Kidney,Up,0.698131535932951,0.0290283605234061
4638,Aldh1a2,STomics,Kidney,Up,0.762465876003461,0.0290283605234061
4639,Fdx1,STomics,Kidney,Down,-0.660110970320266,0.0290283605234061
4640,Tmem185a,STomics,Kidney,Down,-0.603963650250174,0.0290716267426026
4641,4930430F08Rik,STomics,Kidney,Down,-0.679148331123795,0.0290716267426026
4642,Krcc1,STomics,Kidney,Down,-0.792896414512317,0.0290716267426026
4643,Ehmt2,STomics,Kidney,Up,0.759886313214418,0.029082076282885
4644,Selenok,STomics,Kidney,Down,-0.804711875761214,0.0292712881761897
4645,Errfi1,STomics,Kidney,Down,-0.926167855853662,0.0295754579237202
4646,Herpud2,STomics,Kidney,Down,-0.809994162915423,0.0296825600820345
4647,Zbtb42,STomics,Kidney,Up,1.22496348351954,0.0296825600820345
4648,Gtf2f1,STomics,Kidney,Up,0.484043646204426,0.0297262942336072
4649,Tfpi,STomics,Kidney,Down,-0.549357879144842,0.0298468639471135
4650,A530072M11Rik,STomics,Kidney,Up,1.05200399617138,0.0300267695532401
4651,Rmnd5a,STomics,Kidney,Down,-0.563518487983352,0.0300902034506446
4652,Eif6,STomics,Kidney,Up,1.17724563114524,0.0300902034506446
4653,Brd4,STomics,Kidney,Up,0.491904540433315,0.0300902034506446
4654,Gm15283,STomics,Kidney,Up,0.815902775033966,0.0300902034506446
4655,Snhg3,STomics,Kidney,Down,-0.950043824559987,0.0301029510650207
4656,Apobec3,STomics,Kidney,Up,0.660023891767742,0.0301029510650207
4657,Evpl,STomics,Kidney,Up,0.700678015292204,0.0301029510650207
4658,Ephb2,STomics,Kidney,Up,1.02238671191619,0.0301029510650207
4659,Hoxc9,STomics,Kidney,Down,-0.773958002320755,0.0302417097504688
4660,Mgat4c,STomics,Kidney,Up,1.32565938917511,0.0303364506852536
4661,Inpp5d,STomics,Kidney,Up,0.874224417998361,0.0303364506852536
4662,Ssrp1,STomics,Kidney,Up,0.686285261514665,0.030375076777876
4663,Sugp2,STomics,Kidney,Up,0.57988352991789,0.0304156334439979
4664,Tax1bp1,STomics,Kidney,Down,-0.473486626978235,0.0304156334439979
4665,Tmem80,STomics,Kidney,Down,-0.757851690866822,0.0304450372933534
4666,Lrrc47,STomics,Kidney,Up,0.54825102949385,0.0305961058647502
4667,Zbtb16,STomics,Kidney,Up,1.8189732066517,0.0308731871044396
4668,Nlgn1,STomics,Kidney,Up,1.24944963765134,0.030891167401555
4669,Tnrc6a,STomics,Kidney,Up,0.448254195278418,0.030891167401555
4670,Azin1,STomics,Kidney,Down,-0.535969462307001,0.030891167401555
4671,Rnpc3,STomics,Kidney,Down,-0.712876772285797,0.030891167401555
4672,Klc2,STomics,Kidney,Up,0.802085587922938,0.0308935455809676
4673,Gnpda2,STomics,Kidney,Down,-0.846791684935498,0.0309655802245075
4674,Eif4a2,STomics,Kidney,Down,-0.6853437973624,0.0310385031941603
4675,Yae1d1,STomics,Kidney,Down,-0.679497871834987,0.0310385031941603
4676,Arrb2,STomics,Kidney,Up,0.481900846049192,0.0311356239013965
4677,Runx2,STomics,Kidney,Up,1.01086294666086,0.0311356239013965
4678,Rdh10,STomics,Kidney,Down,-0.471514455401221,0.0311356239013965
4679,Cygb,STomics,Kidney,Up,0.859108899190016,0.0311450566254663
4680,Tbc1d19,STomics,Kidney,Down,-0.507214478597686,0.0311450566254663
4681,Iars,STomics,Kidney,Up,0.497555803266594,0.0311450566254663
4682,Sap30bp,STomics,Kidney,Up,0.654118084280234,0.031223786339655
4683,Dhx37,STomics,Kidney,Up,0.579543613359049,0.0313420549025275
4684,Ube2a,STomics,Kidney,Down,-0.559029219581418,0.0313420549025275
4685,Vps26c,STomics,Kidney,Down,-0.492508203749038,0.0313827344203846
4686,Dcdc2a,STomics,Kidney,Up,1.11976690945994,0.0314826256510685
4687,Gm48226,STomics,Kidney,Down,-0.999858929719904,0.0315743903487374
4688,Dlg2,STomics,Kidney,Up,1.0083270393498,0.0315841561093019
4689,Pcp4l1,STomics,Kidney,Down,-0.727704900732809,0.0315951055440003
4690,Flywch1,STomics,Kidney,Up,0.534965805966789,0.0315951055440003
4691,Slc22a8,STomics,Kidney,Down,-1.50790785677254,0.0316002301109322
4692,Wfdc17,STomics,Kidney,Up,0.817635612557862,0.0316446001602283
4693,Hbb-bs,STomics,Kidney,Down,-1.2019689309728,0.0316533664409024
4694,Ccdc6,STomics,Kidney,Down,-0.581670390756429,0.0316533664409024
4695,B9d1,STomics,Kidney,Down,-0.524204073191065,0.0318284517628483
4696,Gpc1,STomics,Kidney,Up,1.13024597769998,0.0318728074404224
4697,Abcg2,STomics,Kidney,Down,-0.629461727222563,0.0318965299100766
4698,Iqgap1,STomics,Kidney,Up,0.798030752453339,0.0318965299100766
4699,Zfp512,STomics,Kidney,Up,0.526312373787602,0.0319796873169697
4700,Bmyc,STomics,Kidney,Down,-1.17536767545878,0.0322398739765474
4701,Nceh1,STomics,Kidney,Up,0.470463742069431,0.0322398739765474
4702,Rrad,STomics,Kidney,Up,0.723500641568884,0.0323910768899345
4703,Fam53b,STomics,Kidney,Up,0.639686187477445,0.0323963319629517
4704,Usp6nl,STomics,Kidney,Up,0.469250265132551,0.032430709962011
4705,Apeh,STomics,Kidney,Up,0.715230755400094,0.03244114820367
4706,Hadh,STomics,Kidney,Down,-0.894373492571142,0.0324615302048263
4707,Mgst1,STomics,Kidney,Down,-1.13808206933574,0.0324793898959345
4708,Ciao2a,STomics,Kidney,Down,-0.574509362196985,0.0324800096081586
4709,Aoc1,STomics,Kidney,Up,1.23351319861687,0.0326402814054294
4710,Vldlr,STomics,Kidney,Down,-0.471953358196351,0.0326402814054294
4711,Sars,STomics,Kidney,Up,0.4982964532065,0.0329569421265956
4712,Btf3,STomics,Kidney,Down,-0.572772563172201,0.033017336018089
4713,Pfdn2,STomics,Kidney,Down,-0.493603155134772,0.0331086883992322
4714,Sat2,STomics,Kidney,Down,-0.622934988601693,0.033120663387935
4715,Ldlrap1,STomics,Kidney,Up,0.668372385597741,0.033120663387935
4716,Tafa1,STomics,Kidney,Up,1.13635188053329,0.0331416494940119
4717,Ctdspl,STomics,Kidney,Up,0.43376475367643,0.033152221356147
4718,Rnf187,STomics,Kidney,Up,0.503556887351201,0.0331963193772327
4719,Gm17634,STomics,Kidney,Down,-0.794998944386383,0.0332823166715932
4720,Eef2,STomics,Kidney,Up,0.75047991566503,0.0333860864327633
4721,Atf6b,STomics,Kidney,Down,-0.597089443946375,0.0334059967485717
4722,H2-K1,STomics,Kidney,Up,0.943215603570388,0.0334059967485717
4723,Huwe1,STomics,Kidney,Up,0.83063795529662,0.0334195736599842
4724,Atp8b4,STomics,Kidney,Up,0.904014337846129,0.0335334383666034
4725,Polr2a,STomics,Kidney,Up,0.511749292718071,0.0335334383666034
4726,Ints1,STomics,Kidney,Up,0.894442180632756,0.0335334383666034
4727,Cr1l,STomics,Kidney,Down,-0.485613699283353,0.0336577612282219
4728,Gm45083,STomics,Kidney,Down,-0.743537648259907,0.0338092093290024
4729,Cox17,STomics,Kidney,Down,-0.795942217163255,0.0338694907531704
4730,Hoxb3os,STomics,Kidney,Down,-0.760405429971474,0.0338694907531704
4731,Dnajc2,STomics,Kidney,Down,-0.64805985844738,0.0339188216531982
4732,Wfs1,STomics,Kidney,Up,0.956330641022074,0.0339904355111154
4733,Lenep,STomics,Kidney,Down,-0.936776596370602,0.0340690568280156
4734,Kidins220,STomics,Kidney,Up,0.620951760584595,0.0340690568280156
4735,C8a,STomics,Kidney,Up,0.459505066201797,0.0341185534028108
4736,Rpf2,STomics,Kidney,Down,-0.758735700093254,0.0341374487633765
4737,Dclk1,STomics,Kidney,Up,1.55596928621801,0.0343487222297813
4738,S1pr2,STomics,Kidney,Up,0.990024840757313,0.0343634801253061
4739,Klhl29,STomics,Kidney,Up,1.18667220448284,0.0343634801253061
4740,Unkl,STomics,Kidney,Down,-0.495476808432228,0.0344374801940321
4741,Snx21,STomics,Kidney,Up,0.81080394585032,0.0344398602453242
4742,Acvrl1,STomics,Kidney,Up,0.583684258564767,0.0345139377379224
4743,Farp1,STomics,Kidney,Up,0.735126350634132,0.0345424153410719
4744,Gm12389,STomics,Kidney,Up,1.44233447156402,0.0345595892750541
4745,Pex7,STomics,Kidney,Down,-0.665373673706066,0.0346781172096532
4746,Hnf1b,STomics,Kidney,Up,0.495137318540576,0.0347164557583288
4747,Aff1,STomics,Kidney,Up,0.564797341693531,0.0348553161202361
4748,Dync1li1,STomics,Kidney,Up,0.516459181020364,0.0348701221358596
4749,Per3,STomics,Kidney,Down,-0.807331692898985,0.0348701221358596
4750,Meox1,STomics,Kidney,Down,-0.648895646489934,0.0348701221358596
4751,Dipk1b,STomics,Kidney,Down,-0.762332465601621,0.0350019093586823
4752,Hlf,STomics,Kidney,Down,-0.754622965112751,0.0351007719023779
4753,Fam102b,STomics,Kidney,Down,-0.511948564250058,0.0351205880283899
4754,Abca2,STomics,Kidney,Up,0.439968503317134,0.0352087035391723
4755,Brf1,STomics,Kidney,Up,0.531970677971907,0.0354803448220709
4756,Gclm,STomics,Kidney,Down,-0.765741698265263,0.0355362383114326
4757,Auh,STomics,Kidney,Down,-0.479831464187633,0.0355509650409516
4758,Hsd3b3,STomics,Kidney,Down,-1.00111604332444,0.0356662600830878
4759,Fkbp7,STomics,Kidney,Down,-0.86933541118274,0.0356783205309336
4760,2010001A14Rik,STomics,Kidney,Down,-0.646801072224399,0.0356995882297477
4761,Phlda2,STomics,Kidney,Down,-1.45424952531675,0.0357467499475378
4762,Paqr5,STomics,Kidney,Up,0.696435284294988,0.0358063984320389
4763,Abca7,STomics,Kidney,Up,0.987357513086439,0.0358063984320389
4764,Dusp12,STomics,Kidney,Down,-0.568878411913952,0.0358063984320389
4765,Il4ra,STomics,Kidney,Up,0.655270875320782,0.0358137757474718
4766,Mfsd1,STomics,Kidney,Down,-0.583736753992642,0.035943204275076
4767,Rnasek,STomics,Kidney,Down,-1.35733659687884,0.035958190336779
4768,Hsd17b14,STomics,Kidney,Up,0.990699209827645,0.035958190336779
4769,Ppp6r1,STomics,Kidney,Up,0.75301150499486,0.0359606343351768
4770,Cars,STomics,Kidney,Up,0.585827716243311,0.0359879736575861
4771,Dclre1a,STomics,Kidney,Down,-0.589085606332764,0.0360229069212929
4772,Arfgap1,STomics,Kidney,Up,0.69340819504402,0.0360229069212929
4773,Uba3,STomics,Kidney,Down,-0.696291510794318,0.0360705175935584
4774,BC024386,STomics,Kidney,Down,-1.36438025391784,0.0360705175935584
4775,Rbx1,STomics,Kidney,Down,-0.706622791201276,0.0361540978468794
4776,Mob1a,STomics,Kidney,Down,-0.899698266876961,0.0361720254247914
4777,Slc35b1,STomics,Kidney,Down,-0.914963234745356,0.0361752619789439
4778,Hibadh,STomics,Kidney,Down,-0.821556653864098,0.0362141278507287
4779,Gm12678,STomics,Kidney,Down,-1.55016688983272,0.0362141278507287
4780,Glyat,STomics,Kidney,Down,-1.09353098527003,0.036437402115933
4781,Hivep3,STomics,Kidney,Up,0.975836365322881,0.0364557205161255
4782,Kcnt1,STomics,Kidney,Up,1.10993213277003,0.0364557205161255
4783,Mcm6,STomics,Kidney,Up,0.508510868376473,0.0365085500047533
4784,Gm20708,STomics,Kidney,Down,-1.35382244674094,0.036570034458417
4785,Lrg1,STomics,Kidney,Up,1.10148331175094,0.0366598463618969
4786,Psmc6,STomics,Kidney,Down,-0.545205245568828,0.036671185741087
4787,Eva1a,STomics,Kidney,Down,-0.58727545433594,0.036671185741087
4788,Rcbtb2,STomics,Kidney,Down,-0.526233554737825,0.0367315757218478
4789,Heph,STomics,Kidney,Down,-0.602923643804069,0.0367480854262899
4790,Ropn1l,STomics,Kidney,Down,-0.852912071059553,0.0367674680924868
4791,Man1c1,STomics,Kidney,Up,0.712237624359468,0.0369636829484756
4792,Jtb,STomics,Kidney,Down,-0.554207573770435,0.0369636829484756
4793,Slc9a9,STomics,Kidney,Up,1.2022302927037,0.0372132462284104
4794,Acot9,STomics,Kidney,Up,0.579501019652165,0.0372132462284104
4795,Cacna1a,STomics,Kidney,Up,0.971750415006174,0.0372132462284104
4796,Tnip2,STomics,Kidney,Up,0.624044926902609,0.0372132462284104
4797,Sp3os,STomics,Kidney,Down,-0.736609171249169,0.0372132462284104
4798,Ccdc107,STomics,Kidney,Down,-0.700255121917313,0.0372132462284104
4799,Nudt2,STomics,Kidney,Down,-0.656345434139643,0.0372132462284104
4800,Bax,STomics,Kidney,Down,-0.470008813885047,0.0372132462284104
4801,Ogn,STomics,Kidney,Down,-0.718097037505578,0.0372132462284104
4802,Cyb561,STomics,Kidney,Up,0.725302315549302,0.037374423483038
4803,Dnajb4,STomics,Kidney,Down,-0.581728489498713,0.0374132787453154
4804,Tmem159,STomics,Kidney,Down,-0.478501780633555,0.0374613236396515
4805,Rab4b,STomics,Kidney,Down,-0.554594385132024,0.0375044035382729
4806,D030045P18Rik,STomics,Kidney,Up,1.31200287483323,0.0375356609763639
4807,Gm49527,STomics,Kidney,Down,-0.525219279188878,0.0375356609763639
4808,Cblc,STomics,Kidney,Up,0.912356708353503,0.0377443155487296
4809,Wwc1,STomics,Kidney,Up,0.656613643372573,0.037774570759549
4810,Chuk,STomics,Kidney,Down,-0.51716715496516,0.037774570759549
4811,Gm20498,STomics,Kidney,Down,-0.511388483806032,0.0377884581731219
4812,Mrpl12,STomics,Kidney,Up,0.46214808702444,0.0378184448754017
4813,Mbd2,STomics,Kidney,Down,-0.561839700435508,0.0378184448754017
4814,Tubgcp6,STomics,Kidney,Up,0.621184322319375,0.0378184448754017
4815,Lrsam1,STomics,Kidney,Up,0.510548617099549,0.0378342802671439
4816,Arhgdia,STomics,Kidney,Up,0.564590393810275,0.0378747310523844
4817,Acsl3,STomics,Kidney,Down,-0.549047754001446,0.0378906961388768
4818,Hikeshi,STomics,Kidney,Down,-0.853033809907841,0.0379021290948272
4819,Synpo2,STomics,Kidney,Up,1.0168789758126,0.037925908971297
4820,Alg2,STomics,Kidney,Down,-0.827037761302209,0.0379611457679676
4821,Klhl36,STomics,Kidney,Down,-0.965669428762577,0.0379877916850696
4822,Hoga1,STomics,Kidney,Down,-0.59348353662887,0.0380862502966924
4823,Tab1,STomics,Kidney,Up,0.590799254627923,0.0380983594266966
4824,Rassf5,STomics,Kidney,Up,0.656475804745694,0.0381455908103759
4825,Anxa6,STomics,Kidney,Up,0.5369185131123,0.0382565944527568
4826,Clta,STomics,Kidney,Up,0.528321887620784,0.0382964759509071
4827,Mrps2,STomics,Kidney,Down,-0.792347181605616,0.038418311094436
4828,Tmem14a,STomics,Kidney,Down,-0.725254063276201,0.0384903106913115
4829,Pcdh17,STomics,Kidney,Down,-0.484088438606881,0.0384903106913115
4830,Tbp,STomics,Kidney,Down,-0.550355310963728,0.0384903106913115
4831,Tmem169,STomics,Kidney,Down,-0.737287095251176,0.0384903106913115
4832,Atp6v1b1,STomics,Kidney,Down,-0.542656040200554,0.0384903106913115
4833,Eef1e1,STomics,Kidney,Down,-0.788161135674826,0.0385546595546604
4834,Cdkn1c,STomics,Kidney,Down,-0.774069946581172,0.0387385887637577
4835,Slc6a19,STomics,Kidney,Down,-1.24296019128279,0.0387724988909226
4836,Akip1,STomics,Kidney,Down,-0.438751952171762,0.0388325783232234
4837,Slc25a38,STomics,Kidney,Down,-0.785970745767905,0.0388325783232234
4838,Isg20,STomics,Kidney,Down,-0.946102003963123,0.0388393032648146
4839,Nxt2,STomics,Kidney,Down,-0.681857579107209,0.0390786256262101
4840,Tmprss6,STomics,Kidney,Up,1.62289050751095,0.0390786256262101
4841,Nudt9,STomics,Kidney,Down,-0.496940295304595,0.0394103630275983
4842,Glud1,STomics,Kidney,Down,-0.481400355808343,0.0394103630275983
4843,Tagln,STomics,Kidney,Up,0.523515005930802,0.0394684431303264
4844,Slc38a10,STomics,Kidney,Up,0.527744724265752,0.0395850398836591
4845,G0s2,STomics,Kidney,Down,-0.991922029785986,0.0397003341495264
4846,Hoxb5os,STomics,Kidney,Down,-0.759130482390752,0.0397369599887581
4847,Aldh1l1,STomics,Kidney,Up,0.6076805804384,0.0397871068401505
4848,Xkr4,STomics,Kidney,Up,0.738521782532064,0.0397871068401505
4849,Ermp1,STomics,Kidney,Up,0.750592193903462,0.0397871068401505
4850,Fzd5,STomics,Kidney,Down,-0.656681903518932,0.0397871068401505
4851,Bco2,STomics,Kidney,Down,-1.25530904643811,0.0397965924881525
4852,Cth,STomics,Kidney,Down,-0.697605046163488,0.0397965924881525
4853,Leprot,STomics,Kidney,Down,-0.628201153278837,0.0397965924881525
4854,Clec2h,STomics,Kidney,Down,-1.37239161305429,0.0398251997541055
4855,Slc23a3,STomics,Kidney,Up,0.936582872044383,0.0399759085528676
4856,Stard3nl,STomics,Kidney,Down,-0.463228772179202,0.0401203048498327
4857,Tbx2,STomics,Kidney,Down,-0.515734342535581,0.0402815123615928
4858,Arl6ip6,STomics,Kidney,Down,-0.820953111211622,0.0404409834437576
4859,Cc2d1b,STomics,Kidney,Up,0.513423057841179,0.0407971058330623
4860,Bet1l,STomics,Kidney,Down,-0.516288664318375,0.0408214462213468
4861,Sphk1,STomics,Kidney,Up,0.9456033154952,0.0412232276448956
4862,Ctr9,STomics,Kidney,Up,0.430416457392101,0.0413453165920032
4863,Tram2,STomics,Kidney,Up,0.565845862047244,0.0413518626106014
4864,Kbtbd7,STomics,Kidney,Down,-0.563866818090846,0.0413518626106014
4865,Rgs7,STomics,Kidney,Up,1.4558976351275,0.041352336620841
4866,Shank3,STomics,Kidney,Up,0.919096987282008,0.041415302627722
4867,Dhx34,STomics,Kidney,Up,0.658317073522806,0.0414418092312954
4868,Tmem170,STomics,Kidney,Down,-0.838283794822227,0.0414418092312954
4869,Timp2,STomics,Kidney,Up,0.589119557444836,0.0415145853157534
4870,Ssr2,STomics,Kidney,Down,-0.574877083297797,0.0416059997579783
4871,Snord13,STomics,Kidney,Up,0.666217082649369,0.0417269359233075
4872,Crem,STomics,Kidney,Up,0.831761436596,0.041834566835524
4873,Kl,STomics,Kidney,Down,-1.54745615196719,0.0420055501899961
4874,Sav1,STomics,Kidney,Down,-0.677631649471897,0.0420055501899961
4875,Fbxl4,STomics,Kidney,Down,-0.703997011068162,0.0421058998638224
4876,Kctd12b,STomics,Kidney,Down,-0.839108768572765,0.0421705001257793
4877,Immp1l,STomics,Kidney,Down,-0.733291595783562,0.0422409706089473
4878,Zfp426,STomics,Kidney,Down,-0.492877482831993,0.0423139042355275
4879,Gm6563,STomics,Kidney,Down,-2.08287385650747,0.0423139042355275
4880,Cdh4,STomics,Kidney,Up,1.16814563765652,0.0423139042355275
4881,D5Ertd615e,STomics,Kidney,Up,1.49324451109148,0.0423139042355275
4882,Pum2,STomics,Kidney,Down,-0.452545215022249,0.0425519916386529
4883,Rrp1,STomics,Kidney,Up,0.532521005482543,0.0425519916386529
4884,Gm7299,STomics,Kidney,Down,-1.83969587653214,0.0427768429276851
4885,Ndufs6,STomics,Kidney,Up,0.554874338026411,0.0428178489523805
4886,Lsp1,STomics,Kidney,Up,0.700198558744766,0.0428178489523805
4887,Ccdc68,STomics,Kidney,Down,-0.527359648915172,0.0428590898188774
4888,Pacsin3,STomics,Kidney,Up,0.483878928800015,0.0428590898188774
4889,Wasl,STomics,Kidney,Down,-0.506673238754129,0.0428682113129892
4890,Ugt3a2,STomics,Kidney,Down,-1.04774458736814,0.0429140287541248
4891,Oxld1,STomics,Kidney,Down,-0.584590562781959,0.0429400461755665
4892,Pced1b,STomics,Kidney,Up,0.842848786949489,0.0430702128788538
4893,Ugp2,STomics,Kidney,Down,-0.654805243799036,0.0430702128788538
4894,Sdcbp,STomics,Kidney,Down,-0.568095049642603,0.0431898025754721
4895,Spns2,STomics,Kidney,Down,-0.654763853357686,0.0431984096567449
4896,Ccn2,STomics,Kidney,Up,0.976426603631545,0.0431984096567449
4897,Tsc22d2,STomics,Kidney,Down,-0.66748478956397,0.0431984096567449
4898,Nmt1,STomics,Kidney,Up,0.907557296656365,0.043435024609425
4899,Mir100hg,STomics,Kidney,Up,0.948797131804356,0.0434982589214907
4900,Snhg11,STomics,Kidney,Up,1.05090881461524,0.0434982589214907
4901,Mrpl50,STomics,Kidney,Down,-1.13626668100672,0.0435793859951367
4902,Dynlt2b,STomics,Kidney,Down,-0.581543191761303,0.0436162319806264
4903,Gm45717,STomics,Kidney,Down,-1.53762487379272,0.0436162319806264
4904,Cyp4b1,STomics,Kidney,Down,-1.04353538563195,0.0436162319806264
4905,Stoml2,STomics,Kidney,Down,-0.646802136308787,0.0436672091415481
4906,C1qtnf12,STomics,Kidney,Down,-0.761956803862709,0.0437323473887569
4907,Ncam1,STomics,Kidney,Up,0.636918592853908,0.0438040331206386
4908,Map3k15,STomics,Kidney,Down,-0.498238278221725,0.0439401209963392
4909,Acyp1,STomics,Kidney,Down,-1.12495230606871,0.0440518942507508
4910,Crybg1,STomics,Kidney,Up,0.62024513359608,0.0440518942507508
4911,Ccl21a,STomics,Kidney,Down,-1.07486271296365,0.0440779338808604
4912,Uba7,STomics,Kidney,Up,0.635502772764726,0.0440779338808604
4913,Cyp4a31,STomics,Kidney,Down,-1.07760323619414,0.0440779338808604
4914,Tmem229a,STomics,Kidney,Down,-0.809304940341763,0.0441838848056344
4915,Fat1,STomics,Kidney,Up,1.05234524388698,0.0442563808169968
4916,Umad1,STomics,Kidney,Down,-0.458974897606509,0.0443005373811599
4917,Otulin,STomics,Kidney,Up,0.432028622743642,0.0443863472985906
4918,Ksr1,STomics,Kidney,Up,0.71865506076766,0.0444000768304919
4919,Rad1,STomics,Kidney,Down,-0.644674806072638,0.0444000768304919
4920,Htra2,STomics,Kidney,Down,-0.618598418796898,0.0444000768304919
4921,Dpm1,STomics,Kidney,Down,-1.42180049759962,0.0444000768304919
4922,Surf1,STomics,Kidney,Down,-0.462031309308186,0.0444000768304919
4923,Pkp4,STomics,Kidney,Up,0.43264871288151,0.0444000768304919
4924,Ppp1r14b,STomics,Kidney,Down,-0.704609765923167,0.0444000768304919
4925,Ntrk2,STomics,Kidney,Up,0.857980505799958,0.0444000768304919
4926,Ajuba,STomics,Kidney,Up,0.640660861771372,0.0444000768304919
4927,Mtrfr,STomics,Kidney,Down,-0.510794482699425,0.0444000768304919
4928,Rad51b,STomics,Kidney,Up,1.40345326108822,0.0444000768304919
4929,Bet1,STomics,Kidney,Down,-0.463804696114629,0.0444000768304919
4930,Abcc1,STomics,Kidney,Up,0.610380122189347,0.0444000768304919
4931,Hdlbp,STomics,Kidney,Up,0.447330395674569,0.0444301381713749
4932,Rnf121,STomics,Kidney,Up,0.745651208270061,0.0444444291375064
4933,Gm3511,STomics,Kidney,Down,-1.17163029201873,0.0444731286855182
4934,Gm20400,STomics,Kidney,Down,-0.653311875357796,0.0444731286855182
4935,Sarnp,STomics,Kidney,Down,-0.896660656107793,0.0445545408034938
4936,Mrpl33,STomics,Kidney,Down,-0.808923117089136,0.0445964391032477
4937,Clrn3,STomics,Kidney,Down,-0.771513537553423,0.044793413988247
4938,Adar,STomics,Kidney,Up,0.457557367741018,0.0448408138725006
4939,Rab14,STomics,Kidney,Down,-0.527957784000328,0.0448408138725006
4940,Mex3c,STomics,Kidney,Down,-0.685531229191991,0.0448734337622329
4941,Dbp,STomics,Kidney,Down,-1.40429013958046,0.0448928574862129
4942,Nme3,STomics,Kidney,Down,-0.968726586402596,0.0449118442659669
4943,N6amt1,STomics,Kidney,Down,-0.7823818828708,0.0450361434705375
4944,Nipal3,STomics,Kidney,Up,0.497480482557084,0.0454501724328051
4945,Atp6v1f,STomics,Kidney,Down,-0.459755457536675,0.0456575497179785
4946,Top3b,STomics,Kidney,Up,0.435742698773535,0.0457729552026487
4947,Slc51a,STomics,Kidney,Down,-1.1875108506206,0.0457729552026487
4948,Med9,STomics,Kidney,Down,-0.52000212053672,0.0459251996295814
4949,Sult1c2,STomics,Kidney,Down,-0.439806495271822,0.046076704900378
4950,Zfta,STomics,Kidney,Up,0.563187598413509,0.046076704900378
4951,Ints8,STomics,Kidney,Down,-0.488144523646991,0.0461776362224559
4952,Crat,STomics,Kidney,Up,0.609817534555749,0.0463200379097541
4953,Prpsap2,STomics,Kidney,Down,-0.627333332230637,0.0463200379097541
4954,Lsm14b,STomics,Kidney,Up,0.586290205888431,0.0463377259712025
4955,Ppp1r9b,STomics,Kidney,Up,0.520759296528375,0.0464367048261904
4956,Pdia5,STomics,Kidney,Down,-0.557369808599504,0.0467263155407166
4957,Col4a4,STomics,Kidney,Up,0.614074499927162,0.046739331084901
4958,Zhx3,STomics,Kidney,Up,0.563672985311763,0.0467564277122886
4959,Cnih4,STomics,Kidney,Down,-0.740652154383583,0.046787089339429
4960,Gm37013,STomics,Kidney,Up,0.846660932205408,0.0468049065563377
4961,Arhgef37,STomics,Kidney,Up,1.04911631591498,0.0468049065563377
4962,Atp6v0b,STomics,Kidney,Up,0.566168837450678,0.0471581699676508
4963,Nipsnap1,STomics,Kidney,Down,-0.693171545647576,0.0472883344323005
4964,Fxyd2,STomics,Kidney,Up,0.534345663942318,0.0472982022523846
4965,Relb,STomics,Kidney,Up,0.648604164151461,0.0472982022523846
4966,Tbc1d22a,STomics,Kidney,Up,0.648837055504718,0.0473629707864534
4967,2310014F06Rik,STomics,Kidney,Up,0.683263280778018,0.0473637768602578
4968,Gm10086,STomics,Kidney,Down,-2.15066997307954,0.0473677752196119
4969,Wls,STomics,Kidney,Down,-0.442839300564724,0.0473677752196119
4970,Eif1a,STomics,Kidney,Up,0.602128334059756,0.0473921742173663
4971,Iyd,STomics,Kidney,Down,-0.695039420495273,0.0474406941750392
4972,Cst3,STomics,Kidney,Up,0.759169754776703,0.0474430119604408
4973,Fgd1,STomics,Kidney,Down,-0.621989947887139,0.0474488083568682
4974,Ggnbp1,STomics,Kidney,Up,0.42345077137536,0.0474488083568682
4975,Mrpl47,STomics,Kidney,Down,-0.724273849888371,0.0475833057836865
4976,Slc6a12,STomics,Kidney,Up,2.93654460473398,0.0476212482068519
4977,Hexb,STomics,Kidney,Up,2.34312187333515,0.0476212482068519
4978,Dio1,STomics,Kidney,Up,1.31306394557959,0.0476212482068519
4979,Them6,STomics,Kidney,Up,0.846525002925377,0.0476366176914631
4980,Igfbp3,STomics,Kidney,Down,-0.988795338150731,0.0476820927727735
4981,Trim26,STomics,Kidney,Up,0.512230159361966,0.047686500173899
4982,Amt,STomics,Kidney,Down,-0.833153375973543,0.0479651211793407
4983,Gjb1,STomics,Kidney,Down,-0.847764641855301,0.0480064175518849
4984,Otud3,STomics,Kidney,Up,0.537509815220647,0.0480647004101567
4985,Plau,STomics,Kidney,Up,1.18423035961662,0.0480775310108391
4986,Nab2,STomics,Kidney,Down,-0.716119507041025,0.0480902504388379
4987,Stat5a,STomics,Kidney,Up,0.591746804626788,0.0483288943058846
4988,Vps35,STomics,Kidney,Down,-0.442865234921002,0.0483288943058846
4989,Nat8,STomics,Kidney,Down,-1.27398319709221,0.0483288943058846
4990,Usp38,STomics,Kidney,Down,-0.478067676505132,0.0483288943058846
4991,Dnajc6,STomics,Kidney,Down,-0.726937430474596,0.0483288943058846
4992,Gm38393,STomics,Kidney,Down,-0.72637059513498,0.0483288943058846
4993,Rbis,STomics,Kidney,Down,-1.28476518738606,0.0486727750139842
4994,Piezo1,STomics,Kidney,Up,0.661778514759152,0.0488564163922337
4995,Ppp1r15a,STomics,Kidney,Up,0.511249892310502,0.0488564163922337
4996,Pmvk,STomics,Kidney,Up,0.650247796196967,0.0490637582471036
4997,Vps29,STomics,Kidney,Down,-0.468032159735887,0.0490637582471036
4998,Got1,STomics,Kidney,Up,0.932853745788653,0.0490637582471036
4999,Mcoln2,STomics,Kidney,Up,0.788554376792259,0.0490637582471036
5000,Zcchc24,STomics,Kidney,Up,0.558537183592611,0.0494176822889664
5001,Arhgap26,STomics,Kidney,Up,0.856419504087107,0.0495139433545573
5002,Spryd3,STomics,Kidney,Up,0.448463567198825,0.0496003114782689
5003,Aqp2,STomics,Kidney,Up,1.27194509726786,0.0498023348019533
5004,Cd163,Visium,Liver,Down,-1.93592680019642,4.54262751972436e-13
5005,Smim22,Visium,Liver,Down,-1.37522941231715,5.7371922267793986e-12
5006,Sult2a5,Visium,Liver,Up,1.68120557268441,5.7371922267793986e-12
5007,Mmp12,Visium,Liver,Up,2.84819754953912,3.42407312205173e-10
5008,Cdh19,Visium,Liver,Up,3.85817294986427,1.02671161947927e-09
5009,Cyp2c54,Visium,Liver,Down,-1.40660184202462,1.16341061480815e-09
5010,Sdf2l1,Visium,Liver,Down,-0.976623765697661,1.45316989800337e-09
5011,A1bg,Visium,Liver,Up,1.52115709302321,1.56592340716457e-09
5012,Gdf3,Visium,Liver,Up,3.32964986101892,1.81254727894675e-09
5013,Cyp2d9,Visium,Liver,Down,-2.0520389002573,5.102916092830911e-09
5014,Ero1lb,Visium,Liver,Down,-1.03120990312733,5.102916092830911e-09
5015,Hsf2bp,Visium,Liver,Up,3.05841367242954,1.75374024527318e-08
5016,Trem2,Visium,Liver,Up,1.9751553061509,1.82967999959578e-08
5017,Slco1a1,Visium,Liver,Down,-4.22202117808596,4.35426562902946e-08
5018,Creld2,Visium,Liver,Down,-1.48518009971177,7.41859898410806e-08
5019,Sult3a1,Visium,Liver,Down,-2.192750468083,2.02969855613098e-07
5020,Ighm,Visium,Liver,Up,2.86921488059891,2.20713503061661e-07
5021,Vcam1,Visium,Liver,Up,0.922869930873626,3.38073231508038e-07
5022,Cyp2b13,Visium,Liver,Down,-1.41106372488507,6.56216875216465e-07
5023,D630033O11Rik,Visium,Liver,Up,1.41496455165712,9.54929655144669e-07
5024,Adcy1,Visium,Liver,Up,2.43079815697275,9.54929655144669e-07
5025,Gm15401,Visium,Liver,Up,2.07864059641701,9.54929655144669e-07
5026,Jchain,Visium,Liver,Up,3.04993992465763,1.00577396431585e-06
5027,Cd63,Visium,Liver,Up,0.940361017939684,1.42512261247262e-06
5028,Tafa2,Visium,Liver,Up,1.22033649486365,1.54102978212238e-06
5029,Lncbate1,Visium,Liver,Up,1.99321283373554,1.61238131891881e-06
5030,Slc41a2,Visium,Liver,Up,0.9810695714591,2.14440207966615e-06
5031,Igkc,Visium,Liver,Up,2.81564713654763,3.50124905644225e-06
5032,Mup3,Visium,Liver,Down,-1.25669475101935,4.0682973210487e-06
5033,Timp3,Visium,Liver,Up,0.753803634188138,4.3197975586076e-06
5034,Manf,Visium,Liver,Down,-1.04798770433423,5.71220588854849e-06
5035,Abca8a,Visium,Liver,Down,-0.8554176189524,5.71220588854849e-06
5036,Ctcflos,Visium,Liver,Up,1.61128118500485,5.71220588854849e-06
5037,Sult2a1,Visium,Liver,Up,1.09166526337491,9.33595437870844e-06
5038,Lilr4b,Visium,Liver,Up,1.00367961766095,1.50867970153359e-05
5039,Ces3a,Visium,Liver,Down,-0.905500797636681,1.87019007296134e-05
5040,Slc39a5,Visium,Liver,Down,-2.05111032146477,1.91876664832312e-05
5041,Gmppb,Visium,Liver,Down,-0.893934323094515,2.24370466313548e-05
5042,Nudt7,Visium,Liver,Down,-0.964698433023813,2.77767173839922e-05
5043,Gm14964,Visium,Liver,Up,1.19460151478162,3.21958928856936e-05
5044,Carmil1,Visium,Liver,Down,-1.60198765457484,3.46910575189089e-05
5045,Zap70,Visium,Liver,Up,1.12360363123964,3.90602299501451e-05
5046,Iglc2,Visium,Liver,Up,1.71933481984161,3.90602299501451e-05
5047,Ccdc3,Visium,Liver,Up,1.27971806490541,3.90602299501451e-05
5048,Ntn4,Visium,Liver,Up,0.959004014851971,4.19650009088973e-05
5049,Cyp2b10,Visium,Liver,Up,0.93580669324462,4.99418158443907e-05
5050,Raet1e,Visium,Liver,Up,1.7518565569963,5.43473158502787e-05
5051,Sult3a2,Visium,Liver,Down,-2.14118009361439,5.98614769505342e-05
5052,Csprs,Visium,Liver,Up,1.8601293012374,5.98614769505342e-05
5053,Cygb,Visium,Liver,Up,0.889378741055737,6.52704573179773e-05
5054,Nme6,Visium,Liver,Down,-0.787711447204296,6.72813338130584e-05
5055,Adamts7,Visium,Liver,Down,-1.06831229786886,6.82053615836948e-05
5056,Fkbp11,Visium,Liver,Down,-0.883509283706353,7.37125815488834e-05
5057,C130026I21Rik,Visium,Liver,Up,2.08010634148529,7.37125815488834e-05
5058,Prom1,Visium,Liver,Up,1.05610120812943,7.37125815488834e-05
5059,Sult2a2,Visium,Liver,Up,1.04680826673143,7.89266712379414e-05
5060,Syvn1,Visium,Liver,Down,-0.864042379823813,9.31206593521369e-05
5061,Gpx3,Visium,Liver,Up,1.22566455430944,9.81394852698294e-05
5062,Gm16551,Visium,Liver,Down,-1.20795613786702,9.81394852698294e-05
5063,Anxa1,Visium,Liver,Up,0.959993633766849,0.0001036751129345
5064,Hspa1b,Visium,Liver,Down,-1.51206701780316,0.0001140997239839
5065,Ccl24,Visium,Liver,Down,-1.0164037691537,0.0001301578022879
5066,Dmrta1,Visium,Liver,Up,1.45292793665236,0.0001614231960871
5067,Sult2a8,Visium,Liver,Down,-0.993645443747431,0.0001614231960871
5068,Mup21,Visium,Liver,Down,-1.2173282467186,0.0001716997066275
5069,Dclre1a,Visium,Liver,Up,1.08317528036133,0.0002086094697494
5070,Hspa5,Visium,Liver,Down,-0.720988552608689,0.0002139977955517
5071,Dnajb9,Visium,Liver,Down,-0.877130619095287,0.0002256332388972
5072,Slc3a1,Visium,Liver,Up,1.05384335223352,0.0002488986897425
5073,S1pr5,Visium,Liver,Up,0.995513011899987,0.0002569619138463
5074,Fermt2,Visium,Liver,Down,-0.625385224647389,0.0002569619138463
5075,Gsta2,Visium,Liver,Up,1.31116372233412,0.0002739915908214
5076,Mzb1,Visium,Liver,Up,2.10950050635515,0.0002771364370623
5077,Gimap8,Visium,Liver,Down,-0.883782879193792,0.0002996308840954
5078,Tmed3,Visium,Liver,Down,-0.634907647341407,0.0003196709681255
5079,Esm1,Visium,Liver,Up,2.4366228826682,0.0003196709681255
5080,Tceal8,Visium,Liver,Down,-0.800909495168454,0.0003367496442148
5081,Dnajb11,Visium,Liver,Down,-0.600063649705602,0.0003367496442148
5082,Iglc1,Visium,Liver,Up,2.5004463700625,0.0003530018259274
5083,Dkk3,Visium,Liver,Up,1.21042861606136,0.0003609536174171
5084,Raet1d,Visium,Liver,Up,1.65606448705427,0.0004163821826798
5085,Lcn2,Visium,Liver,Up,1.0634692850441,0.0004526404616474
5086,Smoc2,Visium,Liver,Up,0.924574324934928,0.0004682050066385
5087,Ptgds,Visium,Liver,Down,-1.45979185953397,0.000471575916455
5088,Col6a3,Visium,Liver,Up,0.957479278782954,0.000518620635696
5089,Blnk,Visium,Liver,Up,1.3958811905946,0.0005249597049925
5090,Gm3734,Visium,Liver,Down,-2.01002705794147,0.0005419932833806
5091,Bgn,Visium,Liver,Up,0.841954319844783,0.0005443363807264
5092,Keg1,Visium,Liver,Down,-0.72775078290725,0.0005443363807264
5093,Mmp27,Visium,Liver,Up,1.21674551367066,0.0005535274871614
5094,C8a,Visium,Liver,Down,-0.894253154755763,0.0006244838584175
5095,Bik,Visium,Liver,Down,-0.873543666310781,0.0007185556164428
5096,Lepr,Visium,Liver,Down,-1.0670994074482,0.0007185556164428
5097,Hsph1,Visium,Liver,Down,-0.7266542360686,0.0007185556164428
5098,Noct,Visium,Liver,Up,2.70865805588751,0.0007568519026274
5099,Hsd3b3,Visium,Liver,Down,-0.643889722472635,0.0008402483682615
5100,Palld,Visium,Liver,Down,-0.580312197578084,0.0008563531084835
5101,Prelid2,Visium,Liver,Up,0.971142379223204,0.0008779493878159
5102,Socs2,Visium,Liver,Down,-0.834751043153968,0.0009312589157072
5103,Galnt15,Visium,Liver,Up,1.18276306902945,0.0009621249952495
5104,Pla2g7,Visium,Liver,Up,0.88709367433113,0.0009711526173883
5105,Gm6135,Visium,Liver,Down,-1.24161076053772,0.0010198128348154
5106,Clec2h,Visium,Liver,Down,-2.00771972962429,0.0010472225875047
5107,Ccn2,Visium,Liver,Up,1.42905800124185,0.0011238204004364
5108,Srrm4,Visium,Liver,Up,1.26799539896299,0.0017435636853047
5109,Itgax,Visium,Liver,Up,1.24817369727801,0.0018093465658086
5110,Cyp2u1,Visium,Liver,Down,-0.972063861057507,0.0020637734177067
5111,Mt2,Visium,Liver,Up,1.83589264642251,0.0020637734177067
5112,Setbp1,Visium,Liver,Up,1.48599932169538,0.0020637734177067
5113,Mup20,Visium,Liver,Down,-0.684094849619474,0.0021952986024644
5114,Adcyap1r1,Visium,Liver,Up,1.1836897539774,0.0026148062014228
5115,Fam180a,Visium,Liver,Up,1.17050423780462,0.0029707877395893
5116,Ccnf,Visium,Liver,Down,-0.868842099011518,0.0030764478316976
5117,Ccdc149,Visium,Liver,Down,-1.35289281058177,0.0032134230506661
5118,Lratd2,Visium,Liver,Down,-0.758123839732395,0.003379892295316
5119,Ms4a7,Visium,Liver,Up,1.06248379245317,0.0034597528418155
5120,Rgs4,Visium,Liver,Up,1.56260204367126,0.0035412237264462
5121,Cyp2c40,Visium,Liver,Down,-0.772471143616413,0.003739041912184
5122,Gpnmb,Visium,Liver,Up,2.5583751400324,0.003739041912184
5123,Gm40457,Visium,Liver,Up,1.97542114436917,0.0038631972539371
5124,Nnmt,Visium,Liver,Up,1.37297812700305,0.0038631972539371
5125,Gpat2,Visium,Liver,Up,0.847032131150987,0.0040097588438484
5126,Cyp2a4,Visium,Liver,Up,0.708891524212495,0.0040097588438484
5127,Ifi27l2b,Visium,Liver,Up,0.788328894494714,0.0040228693182085
5128,Ccl2,Visium,Liver,Up,0.931897410919512,0.0040228693182085
5129,Ostc,Visium,Liver,Down,-0.530637137370739,0.0040228693182085
5130,Sult2a3,Visium,Liver,Up,1.85222642040055,0.004247884939329
5131,Mug1,Visium,Liver,Down,-0.845456406274714,0.004247884939329
5132,Trabd,Visium,Liver,Down,-0.545310271242459,0.004247884939329
5133,Pdzk1ip1,Visium,Liver,Down,-0.827585334959373,0.004247884939329
5134,Unc45b,Visium,Liver,Down,-0.925540660784231,0.0043182370720738
5135,9030622O22Rik,Visium,Liver,Down,-0.755252477890635,0.0043182370720738
5136,Tmem120a,Visium,Liver,Up,0.571691127122449,0.0045576866603298
5137,Ces3b,Visium,Liver,Down,-1.06811996816252,0.0047840766033627
5138,Cd83,Visium,Liver,Up,0.868947936866941,0.0048226251875892
5139,Cks1b,Visium,Liver,Down,-0.861201041290747,0.0050155324327804
5140,A2ml1,Visium,Liver,Up,0.58744566416268,0.0050723992259828
5141,Ighg2c,Visium,Liver,Up,3.11217128920781,0.0051033833388851
5142,Cdh1,Visium,Liver,Down,-1.34696209521921,0.005107550425254
5143,Bcl2a1b,Visium,Liver,Up,1.05058376451662,0.0051279002953851
5144,Lpl,Visium,Liver,Up,1.02721736573923,0.0053135092489236
5145,Alg12,Visium,Liver,Down,-0.680520308614055,0.0054137600670193
5146,Ampd2,Visium,Liver,Down,-0.558485866827302,0.0054137600670193
5147,Alg2,Visium,Liver,Down,-0.736399703948895,0.0058285329760473
5148,1810064F22Rik,Visium,Liver,Up,1.86118024743086,0.0058725595191512
5149,Foxa3,Visium,Liver,Up,0.843351571474674,0.0062042754015263
5150,Mt1,Visium,Liver,Up,1.57228257181544,0.0064636805926473
5151,2010003K11Rik,Visium,Liver,Up,0.864267471101088,0.0064636805926473
5152,Sult2a7,Visium,Liver,Up,3.02307080501131,0.0065487452833427
5153,Hsd3b2,Visium,Liver,Down,-0.705876930068717,0.0069041210840165
5154,Smagp,Visium,Liver,Down,-0.59008577850281,0.0073399887874602
5155,Vim,Visium,Liver,Up,0.633786343409117,0.0074252339812335
5156,Capg,Visium,Liver,Up,0.843970938694811,0.0078281477249265
5157,Sh3pxd2b,Visium,Liver,Up,1.13863202158582,0.0079401905294311
5158,Efemp1,Visium,Liver,Up,0.555952819468776,0.0081885277851295
5159,Glipr1,Visium,Liver,Up,0.965866461501457,0.0082655213018912
5160,Pde9a,Visium,Liver,Down,-0.564871802821347,0.0082945144794571
5161,Gnat1,Visium,Liver,Up,2.08719192368118,0.0087469286821719
5162,Rec114,Visium,Liver,Up,1.75885371707723,0.0089836204065767
5163,Gm40040,Visium,Liver,Up,1.15001311655956,0.0092056316612174
5164,Sel1l3,Visium,Liver,Down,-0.749993272971358,0.0094288104956763
5165,Grid1,Visium,Liver,Up,1.00521971419215,0.0096222955898342
5166,Ighg2b,Visium,Liver,Up,3.20261812729057,0.0103351902629111
5167,Mpeg1,Visium,Liver,Up,0.534769587711303,0.0103351902629111
5168,Fbln7,Visium,Liver,Up,1.34947796228171,0.0106157766204099
5169,Rasgef1b,Visium,Liver,Up,0.753036295719957,0.0110226971295879
5170,Hsd17b2,Visium,Liver,Down,-0.610019172586852,0.0120698632448078
5171,Gm15883,Visium,Liver,Up,1.70040483099548,0.0123283195248641
5172,Armcx3,Visium,Liver,Down,-0.622382735051126,0.012328756357607
5173,Abcc9,Visium,Liver,Up,0.545687186979826,0.0124009160257703
5174,Ly6d,Visium,Liver,Up,0.877571624810578,0.0128816316564959
5175,Pdia6,Visium,Liver,Down,-0.56601646777859,0.0138759386859401
5176,Sec23b,Visium,Liver,Down,-0.738641839806192,0.0138759386859401
5177,Col5a3,Visium,Liver,Up,0.7908049667434,0.0139398573792956
5178,Ankrd2,Visium,Liver,Up,1.38203611887024,0.0146256814307465
5179,Resf1,Visium,Liver,Up,0.622749457755626,0.0147081086384292
5180,Hist2h3c2,Visium,Liver,Down,-0.834343510570328,0.0148683869719607
5181,Hhip,Visium,Liver,Down,-1.01067857642896,0.015272618015005
5182,Jak3,Visium,Liver,Up,0.672593349007861,0.0152862299051987
5183,Vldlr,Visium,Liver,Up,0.831894921343297,0.015590618608032
5184,Gm8016,Visium,Liver,Up,1.05965052368336,0.0165076019829589
5185,Cnp,Visium,Liver,Down,-0.615452593400166,0.0167369246072523
5186,Adamtsl2,Visium,Liver,Up,0.944181345093882,0.0167369246072523
5187,Arhgap26,Visium,Liver,Up,0.741838153535076,0.0167591117158648
5188,Arfgap3,Visium,Liver,Down,-0.662457428586364,0.0175340121451679
5189,Gm31084,Visium,Liver,Up,0.898273337829426,0.0178139252102445
5190,Clec4n,Visium,Liver,Up,0.727977131326972,0.0180205930822919
5191,Frzb,Visium,Liver,Up,1.09053117985818,0.0180205930822919
5192,AU020206,Visium,Liver,Up,0.638817657697953,0.0183412907196806
5193,Atp11a,Visium,Liver,Up,0.803804184364967,0.0183412907196806
5194,Cyp3a41b,Visium,Liver,Up,0.84197517498253,0.0184860082156605
5195,Mustn1,Visium,Liver,Up,0.684844602737316,0.0184860082156605
5196,Ighg1,Visium,Liver,Up,2.97479838394081,0.0184860082156605
5197,Cyp2g1,Visium,Liver,Up,0.791282326999632,0.0184860082156605
5198,Samd4,Visium,Liver,Up,0.914994557618798,0.0185145421353753
5199,Hspa13,Visium,Liver,Down,-0.641389808086617,0.0185863745742143
5200,Lgals3,Visium,Liver,Up,0.715528802499856,0.0201379590848341
5201,Sgk1,Visium,Liver,Up,1.30335576949481,0.0206240483324607
5202,Olfml3,Visium,Liver,Up,0.736770175743752,0.0217571260496008
5203,Amz1,Visium,Liver,Up,0.838223048526704,0.0225985892409555
5204,Eif4ebp3,Visium,Liver,Down,-0.808064670848651,0.0231014347763927
5205,Rangap1,Visium,Liver,Down,-0.512051327782898,0.0239426806121991
5206,Fmn1,Visium,Liver,Up,0.918200977652434,0.0246487190977663
5207,Egfr,Visium,Liver,Down,-0.823835427999461,0.024989964525484
5208,Tmcc2,Visium,Liver,Down,-0.678961957254066,0.0258135880297805
5209,Sytl1,Visium,Liver,Up,0.632892689891508,0.0258135880297805
5210,Defb1,Visium,Liver,Down,-0.768710205408678,0.0261389242827786
5211,Ggt5,Visium,Liver,Up,0.72234689257263,0.0261389242827786
5212,Mup11,Visium,Liver,Down,-1.12336974622809,0.0264303507381406
5213,Gm16731,Visium,Liver,Down,-1.33078658028409,0.026553620746397
5214,Derl3,Visium,Liver,Down,-1.19156057607932,0.0272013158598949
5215,Ncf4,Visium,Liver,Up,0.751285874662872,0.0272672281742147
5216,Hamp,Visium,Liver,Up,0.656377624480892,0.0272672281742147
5217,1700119H24Rik,Visium,Liver,Up,0.810457613784252,0.0274453935108682
5218,Id4,Visium,Liver,Up,1.20506580249575,0.0274506043153717
5219,Fam47e,Visium,Liver,Up,0.542274408724308,0.0277979541350789
5220,Zfp677,Visium,Liver,Up,1.16291524816573,0.0277979541350789
5221,Gale,Visium,Liver,Down,-0.584217747406932,0.0281545348077463
5222,Il1rap,Visium,Liver,Down,-0.467221865713605,0.0286377504272156
5223,Ccdc167,Visium,Liver,Down,-0.550770400857567,0.0286377504272156
5224,Slc17a4,Visium,Liver,Down,-0.56571551277079,0.0286927170789639
5225,Serpinb1a,Visium,Liver,Up,1.6375857915621,0.0291311689553369
5226,Gstm3,Visium,Liver,Up,1.01018337635166,0.0291311689553369
5227,Nrep,Visium,Liver,Down,-0.659921547065637,0.0291311689553369
5228,Gm11707,Visium,Liver,Down,-1.04446637954028,0.0293977380662839
5229,Cd36,Visium,Liver,Up,0.916757675647506,0.0297629190783842
5230,Cxcl1,Visium,Liver,Up,0.971681612146799,0.0308699736040229
5231,Tnxb,Visium,Liver,Up,0.626458235836471,0.0308699736040229
5232,Me1,Visium,Liver,Down,-0.6351914760438,0.03170413096816
5233,2210417A02Rik,Visium,Liver,Up,0.640280771737732,0.0318359978862155
5234,Srms,Visium,Liver,Down,-0.991179734602975,0.0322218819978346
5235,Rarres1,Visium,Liver,Down,-0.538896949363464,0.032767227424534
5236,Apol9a,Visium,Liver,Up,0.632272080299632,0.032989196997694
5237,Mgp,Visium,Liver,Down,-0.905328249578627,0.032989196997694
5238,2310015A16Rik,Visium,Liver,Up,0.674130190988677,0.0330583717328186
5239,Htatip2,Visium,Liver,Up,0.494243275664984,0.0342116716037012
5240,Zbtb40,Visium,Liver,Down,-0.742573463488429,0.0358506199426235
5241,Abcc4,Visium,Liver,Up,0.704879325636941,0.0382929123676558
5242,Traf1,Visium,Liver,Up,0.96270013241656,0.041606200008893
5243,Cerk,Visium,Liver,Up,0.600779498248242,0.0416863395551317
5244,Wfs1,Visium,Liver,Down,-0.728514433719756,0.0418767564166261
5245,Nhsl1,Visium,Liver,Down,-0.740705453659823,0.0419964162607706
5246,Rpn1,Visium,Liver,Down,-0.507089720528839,0.0427441465967824
5247,Cyp3a11,Visium,Liver,Down,-1.01957428532078,0.0462646348091141
5248,Kit,Visium,Liver,Down,-0.750908750559766,0.0474872804607302
5249,Cyp3a44,Visium,Liver,Up,0.964971996889479,0.0474872804607302
5250,Slc35b1,Visium,Liver,Down,-0.524461000137029,0.0474872804607302
5251,Tnfrsf21,Visium,Liver,Up,0.614093028544835,0.0482543413553387
5252,Glod5,Visium,Liver,Up,2.05980144416637,0.0484444410813818
5253,Cyp4f18,Visium,Liver,Up,1.08246684645136,0.0486680683725692
5254,Etfbkmt,Visium,Liver,Up,0.592939942533519,0.048789652451763
5255,Cyp2a5,STomics,Liver,Up,1.32728045604626,3.29045117202558e-09
5256,Serpina1e,STomics,Liver,Down,-2.99307227129857,1.21784355287295e-05
5257,Saa4,STomics,Liver,Up,0.736047894822864,1.21784355287295e-05
5258,Eci3,STomics,Liver,Up,1.47186812224351,1.21784355287295e-05
5259,Tle5,STomics,Liver,Up,0.657977850054614,1.21784355287295e-05
5260,Selenow,STomics,Liver,Up,0.768505134736556,1.31118322553445e-05
5261,Gchfr,STomics,Liver,Up,0.675042443495376,3.08990593827487e-05
5262,Cst3,STomics,Liver,Up,0.66668682878112,4.562420563045e-05
5263,Sardhos,STomics,Liver,Up,0.881115255646612,4.562420563045e-05
5264,Etfb,STomics,Liver,Up,0.597733541669416,6.2013994158924e-05
5265,Fkbp2,STomics,Liver,Up,0.609765515754404,6.2013994158924e-05
5266,Csad,STomics,Liver,Down,-1.04878662302744,9.36607123572437e-05
5267,Lgals1,STomics,Liver,Up,1.58776819064915,0.0001083177093506
5268,F10,STomics,Liver,Up,0.590146938980654,0.000207825444219
5269,C4a,STomics,Liver,Up,0.907475162606104,0.0002440167384716
5270,Reep6,STomics,Liver,Up,0.839632152049213,0.0002474888886637
5271,Haao,STomics,Liver,Up,0.633353518483682,0.0003157548532192
5272,Serpina3k,STomics,Liver,Down,-0.904160357886263,0.0003157548532192
5273,Sult1a1,STomics,Liver,Up,0.57409629324843,0.0004643215297783
5274,Myl6,STomics,Liver,Up,0.56087458949,0.0005009080735301
5275,Asgr2,STomics,Liver,Up,0.657276889553642,0.0005085660021161
5276,Krt8,STomics,Liver,Up,0.648457369001569,0.0005655707028755
5277,Atp5d,STomics,Liver,Up,0.611931070680739,0.0006764064096816
5278,Cyp2a22,STomics,Liver,Up,1.36723178516244,0.0006764064096816
5279,Orm2,STomics,Liver,Up,1.03931064462285,0.000803263485875
5280,Azin1,STomics,Liver,Down,-0.706864516939796,0.0009676114978666
5281,Slc16a12,STomics,Liver,Down,-0.607470704542117,0.0009676114978666
5282,Car5a,STomics,Liver,Up,0.728714991578514,0.0009676114978666
5283,Ftl1,STomics,Liver,Up,0.586232543475971,0.000994908602793
5284,Psmd9,STomics,Liver,Up,0.58609379399433,0.001022767350187
5285,Orm3,STomics,Liver,Up,1.28857463014153,0.0010333091166149
5286,Serpina6,STomics,Liver,Up,1.40400200825199,0.0010333091166149
5287,Prodh,STomics,Liver,Up,0.685944699916705,0.0013723032714735
5288,Tmprss6,STomics,Liver,Up,0.585437427756326,0.0014860049058052
5289,Dhrs3,STomics,Liver,Up,0.646279183364225,0.0014860049058052
5290,H2aj,STomics,Liver,Up,0.581079364682444,0.0014860049058052
5291,Srsf2,STomics,Liver,Down,-0.771916242619236,0.0014860049058052
5292,S100a13,STomics,Liver,Up,0.581721318275633,0.0014860049058052
5293,Spp1,STomics,Liver,Down,-0.798536134452736,0.0014860049058052
5294,Gcat,STomics,Liver,Up,0.553654343762294,0.0015032879276185
5295,Igfbp2,STomics,Liver,Down,-0.680244394623903,0.0015848834810927
5296,Map2k2,STomics,Liver,Up,0.559652500135729,0.0017415575617278
5297,Macrod1,STomics,Liver,Up,0.724971786277656,0.0018947124060324
5298,Sco2,STomics,Liver,Down,-0.620669984413547,0.0019417975426938
5299,Gclm,STomics,Liver,Down,-0.566052190898587,0.0019417975426938
5300,Atp6v1e1,STomics,Liver,Down,-0.634854745905626,0.0019417975426938
5301,Ces1g,STomics,Liver,Up,0.534581113425381,0.0021439181131568
5302,Angptl8,STomics,Liver,Up,1.02188299131449,0.002508260566509
5303,Gm36041,STomics,Liver,Up,0.707282908427025,0.0027642178593259
5304,Ces1e,STomics,Liver,Up,0.556409583526806,0.0029125532161472
5305,Ndufb7,STomics,Liver,Up,0.57632317999221,0.0038933154531635
5306,F7,STomics,Liver,Up,0.497863076145096,0.0038933154531635
5307,Gm13775,STomics,Liver,Up,0.908540783149953,0.0038933154531635
5308,Gstt2,STomics,Liver,Up,0.630767665151571,0.0039493075323746
5309,Hnf1aos1,STomics,Liver,Up,0.648046202603591,0.0040887728051704
5310,2310015A16Rik,STomics,Liver,Up,0.760127723898197,0.004306804299801
5311,Mal2,STomics,Liver,Down,-0.691256244973508,0.0043993883003957
5312,Uqcrq,STomics,Liver,Up,0.58137707014023,0.0045497524583387
5313,Ctsd,STomics,Liver,Up,0.59898578642281,0.0048455053205195
5314,Mettl7b,STomics,Liver,Up,0.495861471185847,0.005247794392773
5315,Mug1,STomics,Liver,Down,-0.89713852388082,0.005247794392773
5316,Tsc22d3,STomics,Liver,Down,-0.684941474188344,0.0056093518748422
5317,Fus,STomics,Liver,Down,-0.57638548431417,0.0056093518748422
5318,Psme1,STomics,Liver,Up,0.557341679638526,0.0059175210008547
5319,Smoc1,STomics,Liver,Up,0.662362538838735,0.0059175210008547
5320,Ttc36,STomics,Liver,Up,0.565655823882022,0.0059199612330903
5321,Sult2a3,STomics,Liver,Up,2.20238232780308,0.0059199612330903
5322,Slc22a1,STomics,Liver,Up,0.643095188205294,0.0059199612330903
5323,Hnrnpk,STomics,Liver,Down,-0.584570562115142,0.0061671448433145
5324,Tmed2,STomics,Liver,Down,-0.538003011285043,0.0062834201447392
5325,Psmb8,STomics,Liver,Up,0.66032443847181,0.0066744531233797
5326,Orm1,STomics,Liver,Up,0.618865367239811,0.0067554426114537
5327,Lrpprc,STomics,Liver,Down,-0.597257354781183,0.0069059414302109
5328,Cyb5r3,STomics,Liver,Up,0.637377545934433,0.0074812516096456
5329,Alad,STomics,Liver,Up,0.527741495002466,0.0078979213951285
5330,Hgfac,STomics,Liver,Up,0.539931600172501,0.0080409184965022
5331,Fndc4,STomics,Liver,Up,0.622283753397649,0.0081485722305699
5332,Creg1,STomics,Liver,Up,0.471688470107017,0.0081485722305699
5333,Ube2d2a,STomics,Liver,Down,-0.576517718559058,0.0084948096584607
5334,Hamp2,STomics,Liver,Up,1.44368410546881,0.0089573077864448
5335,Park7,STomics,Liver,Up,0.482524377650142,0.0098218665345705
5336,Slc6a13,STomics,Liver,Up,0.510085822756773,0.0099525627575422
5337,Fxyd1,STomics,Liver,Up,0.477349223422883,0.0101700605136343
5338,Arfgap2,STomics,Liver,Up,0.636230111109953,0.0105727300522027
5339,Tymp,STomics,Liver,Up,0.695087046411575,0.0107357020032745
5340,Acsm1,STomics,Liver,Up,0.448027565003025,0.0108475153804918
5341,Gamt,STomics,Liver,Up,0.560316462041012,0.0114930912359707
5342,Fah,STomics,Liver,Up,0.452184857542029,0.0114930912359707
5343,Trim8,STomics,Liver,Up,0.699180223073219,0.0114930912359707
5344,Rdh16,STomics,Liver,Up,0.657849637850551,0.0114930912359707
5345,Ss18l2,STomics,Liver,Down,-0.624081584959245,0.0114930912359707
5346,Bcas2,STomics,Liver,Down,-0.512859629664124,0.0114930912359707
5347,Bin1,STomics,Liver,Up,0.59857971343598,0.0115001981364441
5348,Tle1,STomics,Liver,Down,-0.584988752269583,0.0115763350502832
5349,Dcxr,STomics,Liver,Up,0.676894444355956,0.0115763350502832
5350,Slc25a1,STomics,Liver,Up,0.450233729105566,0.0115763350502832
5351,Selenof,STomics,Liver,Down,-0.562795081918941,0.0115763350502832
5352,Pigr,STomics,Liver,Up,0.491068798044273,0.0115763350502832
5353,Cenpb,STomics,Liver,Up,0.569809733975728,0.01206374601491
5354,Atox1,STomics,Liver,Up,0.433373077582298,0.0121122955423313
5355,S100a10,STomics,Liver,Up,0.667436855678855,0.0125095131917932
5356,Ang,STomics,Liver,Up,0.629272202828256,0.0126886567681175
5357,Commd3,STomics,Liver,Down,-0.647044602611431,0.0129697642446306
5358,Ndufv1,STomics,Liver,Up,0.541445201711638,0.0132174886590059
5359,Uqcr11,STomics,Liver,Up,0.47186246581607,0.0132174886590059
5360,Pdia6,STomics,Liver,Down,-0.578736352752843,0.0132174886590059
5361,Plxnb2,STomics,Liver,Up,0.512251634909538,0.0144678709482042
5362,Enho,STomics,Liver,Down,-1.03169415358584,0.014912834110001
5363,Hnf4aos,STomics,Liver,Up,0.557742547110613,0.0163074695219864
5364,Gm44662,STomics,Liver,Up,1.03423229707642,0.0163074695219864
5365,Bfar,STomics,Liver,Up,0.50710067364368,0.0163074695219864
5366,Gsta2,STomics,Liver,Up,0.753760933054747,0.0163074695219864
5367,Spp2,STomics,Liver,Up,0.454186800570291,0.0172564309465702
5368,Gm48702,STomics,Liver,Up,0.621148858193853,0.01764938208554
5369,Atp5e,STomics,Liver,Up,0.411580834353029,0.0183262084739764
5370,Gckr,STomics,Liver,Up,0.580064383706219,0.0187077284685821
5371,Dazap2,STomics,Liver,Down,-0.439746979913399,0.0205799536703689
5372,Maskbp3,STomics,Liver,Down,-0.858804663171,0.0210396921880702
5373,Id2,STomics,Liver,Down,-0.479560156583959,0.0210396921880702
5374,Becn1,STomics,Liver,Down,-0.544698760887662,0.0223222021426267
5375,Sgpp1,STomics,Liver,Down,-0.491386176956974,0.0224967302522779
5376,Tk1,STomics,Liver,Up,0.722737316786677,0.0242858540656994
5377,Mug2,STomics,Liver,Down,-0.800834936293984,0.0245253367961498
5378,Gstp3,STomics,Liver,Up,0.731293251870793,0.0252648022885138
5379,Vps4b,STomics,Liver,Down,-0.522276713521853,0.0258907803533966
5380,Wbp1l,STomics,Liver,Up,0.440121842103252,0.0268733497282039
5381,Lrg1,STomics,Liver,Up,0.595523975842126,0.0268733497282039
5382,Nap1l1,STomics,Liver,Down,-0.52416675763915,0.0270418479205578
5383,Lrp1,STomics,Liver,Up,0.492982450307645,0.0272545826742841
5384,Gnai3,STomics,Liver,Down,-0.555661648253725,0.027284773594141
5385,Gstm1,STomics,Liver,Up,0.468861719557269,0.0273883268595232
5386,Selenbp1,STomics,Liver,Up,0.559077701092924,0.0274636634529786
5387,Gm15756,STomics,Liver,Up,0.503797308984587,0.0282129457737157
5388,Rap1b,STomics,Liver,Down,-0.548957532014099,0.0289750246667734
5389,Arf4,STomics,Liver,Down,-0.53628048202377,0.0290956813934539
5390,Ell2,STomics,Liver,Down,-0.543911338314459,0.0302980471157337
5391,Zkscan17,STomics,Liver,Up,0.707820342905974,0.0304815964768703
5392,Pabpc1,STomics,Liver,Down,-0.506221316478578,0.0317212155886697
5393,Herpud1,STomics,Liver,Down,-0.582786377855901,0.0318536432214907
5394,Mrpl52,STomics,Liver,Up,0.472383516516084,0.0318842938043337
5395,Trp53inp2,STomics,Liver,Down,-0.639609204852112,0.0318842938043337
5396,Cpn1,STomics,Liver,Up,0.436676683846601,0.0328302722478351
5397,Arpc5,STomics,Liver,Down,-0.49876416672497,0.0341290914898329
5398,Mlycd,STomics,Liver,Down,-0.497747325947619,0.0347603403368548
5399,Tmem30a,STomics,Liver,Down,-0.484576896447905,0.0347603403368548
5400,Impa1,STomics,Liver,Down,-0.523610676291308,0.0350972353493988
5401,Prlr,STomics,Liver,Up,0.436254507442874,0.0354289931273429
5402,Ddt,STomics,Liver,Up,0.458208241066297,0.0365362684133317
5403,Tmem205,STomics,Liver,Up,0.424662902071738,0.0365569419510568
5404,Fads2,STomics,Liver,Up,0.449279927759545,0.0366032578581735
5405,Golph3,STomics,Liver,Down,-0.547121734487222,0.0373771784865782
5406,Rbp1,STomics,Liver,Down,-1.40819629249711,0.0383146599071491
5407,Acbd5,STomics,Liver,Down,-0.505493541760773,0.0383146599071491
5408,Ech1,STomics,Liver,Up,0.587851629233973,0.0383146599071491
5409,C3,STomics,Liver,Up,0.413361425993551,0.0385429324794364
5410,Arpp19,STomics,Liver,Up,0.475411262447742,0.0385429324794364
5411,Hmgcr,STomics,Liver,Down,-0.842089865360246,0.0419553886700186
5412,Uba7,STomics,Liver,Up,0.675300311390077,0.0423627058168383
5413,Zfp207,STomics,Liver,Down,-0.521534462163383,0.0423627058168383
5414,Cct8,STomics,Liver,Down,-0.590654788421449,0.0423627058168383
5415,Adipor2,STomics,Liver,Up,0.441946515440657,0.0424005553387476
5416,Eno1,STomics,Liver,Up,0.768855921055938,0.0424005553387476
5417,Aqp8,STomics,Liver,Up,0.577010289988489,0.0431565216182762
5418,Dgat2,STomics,Liver,Up,0.476225680140107,0.043420260698809
5419,Dnm1l,STomics,Liver,Down,-0.509754843686781,0.043420260698809
5420,Lipc,STomics,Liver,Up,0.501927323177533,0.0439470569783456
5421,Sardh,STomics,Liver,Up,0.490840317978942,0.0449862397006081
5422,Ppp6c,STomics,Liver,Down,-0.531289671189269,0.0449862397006081
5423,Slc25a39,STomics,Liver,Up,0.43956447712523,0.0449862397006081
5424,Edf1,STomics,Liver,Up,0.538608447110078,0.0454953391850815
5425,Gm15832,STomics,Liver,Down,-0.430247443243086,0.0456170769936609
5426,Abcd1,STomics,Liver,Up,0.583682648743727,0.0456775693888775
5427,Wfdc2,STomics,Liver,Up,0.804272161249327,0.0456775693888775
5428,Cyp3a44,STomics,Liver,Up,0.983202377082503,0.0457459544158716
5429,Serinc1,STomics,Liver,Down,-0.483816867818211,0.0476121661977471
5430,Ywhaz,STomics,Liver,Down,-0.511052386876523,0.0480942844914998
5431,Cxadr,STomics,Liver,Down,-0.497957047068831,0.0489694321314712
5432,Gm27216,STomics,Liver,Up,0.590570204936498,0.0489694321314712
5433,Sdc1,Visium,Spleen,Up,1.93064423033687,1.33264199047365e-19
5434,Gm14085,Visium,Spleen,Down,-3.1079250294603,1.7403370069653798e-18
5435,Bhlhe41,Visium,Spleen,Up,2.01055767514357,1.7403370069653798e-18
5436,Ccl8,Visium,Spleen,Up,3.97594658468536,3.58718954520233e-18
5437,Csprs,Visium,Spleen,Up,1.42698589454635,4.96626946224741e-18
5438,Dgka,Visium,Spleen,Down,-1.13050435385606,1.22108547109838e-16
5439,C130026I21Rik,Visium,Spleen,Up,3.42137330421737,1.22108547109838e-16
5440,Chst1,Visium,Spleen,Up,1.30938496768688,9.75034566299604e-16
5441,Cacna1s,Visium,Spleen,Up,1.94917015789634,1.7221454316502e-15
5442,AC168977.1,Visium,Spleen,Up,4.11022946192823,9.32868472406874e-15
5443,Satb1,Visium,Spleen,Down,-1.10990609543547,3.1629862503575404e-14
5444,Wfdc17,Visium,Spleen,Up,1.87287871707131,4.47864417274517e-14
5445,Fah,Visium,Spleen,Up,1.8756132611593,4.47864417274517e-14
5446,Lipc,Visium,Spleen,Up,2.1194063506488,5.560684689602369e-14
5447,D7Ertd128e,Visium,Spleen,Up,2.77500457030163,1.23420472907107e-13
5448,AC168977.2,Visium,Spleen,Up,6.34108498441827,2.22119207276968e-13
5449,Gm16028,Visium,Spleen,Up,3.24750930058251,4.00196363518911e-13
5450,Trp53inp1,Visium,Spleen,Up,0.924835874790761,1.01676960452846e-12
5451,Fabp5,Visium,Spleen,Up,1.02565234253001,2.23973883103734e-12
5452,Ckap4,Visium,Spleen,Up,1.37419925199098,3.13781075285958e-12
5453,Txndc5,Visium,Spleen,Up,1.13378082712685,3.13781075285958e-12
5454,Prg2,Visium,Spleen,Up,1.54271499093592,4.8362266135293386e-12
5455,Dapl1,Visium,Spleen,Down,-3.69859650609048,5.53407727394996e-12
5456,Wipf3,Visium,Spleen,Up,3.01576459931404,6.28945705496482e-12
5457,Pon3,Visium,Spleen,Up,1.60813531999241,6.51824969636322e-12
5458,Fcgr2b,Visium,Spleen,Up,0.974712804871146,1.21528047747036e-11
5459,Apobec2,Visium,Spleen,Up,4.36201943640415,1.29336496498968e-11
5460,Sspn,Visium,Spleen,Up,1.43860880753923,1.44766563128978e-11
5461,Bhlhe40,Visium,Spleen,Up,1.10026850629979,1.4523485761327498e-11
5462,Dnm3,Visium,Spleen,Up,2.02168239785885,2.6517377335541897e-11
5463,Cr2,Visium,Spleen,Down,-1.15393908403374,2.9972588918619e-11
5464,Jchain,Visium,Spleen,Up,1.06061734095782,3.3656967891925e-11
5465,Nt5e,Visium,Spleen,Up,1.27292890908727,3.3656967891925e-11
5466,Eaf2,Visium,Spleen,Up,1.51819865877528,3.98928140475316e-11
5467,Zbtb32,Visium,Spleen,Up,2.14650680295782,5.70733794400039e-11
5468,Gm15675,Visium,Spleen,Down,-0.984943742084735,5.70733794400039e-11
5469,Irf4,Visium,Spleen,Up,0.950537346548066,6.63067877327626e-11
5470,Adssl1,Visium,Spleen,Up,1.33966443999979,6.736091623154079e-11
5471,Rasal3,Visium,Spleen,Down,-0.815432746700252,1.34152051256731e-10
5472,Adamdec1,Visium,Spleen,Up,0.981703415356583,1.8159721909519e-10
5473,Cacna1h,Visium,Spleen,Up,1.54946353902871,2.65179615196304e-10
5474,Gpr55,Visium,Spleen,Up,1.62494706196624,1.00548379279139e-09
5475,Sostdc1,Visium,Spleen,Up,2.59362240657453,1.17264021360951e-09
5476,Aldh3b1,Visium,Spleen,Up,0.939815654671092,1.17264021360951e-09
5477,Dph5,Visium,Spleen,Down,-0.894252012040965,1.22655931428249e-09
5478,Gm30948,Visium,Spleen,Down,-2.71734575068524,1.62127053796008e-09
5479,Il10,Visium,Spleen,Up,2.95280006126403,1.67143577659927e-09
5480,AC133103.1,Visium,Spleen,Up,5.72893259300737,1.6900655557059e-09
5481,Mmp3,Visium,Spleen,Up,2.25522089491697,1.6900655557059e-09
5482,Gramd1a,Visium,Spleen,Down,-0.978575028941391,1.75101108782641e-09
5483,Fam214a,Visium,Spleen,Up,0.881965699463777,1.75699198851436e-09
5484,Derl3,Visium,Spleen,Up,1.87973314413525,2.48477961842089e-09
5485,Plscr1,Visium,Spleen,Up,1.12897919683764,2.7520123844994603e-09
5486,Prdm1,Visium,Spleen,Up,1.32528040128003,3.42213488228604e-09
5487,Chil3,Visium,Spleen,Up,2.32165909791626,3.49608973470835e-09
5488,Tram2,Visium,Spleen,Up,1.18041902342217,4.544990459707661e-09
5489,Dkk3,Visium,Spleen,Up,1.34497552015901,5.422983667961011e-09
5490,Mzb1,Visium,Spleen,Up,0.816375479732744,5.8794110213832115e-09
5491,Acap1,Visium,Spleen,Down,-0.771261334703568,6.20684177761878e-09
5492,Xbp1,Visium,Spleen,Up,0.917134026418475,6.881672959013741e-09
5493,Creld2,Visium,Spleen,Up,1.14498348464192,7.520888479464021e-09
5494,Ighg2b,Visium,Spleen,Up,1.91572161560849,7.520888479464021e-09
5495,Bhlha15,Visium,Spleen,Up,1.75753535398077,7.520888479464021e-09
5496,Tnfrsf17,Visium,Spleen,Up,1.91182042739686,7.754693662736e-09
5497,Camp,Visium,Spleen,Up,2.51113919867535,7.88923251013432e-09
5498,Apoc2,Visium,Spleen,Up,2.60843715964815,7.88923251013432e-09
5499,Tecpr1,Visium,Spleen,Down,-0.850790853616241,9.194402277161611e-09
5500,Snhg11,Visium,Spleen,Up,3.15785790318385,1.00159837486464e-08
5501,Fut1,Visium,Spleen,Up,5.19555315195993,1.00766202542918e-08
5502,Cd55,Visium,Spleen,Down,-0.721183717392908,1.03624216177928e-08
5503,Mef2b,Visium,Spleen,Up,1.71935193073974,1.03624216177928e-08
5504,Kcnmb4os2,Visium,Spleen,Up,3.14522634891178,1.12829981704248e-08
5505,Als2cl,Visium,Spleen,Down,-1.29292709033123,1.15770140479095e-08
5506,Pdcd1,Visium,Spleen,Up,2.3607776737331,1.19010460742669e-08
5507,Arhgef1,Visium,Spleen,Down,-0.819365338217343,1.23433984086717e-08
5508,Fgl2,Visium,Spleen,Up,1.27847170417098,1.31688919279839e-08
5509,Sipa1,Visium,Spleen,Down,-0.711792756016121,1.39129676013548e-08
5510,Tnfrsf8,Visium,Spleen,Up,2.80161367639494,1.71293391932456e-08
5511,Slc12a7,Visium,Spleen,Down,-0.893316969015799,1.7164842344644e-08
5512,Itgam,Visium,Spleen,Up,1.19994795652809,2.09336663176523e-08
5513,Edem1,Visium,Spleen,Up,0.842090373136247,2.16016421556813e-08
5514,Gm31718,Visium,Spleen,Up,1.90883893164689,2.20545344727702e-08
5515,Map4k2,Visium,Spleen,Down,-0.868206316474575,2.82458282078502e-08
5516,Shisa5,Visium,Spleen,Down,-0.757760026584565,3.02273383576809e-08
5517,Fcrl5,Visium,Spleen,Up,1.15983122122851,3.74685006112642e-08
5518,Ngp,Visium,Spleen,Up,2.28875750082331,4.03970547380265e-08
5519,Gzma,Visium,Spleen,Down,-1.60188041692899,4.05418412629193e-08
5520,Ell2,Visium,Spleen,Up,0.7946603158575,4.37964415565227e-08
5521,Cd63,Visium,Spleen,Up,0.741502343491135,4.37964415565227e-08
5522,Fcer2a,Visium,Spleen,Down,-1.17356755605306,4.38603097052759e-08
5523,A530040E14Rik,Visium,Spleen,Up,1.18042881661266,4.64359096038737e-08
5524,Gzmk,Visium,Spleen,Up,3.0918834055071,4.64359096038737e-08
5525,Tmem108,Visium,Spleen,Down,-1.20133778415039,4.73782580276757e-08
5526,Ercc6l2,Visium,Spleen,Up,1.05058417691274,4.81811746314895e-08
5527,Trim34a,Visium,Spleen,Down,-0.751005901946324,5.4531804274221e-08
5528,Nsg2,Visium,Spleen,Down,-1.24714074785703,6.28897683187217e-08
5529,Oas2,Visium,Spleen,Down,-1.0498959259286,6.77900609454103e-08
5530,Ctsg,Visium,Spleen,Up,2.21088554826305,6.9682804058963e-08
5531,Atf5,Visium,Spleen,Up,1.23966448551431,8.05341353371228e-08
5532,S100a8,Visium,Spleen,Up,1.99616172267751,8.07506601063445e-08
5533,Clec2g,Visium,Spleen,Up,3.25145521062912,9.18595253035935e-08
5534,Diras2,Visium,Spleen,Up,1.65318787929977,9.18595253035935e-08
5535,Herpud1,Visium,Spleen,Up,0.7988235860478,9.18595253035935e-08
5536,AC132444.1,Visium,Spleen,Up,3.17059028330049,1.00007481232238e-07
5537,Vmp1,Visium,Spleen,Up,0.67931639844589,1.0122524855817e-07
5538,Rgs16,Visium,Spleen,Up,2.60107733565266,1.03568574050407e-07
5539,Ctla4,Visium,Spleen,Up,1.38943357443687,1.04010418822109e-07
5540,Cfh,Visium,Spleen,Up,1.27032252170907,1.04637453335546e-07
5541,Cd8a,Visium,Spleen,Down,-1.00864659076255,1.05591119554809e-07
5542,Tmem154,Visium,Spleen,Up,0.946528875842966,1.07341609738336e-07
5543,Lcn2,Visium,Spleen,Up,2.07376557544689,1.14274093122862e-07
5544,Spon1,Visium,Spleen,Up,1.68050435059576,1.36272151243226e-07
5545,AC125149.3,Visium,Spleen,Up,2.66651146418764,1.45605539241999e-07
5546,Batf,Visium,Spleen,Up,0.83702632397771,1.49697950732728e-07
5547,Ltf,Visium,Spleen,Up,2.25245562534962,1.52226725503643e-07
5548,Lef1,Visium,Spleen,Down,-1.73999544301696,1.99859811370232e-07
5549,S100a9,Visium,Spleen,Up,1.94262528986584,2.27193062516078e-07
5550,Tnfrsf4,Visium,Spleen,Up,0.968455018752093,2.27466916172326e-07
5551,Lag3,Visium,Spleen,Up,1.8935363932194,2.61144806848101e-07
5552,Rnf213,Visium,Spleen,Down,-0.66616016071381,2.82931228499352e-07
5553,Anks1b,Visium,Spleen,Up,3.76291096028362,2.88819937599986e-07
5554,Zbtb38,Visium,Spleen,Up,0.824359026726332,2.91196079400401e-07
5555,Gm10451,Visium,Spleen,Up,1.65628881892557,3.04946452451064e-07
5556,Krt222,Visium,Spleen,Up,1.89772075271558,3.35502853423987e-07
5557,a,Visium,Spleen,Up,2.63353812818692,3.35502853423987e-07
5558,Gng3,Visium,Spleen,Up,5.69439402494725,4.24108290953456e-07
5559,Clcf1,Visium,Spleen,Down,-0.700497880707824,4.28089964169906e-07
5560,Nfil3,Visium,Spleen,Up,1.59599759762036,4.59511896316944e-07
5561,C4b,Visium,Spleen,Up,0.829364380675348,4.60338506355585e-07
5562,Pdk1,Visium,Spleen,Down,-0.81953392003729,4.63563517733925e-07
5563,Ramp3,Visium,Spleen,Up,2.0255355184097,4.69922503624873e-07
5564,Lgals1,Visium,Spleen,Up,0.675535366087897,4.69922503624873e-07
5565,Pafah1b3,Visium,Spleen,Up,0.777981744802514,5.27435863421403e-07
5566,Pycr1,Visium,Spleen,Up,2.10234005815702,5.891723281911e-07
5567,Spp1,Visium,Spleen,Up,2.35432964602788,7.26394423773519e-07
5568,Wfdc21,Visium,Spleen,Up,2.17716198895066,7.85941794075987e-07
5569,Cygb,Visium,Spleen,Up,1.29636235642309,8.46327930920961e-07
5570,Ighm,Visium,Spleen,Up,1.28053145366068,9.215982194356e-07
5571,Il1r2,Visium,Spleen,Up,1.80764387716375,9.77686790571057e-07
5572,Serpina3f,Visium,Spleen,Up,1.3079936308346,1.08297347956627e-06
5573,Gm1965,Visium,Spleen,Up,2.06731502127259,1.08297347956627e-06
5574,Arid3a,Visium,Spleen,Up,0.887478167326657,1.08297347956627e-06
5575,Rasgrp2,Visium,Spleen,Down,-0.768610345110059,1.08297347956627e-06
5576,Gm34215,Visium,Spleen,Up,1.56293102530091,1.12017694742236e-06
5577,Trbc1,Visium,Spleen,Down,-0.702147641620392,1.27195341484269e-06
5578,Itpr3,Visium,Spleen,Down,-0.629637824552812,1.41606837189838e-06
5579,Ccl12,Visium,Spleen,Up,2.54616031546205,1.56476558683676e-06
5580,AA467197,Visium,Spleen,Up,2.37039810342045,1.61858472487917e-06
5581,Gadd45b,Visium,Spleen,Up,0.742239163031491,1.6700158888029e-06
5582,Retnlg,Visium,Spleen,Up,2.26810236526379,1.70247990757491e-06
5583,Igkc,Visium,Spleen,Up,1.28095643964049,1.74230232403726e-06
5584,Cd80,Visium,Spleen,Up,1.04988994434111,1.87429966754109e-06
5585,Tcf7,Visium,Spleen,Down,-1.03387790846467,2.09497037556329e-06
5586,Slc39a11,Visium,Spleen,Up,0.939737640461763,2.5061035319336e-06
5587,Ifi214,Visium,Spleen,Down,-1.03060336754478,2.6011407926243e-06
5588,Ube2j1,Visium,Spleen,Up,0.668655940837706,2.91326428071735e-06
5589,Penk,Visium,Spleen,Up,1.97735847173206,3.18750409341006e-06
5590,Tsga13,Visium,Spleen,Down,-1.64832525601762,3.24054961206722e-06
5591,Rilpl2,Visium,Spleen,Up,0.714005251063844,3.42532427138562e-06
5592,Zcchc18,Visium,Spleen,Up,1.05024537661368,3.44583736700229e-06
5593,Chd3,Visium,Spleen,Down,-0.643769980407317,3.65203527776936e-06
5594,Hdc,Visium,Spleen,Up,1.64458961327492,3.71323029302077e-06
5595,Cst7,Visium,Spleen,Up,0.892874604248706,4.01136219631076e-06
5596,Sel1l,Visium,Spleen,Up,0.717590730199034,4.12152926081721e-06
5597,Arhgap4,Visium,Spleen,Down,-0.707647721618335,4.14918090941626e-06
5598,Chn1os3,Visium,Spleen,Up,3.08877691320741,4.58504010225626e-06
5599,Sell,Visium,Spleen,Down,-0.664069804688611,4.64329824690279e-06
5600,Gm5547,Visium,Spleen,Up,0.852443801856354,5.13640537461821e-06
5601,Mpo,Visium,Spleen,Up,2.0731304387827,5.2620817248852e-06
5602,Gm15056,Visium,Spleen,Up,1.79198706493058,5.47993298092808e-06
5603,Hp,Visium,Spleen,Up,1.87780297730067,5.47993298092808e-06
5604,Adcy7,Visium,Spleen,Down,-0.66597471596994,5.55725366081749e-06
5605,Tdrp,Visium,Spleen,Down,-1.36875441511979,5.66349673269103e-06
5606,Art3,Visium,Spleen,Up,1.62311128938334,6.08574083899208e-06
5607,Ms4a3,Visium,Spleen,Up,2.19868689283505,6.22219168764201e-06
5608,Mfsd4a,Visium,Spleen,Up,2.53289036057504,6.27282882192762e-06
5609,Fam160a1,Visium,Spleen,Up,2.74544852647317,6.64752480241243e-06
5610,Mndal,Visium,Spleen,Down,-0.695893005577268,6.64752480241243e-06
5611,Cxcr4,Visium,Spleen,Up,0.719009878543279,6.64752480241243e-06
5612,Slc3a2,Visium,Spleen,Up,0.674677290561545,6.67538213439301e-06
5613,Rab27a,Visium,Spleen,Up,0.969546766228974,6.67538213439301e-06
5614,Gpnmb,Visium,Spleen,Up,2.55073495267878,6.75266782208008e-06
5615,Atf6,Visium,Spleen,Up,0.749040230352138,6.85751470553592e-06
5616,Fas,Visium,Spleen,Up,0.934864708207279,6.85751470553592e-06
5617,Il21,Visium,Spleen,Up,3.16813372643998,7.13503121792343e-06
5618,Lilr4b,Visium,Spleen,Up,1.41858163935351,7.81945223363658e-06
5619,Fcnb,Visium,Spleen,Up,2.0410172811645,8.9424300244792e-06
5620,Msc,Visium,Spleen,Up,0.975194676035862,9.73465035763189e-06
5621,Gstt3,Visium,Spleen,Up,1.4890159454751,9.91554929801108e-06
5622,Cacna1d,Visium,Spleen,Up,1.40251613604392,1.06614348709261e-05
5623,Pglyrp1,Visium,Spleen,Up,0.725565725127045,1.06614348709261e-05
5624,Reln,Visium,Spleen,Up,1.49206226209499,1.09520396489779e-05
5625,Pxk,Visium,Spleen,Down,-0.648210690958287,1.09654197585607e-05
5626,Lat,Visium,Spleen,Down,-0.672307875774323,1.09654197585607e-05
5627,Gas7,Visium,Spleen,Up,1.13377018887897,1.2018034757383e-05
5628,Atp6v0d2,Visium,Spleen,Up,2.45098681111697,1.24426625150125e-05
5629,Cyp4b1,Visium,Spleen,Up,0.919232384279217,1.24426625150125e-05
5630,Edaradd,Visium,Spleen,Down,-0.988780384256429,1.24426625150125e-05
5631,Gm15987,Visium,Spleen,Up,1.00889767531208,1.2648713897517e-05
5632,Tnfsf13b,Visium,Spleen,Up,1.04467000404832,1.2648713897517e-05
5633,Oosp1,Visium,Spleen,Up,1.4920391328349,1.27581683018292e-05
5634,Gm19951,Visium,Spleen,Down,-1.04777239933213,1.36301567166108e-05
5635,Syt11,Visium,Spleen,Up,1.17431246004464,1.3967075291466e-05
5636,Epcam,Visium,Spleen,Up,1.26733031854718,1.41921747489038e-05
5637,Tubb2b,Visium,Spleen,Up,1.13781831077664,1.43035843538807e-05
5638,Samd9l,Visium,Spleen,Down,-0.629318960197154,1.47487223667593e-05
5639,1700017B05Rik,Visium,Spleen,Up,0.666302357743731,1.48513873463494e-05
5640,Ms4a6b,Visium,Spleen,Down,-0.635832007089979,1.58115836252339e-05
5641,Mmp8,Visium,Spleen,Up,2.33012156406582,1.67027883908955e-05
5642,Scimp,Visium,Spleen,Up,0.937261629421798,1.67945858410826e-05
5643,Lmo7,Visium,Spleen,Up,1.62129692990763,1.71363425859974e-05
5644,Serpina3g,Visium,Spleen,Up,0.616451695899329,1.86973288150546e-05
5645,Ccr7,Visium,Spleen,Down,-0.676160282212626,2.02261459896969e-05
5646,Manea,Visium,Spleen,Up,0.83506473860832,2.0460129669119e-05
5647,Iglv3,Visium,Spleen,Up,1.1438729885044,2.07382662619496e-05
5648,Cybb,Visium,Spleen,Up,0.600124891034237,2.15967021161271e-05
5649,Gnaz,Visium,Spleen,Up,1.28641982852848,2.30035745829747e-05
5650,Ccr1,Visium,Spleen,Up,1.32085729486162,2.35351488542672e-05
5651,Trabd2b,Visium,Spleen,Up,2.56251824543748,2.41957775418162e-05
5652,Anxa1,Visium,Spleen,Up,0.949979193212766,2.49689367106531e-05
5653,Galnt6,Visium,Spleen,Down,-0.684112928398015,2.62331944995578e-05
5654,Helz2,Visium,Spleen,Down,-0.561461854550942,2.65000035546658e-05
5655,Pls1,Visium,Spleen,Up,1.38351838069057,2.67437562656634e-05
5656,Arhgap9,Visium,Spleen,Down,-0.615795660329916,2.67448398354065e-05
5657,Rbm47,Visium,Spleen,Up,0.858552472221081,2.95492648870639e-05
5658,Chac1,Visium,Spleen,Up,2.23355227987396,3.1412097115546e-05
5659,Chil1,Visium,Spleen,Up,2.05965831338531,3.42739453859407e-05
5660,Prdx4,Visium,Spleen,Up,1.01460006189197,3.60718375922381e-05
5661,Ahnak,Visium,Spleen,Up,0.603365028996395,3.62180748800578e-05
5662,Gdf3,Visium,Spleen,Up,1.450249735038,3.71345756991252e-05
5663,Itm2c,Visium,Spleen,Up,0.586814431324758,3.83491026491301e-05
5664,Lilrb4a,Visium,Spleen,Up,0.754920625448695,3.9024394950977e-05
5665,Tbx21,Visium,Spleen,Up,0.990174666007074,3.9024394950977e-05
5666,Bmpr1a,Visium,Spleen,Up,0.960820688170035,3.91045845653279e-05
5667,Tbc1d10c,Visium,Spleen,Down,-0.633823380154375,4.04276296763179e-05
5668,Ergic1,Visium,Spleen,Up,0.72878727650933,4.08409688631115e-05
5669,Cpxm1,Visium,Spleen,Up,1.0578880711593,4.29690672474802e-05
5670,Klra4,Visium,Spleen,Down,-1.4194478708574,5.15384256095326e-05
5671,Cxcr3,Visium,Spleen,Up,0.887817479144637,5.23875548987226e-05
5672,Fzd6,Visium,Spleen,Up,2.05044898909404,5.40148746454017e-05
5673,Plpp5,Visium,Spleen,Up,0.806905318846985,5.42616609462289e-05
5674,Hpse,Visium,Spleen,Up,0.720016417474301,5.46305150825214e-05
5675,Gca,Visium,Spleen,Up,1.00907229914431,5.67868059164912e-05
5676,Klra8,Visium,Spleen,Down,-1.21316940539287,5.77992638631667e-05
5677,Cdkn2a,Visium,Spleen,Up,2.10601814340823,6.03700891718685e-05
5678,Izumo1r,Visium,Spleen,Up,1.02664971321364,6.332706007419e-05
5679,Pmepa1,Visium,Spleen,Up,0.870240262812412,6.332706007419e-05
5680,Oasl1,Visium,Spleen,Down,-0.995905224813954,6.332706007419e-05
5681,Ift80,Visium,Spleen,Down,-0.777105160234437,6.332706007419e-05
5682,Elane,Visium,Spleen,Up,1.92208649031519,6.332706007419e-05
5683,Serping1,Visium,Spleen,Up,0.624580944352855,6.332706007419e-05
5684,D930028M14Rik,Visium,Spleen,Down,-1.49473461062014,6.332706007419e-05
5685,Twsg1,Visium,Spleen,Up,0.714387733874177,7.17506587591674e-05
5686,Gm20559,Visium,Spleen,Down,-0.664878245143237,7.26776844239382e-05
5687,Icosl,Visium,Spleen,Down,-0.577924749133674,7.33244783149884e-05
5688,Anxa8,Visium,Spleen,Up,3.68267039568884,7.55231499361618e-05
5689,Cd177,Visium,Spleen,Up,2.06525610443848,7.7945190092204e-05
5690,Ssr3,Visium,Spleen,Up,0.544826145367592,7.7945190092204e-05
5691,Cysltr2,Visium,Spleen,Up,1.32790382461904,8.00149464197177e-05
5692,Tiam1,Visium,Spleen,Up,0.911146033984722,8.00174684960848e-05
5693,Ccl4,Visium,Spleen,Up,1.21371925302666,8.28109989455059e-05
5694,Cpeb2,Visium,Spleen,Up,0.886627786458061,8.39619780669152e-05
5695,Fcrl1,Visium,Spleen,Down,-0.578985685001522,8.63874175896274e-05
5696,Sfrp1,Visium,Spleen,Up,0.845110874874704,8.81495068435218e-05
5697,Traf3ip3,Visium,Spleen,Down,-0.566162128739447,8.81495068435218e-05
5698,Slc2a6,Visium,Spleen,Up,0.814437738376511,8.91490997819881e-05
5699,Arhgap45,Visium,Spleen,Down,-0.656480829898496,9.77232832890858e-05
5700,Txk,Visium,Spleen,Down,-0.85186931628856,9.77232832890858e-05
5701,Slamf9,Visium,Spleen,Up,1.20554117822612,9.8434742295943e-05
5702,Trat1,Visium,Spleen,Down,-1.47182557560203,0.0001051898544352
5703,Fam78a,Visium,Spleen,Down,-0.765152861821216,0.0001078717536552
5704,Gsr,Visium,Spleen,Up,0.73869363540339,0.0001089300749359
5705,Tmsb10,Visium,Spleen,Down,-0.61731916207034,0.0001131747599794
5706,Nxpe5,Visium,Spleen,Up,1.53388251139255,0.0001140274514268
5707,Ifi203,Visium,Spleen,Down,-0.538362429480139,0.0001190831915011
5708,Pqlc3,Visium,Spleen,Up,0.717828660565231,0.0001232439870296
5709,Coro2b,Visium,Spleen,Up,1.3493427151418,0.0001249119392816
5710,Ets1,Visium,Spleen,Down,-0.542551390247335,0.0001264863619448
5711,Ccl3,Visium,Spleen,Up,1.43163147376163,0.0001272161509644
5712,Prtn3,Visium,Spleen,Up,1.78037915786526,0.0001308337963178
5713,Trbc2,Visium,Spleen,Down,-0.654680668657559,0.000132490028477
5714,Prss34,Visium,Spleen,Up,2.38146539457069,0.0001344355089765
5715,Fabp4,Visium,Spleen,Up,1.97762694311069,0.000135663860166
5716,Casp4,Visium,Spleen,Up,0.684862907272245,0.0001429826857104
5717,Spcs3,Visium,Spleen,Up,0.586297578152859,0.000146949823355
5718,Ptp4a3,Visium,Spleen,Down,-0.563041296973104,0.0001487736826529
5719,Slc25a19,Visium,Spleen,Up,0.605262932491812,0.0001529785943219
5720,Ltb4r1,Visium,Spleen,Up,1.29524343521781,0.0001532190994497
5721,Insl6,Visium,Spleen,Up,0.902482144603925,0.0001532190994497
5722,Mcpt8,Visium,Spleen,Up,1.7633622273386,0.0001584719270114
5723,Hepacam2,Visium,Spleen,Up,1.05562118730314,0.0001606106753744
5724,Ms4a6c,Visium,Spleen,Up,0.640282047508103,0.0001647178811258
5725,Jun,Visium,Spleen,Up,0.742591209965219,0.0001647178811258
5726,Tmem82,Visium,Spleen,Up,2.09331649927317,0.0001695037973421
5727,2810001G20Rik,Visium,Spleen,Down,-0.717974027367626,0.0001695156670221
5728,Dpt,Visium,Spleen,Up,0.794860779872866,0.0001709488707972
5729,Creb3l2,Visium,Spleen,Up,0.738435978883211,0.0001858269536227
5730,Pik3r4,Visium,Spleen,Down,-0.597923551234353,0.0001878660713302
5731,Msr1,Visium,Spleen,Up,2.05321695421011,0.0001908162248866
5732,Pik3r6,Visium,Spleen,Up,1.24571219753714,0.0001927624307155
5733,Itgb2l,Visium,Spleen,Up,2.03829305401149,0.000195656488154
5734,Myo1h,Visium,Spleen,Up,1.00645701324786,0.0001966210660399
5735,Cyp2s1,Visium,Spleen,Up,1.0766349394272,0.0001993720789556
5736,Emcn,Visium,Spleen,Up,1.54123110577365,0.0001994578121636
5737,Chst7,Visium,Spleen,Up,1.45632245842867,0.0001994578121636
5738,Serinc5,Visium,Spleen,Up,0.764886440924224,0.0002092973603986
5739,Pltp,Visium,Spleen,Up,0.745271315823376,0.0002097059130896
5740,Mmp9,Visium,Spleen,Up,1.20053112981161,0.0002108942953065
5741,As3mt,Visium,Spleen,Up,0.734751120263393,0.0002130356583059
5742,Ms4a6d,Visium,Spleen,Up,1.02938231612012,0.0002130873278643
5743,Trdc,Visium,Spleen,Down,-1.54578081523956,0.0002144182170354
5744,Timd2,Visium,Spleen,Up,2.14186829802475,0.0002144182170354
5745,Adgrg3,Visium,Spleen,Up,1.45481336051823,0.0002183746473493
5746,Msrb1,Visium,Spleen,Up,0.621011949020932,0.0002191090386171
5747,Mapk13,Visium,Spleen,Up,1.78034146441675,0.0002254433227352
5748,Fabp7,Visium,Spleen,Up,1.19205529317586,0.0002355794112722
5749,Pdia4,Visium,Spleen,Up,0.661370371223401,0.0002356754612637
5750,Slpi,Visium,Spleen,Up,1.44330390916156,0.0002417337615336
5751,Ltb,Visium,Spleen,Down,-0.533101346240499,0.000245275095755
5752,Lmo2,Visium,Spleen,Down,-0.656487091345838,0.0002585197087319
5753,Fam89a,Visium,Spleen,Up,1.99410809323394,0.0002586578342622
5754,Surf4,Visium,Spleen,Up,0.533848925307392,0.0002712668666349
5755,Bcl2l15,Visium,Spleen,Up,1.42360017515737,0.0002765148401696
5756,S1pr2,Visium,Spleen,Up,1.07221305846231,0.0002765148401696
5757,Ptpn1,Visium,Spleen,Up,0.539568191594809,0.0002871106623297
5758,Wdr38,Visium,Spleen,Down,-1.05386001042065,0.0002922104395806
5759,Mreg,Visium,Spleen,Up,0.96085796072507,0.00029616796441
5760,Klk1b27,Visium,Spleen,Up,1.84348427431345,0.000300578418557
5761,Rapgef4,Visium,Spleen,Down,-0.9032067712408,0.0003166978041907
5762,Serpinf1,Visium,Spleen,Up,1.27857740250641,0.0003214503348741
5763,Fpr2,Visium,Spleen,Up,1.23986059204972,0.00032234413614
5764,Aldh7a1,Visium,Spleen,Up,0.73340698322023,0.0003273509471948
5765,AU015791,Visium,Spleen,Up,2.757804281606,0.0003298073780666
5766,Txndc11,Visium,Spleen,Up,0.578677938104286,0.000332029590544
5767,Slamf7,Visium,Spleen,Up,0.708468072417974,0.0003330764551707
5768,Vwc2,Visium,Spleen,Up,1.68619114020597,0.0003330764551707
5769,Iglv1,Visium,Spleen,Up,1.57673212177566,0.0003350462237569
5770,Gps2,Visium,Spleen,Down,-0.529200169280147,0.0003370618514434
5771,Rtp4,Visium,Spleen,Down,-0.724068010783046,0.0003370618514434
5772,Sik1,Visium,Spleen,Up,0.846452790520683,0.0003446396599433
5773,Slc44a1,Visium,Spleen,Up,0.622961254818406,0.0003631176845195
5774,Ttc39c,Visium,Spleen,Up,1.26054955406153,0.0003732645553911
5775,Tg,Visium,Spleen,Up,1.99508606473791,0.0003883739649551
5776,Hcrtr2,Visium,Spleen,Up,1.90013433667655,0.0003893497533461
5777,Galns,Visium,Spleen,Up,0.691525944605767,0.0003951105668644
5778,Klrd1,Visium,Spleen,Down,-0.671232988867682,0.0004009921956752
5779,Ubash3b,Visium,Spleen,Up,0.664054717977204,0.0004030436134527
5780,Pla2g2f,Visium,Spleen,Up,1.42938413002278,0.0004129410501649
5781,Erp44,Visium,Spleen,Up,0.5657592760732,0.0004302199619394
5782,Vipr1,Visium,Spleen,Down,-1.18291192536061,0.0004346610840752
5783,Loxl1,Visium,Spleen,Up,0.698949515356096,0.0004348671755786
5784,Rgs1,Visium,Spleen,Up,0.708739143767778,0.0004792946034661
5785,Cebpe,Visium,Spleen,Up,1.79945140820606,0.0004944157023388
5786,Scn4a,Visium,Spleen,Up,1.1967917823286,0.000497295116901
5787,2210414B05Rik,Visium,Spleen,Up,1.86917454651659,0.0004987393242585
5788,Anxa2,Visium,Spleen,Up,0.529392365466654,0.0005072411389521
5789,Evi2a,Visium,Spleen,Up,0.56847633690346,0.0005158489514866
5790,Camkk1,Visium,Spleen,Up,1.05148146274208,0.0005188028001285
5791,Gdf15,Visium,Spleen,Up,1.01861206150496,0.0005258428769714
5792,Ifi209,Visium,Spleen,Down,-0.546403396806788,0.0005290408814652
5793,Ciz1,Visium,Spleen,Down,-0.555316255442251,0.0005597910347076
5794,Rhou,Visium,Spleen,Up,2.03639919330662,0.0005749407649837
5795,Serpina3n,Visium,Spleen,Up,1.11181562249916,0.0005752643164535
5796,Tnfsf9,Visium,Spleen,Up,1.73179677845021,0.0005948413765651
5797,AI427809,Visium,Spleen,Up,2.35678012064828,0.0006596487709061
5798,Cebpb,Visium,Spleen,Up,0.615558221103089,0.0006596487709061
5799,Npnt,Visium,Spleen,Down,-0.605928424088341,0.0006596487709061
5800,Nrn1,Visium,Spleen,Up,1.68307510877486,0.0006787531532914
5801,Cxcl5,Visium,Spleen,Up,1.38518253146109,0.0006900725800629
5802,Rab3ip,Visium,Spleen,Down,-0.736492191335205,0.0007143267217458
5803,Ly6c2,Visium,Spleen,Up,0.590002091334168,0.0007233805885181
5804,Actn2,Visium,Spleen,Down,-1.39546268829786,0.0007288397835503
5805,Glrx,Visium,Spleen,Up,0.637435532807364,0.0007308112893887
5806,Trib1,Visium,Spleen,Up,0.799985435275871,0.0007446991500641
5807,Macf1,Visium,Spleen,Down,-0.577689329112079,0.0007595517099526
5808,Ly6g,Visium,Spleen,Up,1.95766325996304,0.0007758646555582
5809,Rhob,Visium,Spleen,Up,0.555752810190727,0.0007771508881608
5810,Slc1a5,Visium,Spleen,Down,-0.618884775674463,0.000788613419935
5811,Nek6,Visium,Spleen,Up,0.83859018295154,0.000794690057396
5812,Carns1,Visium,Spleen,Down,-0.643258677607018,0.0008016546485464
5813,Lox,Visium,Spleen,Up,1.28121132180131,0.0008345364105187
5814,Plcd3,Visium,Spleen,Up,1.7913256840938,0.0008345364105187
5815,Pla2g2d,Visium,Spleen,Up,0.527027338179855,0.0008646839142551
5816,Ada,Visium,Spleen,Up,0.735128015321765,0.0008676737891347
5817,1700020L24Rik,Visium,Spleen,Up,2.17213327527931,0.0008887483010688
5818,Prss57,Visium,Spleen,Up,1.77982141101441,0.0008901762921032
5819,Slc39a4,Visium,Spleen,Up,1.09581455594754,0.0008965872693286
5820,Gzmm,Visium,Spleen,Up,1.28131428546911,0.0009734910517067
5821,Dnah8,Visium,Spleen,Down,-0.950934024974979,0.000981455535933
5822,Osbpl3,Visium,Spleen,Up,0.793088923865389,0.0010174687028281
5823,Plcb2,Visium,Spleen,Down,-0.571873726273037,0.0010389920288728
5824,Tnfsf8,Visium,Spleen,Up,1.01622669767405,0.0010389920288728
5825,Havcr1,Visium,Spleen,Up,1.64850904784028,0.001051250028479
5826,Aifm2,Visium,Spleen,Up,1.14429895161023,0.0010704583937492
5827,Tspoap1,Visium,Spleen,Up,0.871156495302001,0.0010816905366521
5828,Cd300lf,Visium,Spleen,Up,0.715930869753373,0.0010970978876218
5829,Trim46,Visium,Spleen,Up,1.43088498909377,0.0011919373059227
5830,Gm42031,Visium,Spleen,Up,1.02269531087819,0.0012035346079023
5831,Limd2,Visium,Spleen,Down,-0.504563513366808,0.0012035346079023
5832,Hoxa7,Visium,Spleen,Up,1.43105893887468,0.0012069545588408
5833,Gm30054,Visium,Spleen,Down,-0.65888864381965,0.0012370348739556
5834,H13,Visium,Spleen,Up,0.491740867601752,0.0012591263736296
5835,Spock2,Visium,Spleen,Up,1.62554621671727,0.0012591690391456
5836,Ier3,Visium,Spleen,Up,0.865001706844544,0.0012591690391456
5837,A330040F15Rik,Visium,Spleen,Down,-1.21848822850347,0.0012936502283599
5838,Nrp2,Visium,Spleen,Up,0.685025681960255,0.0013200035618981
5839,Camk2a,Visium,Spleen,Up,1.41763016177241,0.0013665280318962
5840,Gm10553,Visium,Spleen,Up,1.14338689125779,0.0013998617638617
5841,Ptpn5,Visium,Spleen,Up,1.72739400628725,0.0013998617638617
5842,Fcgr4,Visium,Spleen,Up,0.881742608910891,0.001419288998909
5843,Arhgap24,Visium,Spleen,Up,0.923153389291079,0.0014454147203773
5844,Ablim1,Visium,Spleen,Down,-0.50715254060225,0.0014511769633431
5845,Il1rn,Visium,Spleen,Up,1.32504114188765,0.0014713300387508
5846,Brwd1,Visium,Spleen,Down,-0.586290468073499,0.0014834075559107
5847,Gm49980,Visium,Spleen,Up,0.931155754796759,0.0014843886584222
5848,Rab3d,Visium,Spleen,Up,0.739706554487568,0.0014844205183025
5849,Upk1a,Visium,Spleen,Up,3.4221504664234,0.0014927687398375
5850,Cdkn1a,Visium,Spleen,Up,0.982529085981025,0.0014927687398375
5851,Apol11a,Visium,Spleen,Up,1.67582002311112,0.001506880128155
5852,Dnajb3,Visium,Spleen,Down,-1.55301048316991,0.001521756142238
5853,Tnfaip8,Visium,Spleen,Up,0.559845622474457,0.001591249775631
5854,Cldn15,Visium,Spleen,Up,1.51202303134393,0.001599142788621
5855,Gimap1,Visium,Spleen,Down,-0.506399935911219,0.0016077998233687
5856,St6gal1,Visium,Spleen,Up,0.583863729141865,0.0016078151600244
5857,Ces2c,Visium,Spleen,Up,1.61927739100043,0.0016280699312363
5858,Mmp2,Visium,Spleen,Up,0.817046780461265,0.0016280699312363
5859,Sypl,Visium,Spleen,Up,0.487411859928256,0.0016280699312363
5860,Ahnak2,Visium,Spleen,Up,2.19613923793432,0.0016661096454044
5861,Fkbp11,Visium,Spleen,Up,1.03340401235643,0.0017403527265842
5862,Crispld2,Visium,Spleen,Up,0.882259796261887,0.0017411296301226
5863,C5ar1,Visium,Spleen,Up,1.3328286597155,0.0018234067489813
5864,Lgals3,Visium,Spleen,Up,0.64696271212942,0.0018619621989338
5865,Lpl,Visium,Spleen,Up,0.715370723102122,0.0019177273370359
5866,Rapgef3,Visium,Spleen,Up,0.745894363361442,0.00193571244631
5867,Dnajb9,Visium,Spleen,Up,0.765766451627064,0.0019431786051024
5868,H3f3a,Visium,Spleen,Down,-0.557261809548233,0.0019682972452302
5869,Krtcap3,Visium,Spleen,Down,-0.759204511829683,0.0019807878005503
5870,F730043M19Rik,Visium,Spleen,Up,0.756555532067587,0.0019954015914973
5871,Gm2682,Visium,Spleen,Down,-1.07420753400319,0.0020175965823991
5872,Mgp,Visium,Spleen,Up,0.923332969879322,0.0020922067377885
5873,AW011738,Visium,Spleen,Down,-0.679961729208603,0.0020985947461937
5874,Ighg2c,Visium,Spleen,Up,2.18081816497667,0.002145724407074
5875,BC051226,Visium,Spleen,Down,-0.701961793996232,0.0021755660011346
5876,Hoxa5,Visium,Spleen,Up,1.28022648368397,0.0021818964049853
5877,Tpi1,Visium,Spleen,Up,0.480557561617668,0.0022457444402896
5878,Trim30a,Visium,Spleen,Down,-0.510867967406253,0.0022495818650587
5879,Lrg1,Visium,Spleen,Up,0.688100195246589,0.0022543143673986
5880,Dusp14,Visium,Spleen,Up,1.84084560974583,0.0023420186916785
5881,Nacc2,Visium,Spleen,Up,0.736347244842936,0.0023899228302113
5882,Mgmt,Visium,Spleen,Up,0.906458479223448,0.0024269080822126
5883,Ripply3,Visium,Spleen,Up,1.40714605902299,0.0024269080822126
5884,Chpf,Visium,Spleen,Up,0.685211630155008,0.0024342711381893
5885,Gpx3,Visium,Spleen,Up,0.776197067883824,0.0024893541414864
5886,Litaf,Visium,Spleen,Up,0.541355286485246,0.0024893541414864
5887,Mrgpra2b,Visium,Spleen,Up,1.92731990893251,0.0026400586745757
5888,Ifi27l2a,Visium,Spleen,Down,-0.502908477626852,0.0026835835966009
5889,Ikzf2,Visium,Spleen,Up,0.762817824321349,0.0026835835966009
5890,Hspa13,Visium,Spleen,Up,0.75047188444749,0.0027188354539309
5891,Xdh,Visium,Spleen,Up,0.619012091078114,0.0028125228806775
5892,Star,Visium,Spleen,Down,-0.580103174665853,0.0029400130185109
5893,Ifi208,Visium,Spleen,Down,-0.876949524655865,0.0029738546626075
5894,Mylk3,Visium,Spleen,Down,-0.847833490247222,0.0030288939522798
5895,AU020206,Visium,Spleen,Up,0.506261630436469,0.0031354940822837
5896,Tjp2,Visium,Spleen,Up,0.860142521946788,0.0032172538146246
5897,Ifi211,Visium,Spleen,Up,0.780798910007473,0.003219572778931
5898,Zbtb20,Visium,Spleen,Up,0.66177707926499,0.0032844072086363
5899,B4galnt4,Visium,Spleen,Up,1.94604307500761,0.0032844072086363
5900,E330020D12Rik,Visium,Spleen,Up,0.749234535013368,0.0033264773883906
5901,Serpina10,Visium,Spleen,Up,1.6636040592503,0.0033737517245028
5902,Itk,Visium,Spleen,Down,-0.886716202315325,0.0034000373571146
5903,Psmb9,Visium,Spleen,Up,0.462509059687355,0.00340287494921
5904,Cyp1b1,Visium,Spleen,Up,0.588908966847541,0.0034207663893675
5905,F5,Visium,Spleen,Up,1.42250702666664,0.0034207663893675
5906,Actr3b,Visium,Spleen,Up,1.36556264723025,0.0034207663893675
5907,Tmie,Visium,Spleen,Down,-1.29647485375203,0.0034512681469425
5908,Plcd1,Visium,Spleen,Up,1.01090929109414,0.003476188570345
5909,Ptpn22,Visium,Spleen,Up,0.580984144267995,0.003521321116588
5910,Sdcbp2,Visium,Spleen,Up,1.10305731207625,0.0035290863604968
5911,Ikbke,Visium,Spleen,Down,-0.513672429827473,0.0035730925341117
5912,Spo11,Visium,Spleen,Up,1.46599456467368,0.0035730925341117
5913,Gdf6,Visium,Spleen,Down,-0.850124610465831,0.0036177991751081
5914,Stk10,Visium,Spleen,Down,-0.474758127031359,0.0036249336631162
5915,Mgst1,Visium,Spleen,Up,0.561315040609817,0.0036867740505809
5916,Tox2,Visium,Spleen,Up,0.950228308687369,0.0037229748848544
5917,Irf7,Visium,Spleen,Down,-0.585188020211725,0.0037518966296759
5918,Prkcz,Visium,Spleen,Up,0.883767615056672,0.0037765601620322
5919,Hsp90b1,Visium,Spleen,Up,0.580130643431006,0.0037949841219292
5920,Itgb1,Visium,Spleen,Up,0.496013496796379,0.0038823878289805
5921,Igflr1,Visium,Spleen,Down,-0.558692407321654,0.0039207906035137
5922,Prkca,Visium,Spleen,Up,0.614391027948567,0.0039341679502042
5923,Pla2g7,Visium,Spleen,Up,0.533537376652825,0.0039365122824933
5924,Cyp26b1,Visium,Spleen,Up,1.28521355145891,0.0039446553917399
5925,Cib2,Visium,Spleen,Up,1.08047227414365,0.0040152278202741
5926,Gm42047,Visium,Spleen,Up,1.43767538785776,0.0040510933976953
5927,Gripap1,Visium,Spleen,Down,-0.53062033453017,0.0040510933976953
5928,Sorcs2,Visium,Spleen,Up,1.17936982082809,0.004079322205054
5929,Fam221a,Visium,Spleen,Up,1.16398847548135,0.0041587955782531
5930,Hyou1,Visium,Spleen,Up,0.618757147674556,0.0041755013026449
5931,Foxp3,Visium,Spleen,Up,0.858257182389048,0.0041919568287986
5932,Gm42418,Visium,Spleen,Down,-0.489589665615846,0.0042064054557008
5933,Pcp4,Visium,Spleen,Up,1.12109640112045,0.0042662890500854
5934,Siglecg,Visium,Spleen,Down,-0.571690979057379,0.004306326941055
5935,Pdgfra,Visium,Spleen,Up,0.689500784818961,0.0043768500020041
5936,Sec24d,Visium,Spleen,Up,0.634488748107623,0.0044025172745605
5937,Gpc1,Visium,Spleen,Up,0.719387547371179,0.0044025172745605
5938,2200002D01Rik,Visium,Spleen,Up,0.8926888283175,0.0044427749460956
5939,4933404K13Rik,Visium,Spleen,Up,1.72226341685123,0.0044900859874629
5940,Cd96,Visium,Spleen,Down,-0.805861035688236,0.004537812447784
5941,Npas4,Visium,Spleen,Up,1.36974513602925,0.0046275908966721
5942,Selenos,Visium,Spleen,Up,0.578717366012769,0.0046520226674054
5943,Cpd,Visium,Spleen,Up,0.697344040569831,0.0046974337382253
5944,Fam20c,Visium,Spleen,Up,0.78479236701045,0.0047162961015074
5945,Hspa12a,Visium,Spleen,Up,0.88736212465457,0.0048099639747908
5946,Trim12a,Visium,Spleen,Down,-0.465273659698791,0.0048164095473504
5947,Fam189b,Visium,Spleen,Down,-0.541689103522732,0.0048164095473504
5948,Camk2b,Visium,Spleen,Up,1.54815309051749,0.0048347070861044
5949,Ncln,Visium,Spleen,Down,-0.479637836532357,0.0048347070861044
5950,Rrp1b,Visium,Spleen,Up,0.797581446450717,0.0049680776566097
5951,Aplp1,Visium,Spleen,Up,1.54052945502783,0.0050540516285497
5952,Atp1b1,Visium,Spleen,Down,-0.677630215157918,0.0050563263457223
5953,Add1,Visium,Spleen,Down,-0.500753453202665,0.0053557257061641
5954,Cox6a2,Visium,Spleen,Up,1.12421074150485,0.0054026458989244
5955,Sulf1,Visium,Spleen,Up,0.711477386250431,0.005477209748216
5956,Abhd6,Visium,Spleen,Up,0.751066795300823,0.0055946069796814
5957,Sapcd1,Visium,Spleen,Up,1.01739713598499,0.0056258899045948
5958,Tcrg-C1,Visium,Spleen,Down,-1.15044346970228,0.0056274074837447
5959,Evc,Visium,Spleen,Up,0.948565847118571,0.0056594826451958
5960,Il1f9,Visium,Spleen,Up,1.45313227734566,0.0056594826451958
5961,S100a6,Visium,Spleen,Up,0.52836141967865,0.0057090338844053
5962,Ankrd33b,Visium,Spleen,Up,0.975994338820128,0.005794578546666
5963,Ifi206,Visium,Spleen,Down,-0.839327124514942,0.005803021792656
5964,Spn,Visium,Spleen,Up,0.516075397243396,0.0058475206254052
5965,Oas1c,Visium,Spleen,Down,-0.704987343487445,0.0058851582433341
5966,Ralgps2,Visium,Spleen,Down,-0.455303274915017,0.0059935997660563
5967,5430427O19Rik,Visium,Spleen,Up,0.611046918892162,0.0059935997660563
5968,Glb1,Visium,Spleen,Up,0.599873244099635,0.0060044262591422
5969,Gm20069,Visium,Spleen,Down,-1.19719887461579,0.0060081136962053
5970,Vmn2r96,Visium,Spleen,Up,1.44452257746133,0.0060719117943666
5971,Trem3,Visium,Spleen,Up,1.44138907780347,0.0060846162868702
5972,Kcnmb4,Visium,Spleen,Up,1.38069604170565,0.0061117743209129
5973,Socs3,Visium,Spleen,Up,0.749945767088824,0.0062267690672897
5974,Ighg3,Visium,Spleen,Up,1.82190911615546,0.0062267690672897
5975,Dennd5b,Visium,Spleen,Up,0.545574688535496,0.0062343485027317
5976,Prkd2,Visium,Spleen,Down,-0.524824518535755,0.0063967894939528
5977,Sidt1,Visium,Spleen,Down,-0.873651600565915,0.0064557386003345
5978,Ttc41,Visium,Spleen,Up,1.21365994183088,0.0064564799228912
5979,Gpr155,Visium,Spleen,Up,0.638901639131329,0.0064705621404048
5980,Tcf4,Visium,Spleen,Up,0.472037549622243,0.0064760560266582
5981,Neurl3,Visium,Spleen,Down,-0.503241355310847,0.0064924684138304
5982,Gng12,Visium,Spleen,Up,0.575822325992639,0.0066033271639598
5983,Cdkn2b,Visium,Spleen,Up,1.73424534051017,0.0066128904126064
5984,Plbd2,Visium,Spleen,Up,0.551545151035278,0.0066259729242201
5985,Cd1d1,Visium,Spleen,Down,-0.522706293392248,0.0066259729242201
5986,Crisp3,Visium,Spleen,Down,-1.06897038408168,0.0067286344392635
5987,Nlrc3,Visium,Spleen,Down,-0.773298814068618,0.0067877186097518
5988,Pygl,Visium,Spleen,Up,0.680005788294797,0.0068343710654883
5989,Rgl2,Visium,Spleen,Down,-0.538776802674109,0.0069262204703979
5990,Nudt22,Visium,Spleen,Up,0.727473543068763,0.0069339000687
5991,Plekhb2,Visium,Spleen,Up,0.491938686756288,0.0070731857893553
5992,Enpp1,Visium,Spleen,Up,0.541087832879584,0.0071184795073541
5993,1810046K07Rik,Visium,Spleen,Up,2.11723032882457,0.0073201622602058
5994,Pcbd1,Visium,Spleen,Up,1.27761134662252,0.0073600926651708
5995,Cyp11a1,Visium,Spleen,Up,1.95334314664531,0.0074426197602168
5996,Gimap6,Visium,Spleen,Down,-0.461818701100328,0.0074493250477533
5997,Fscn1,Visium,Spleen,Up,0.588539568218523,0.0077667706490062
5998,Tmcc3,Visium,Spleen,Up,0.603711335146627,0.0079940172961547
5999,Mcemp1,Visium,Spleen,Up,0.667755866576096,0.0080568342943112
6000,Scd1,Visium,Spleen,Down,-0.457409531957614,0.0081443554737172
6001,Gm43916,Visium,Spleen,Up,1.17696530317841,0.0082169411553485
6002,Mt1,Visium,Spleen,Up,0.732174437816096,0.0082539327628248
6003,Galnt10,Visium,Spleen,Down,-0.585256558938035,0.0082672827597892
6004,Ypel3,Visium,Spleen,Down,-0.488949016667497,0.0083072383876979
6005,Htatip2,Visium,Spleen,Up,0.521257371844758,0.0083072383876979
6006,Ap1m2,Visium,Spleen,Up,0.773098495421995,0.0084256417037122
6007,Sap25,Visium,Spleen,Down,-0.515059808560341,0.0084256417037122
6008,Rexo2,Visium,Spleen,Up,0.458711966807969,0.0084352917463014
6009,Ralgds,Visium,Spleen,Up,0.521307254747143,0.0085484931516146
6010,Cnn3,Visium,Spleen,Down,-0.509085378086237,0.0085542826797873
6011,Spint1,Visium,Spleen,Up,0.880735763532229,0.008593793882903
6012,Espn,Visium,Spleen,Up,1.08693255289391,0.008593793882903
6013,Vamp1,Visium,Spleen,Down,-0.545393585707971,0.008593793882903
6014,Cyfip1,Visium,Spleen,Up,0.503404361080508,0.008593793882903
6015,Dalrd3,Visium,Spleen,Down,-0.547706103908288,0.0086999294766205
6016,Mdfic,Visium,Spleen,Up,0.544022470864344,0.0087710795424059
6017,Il18bp,Visium,Spleen,Up,0.593447703633759,0.0088716428187423
6018,Itgae,Visium,Spleen,Up,0.989270396316446,0.0090014791160517
6019,Zfp651,Visium,Spleen,Up,1.02895776374994,0.0093047699986129
6020,Stx11,Visium,Spleen,Up,0.578309460999112,0.0094630870175996
6021,Ctla2a,Visium,Spleen,Up,0.493278598689302,0.0096114739876009
6022,Slc7a11,Visium,Spleen,Up,0.736433488683198,0.0096265921958
6023,Prom1,Visium,Spleen,Up,1.00245679368221,0.0096265921958
6024,Gadd45g,Visium,Spleen,Up,0.594449811065678,0.0098159028406502
6025,Zmpste24,Visium,Spleen,Up,0.571116742095498,0.0098185885384112
6026,Hoxb6,Visium,Spleen,Up,1.28629451007264,0.0098776622416773
6027,Fut8,Visium,Spleen,Up,0.567804697786806,0.0098809179776932
6028,Edem2,Visium,Spleen,Up,0.486525102405593,0.0099329687525451
6029,Fbln1,Visium,Spleen,Up,0.926961429822931,0.0100625446025059
6030,Cx3cl1,Visium,Spleen,Up,1.19059075029941,0.0100625446025059
6031,Chst2,Visium,Spleen,Up,0.874555761211859,0.0100936116970331
6032,Hivep3,Visium,Spleen,Up,0.671174601605318,0.0102289754884142
6033,Ccnl2,Visium,Spleen,Down,-0.518225853773688,0.0102289754884142
6034,Trim30b,Visium,Spleen,Down,-0.515123216837119,0.0102289754884142
6035,Fubp1,Visium,Spleen,Down,-0.460996029028348,0.0103053052641135
6036,Spcs2,Visium,Spleen,Up,0.476900328602287,0.0103133677791131
6037,Ighg1,Visium,Spleen,Up,1.9923437745761,0.0103728401867637
6038,Cilp,Visium,Spleen,Up,0.7614820295033,0.0104925809161052
6039,Nlrp10,Visium,Spleen,Up,1.30527636407021,0.0108039686180031
6040,Sgms2,Visium,Spleen,Up,1.26599273977453,0.0108457418406271
6041,Cx3cr1,Visium,Spleen,Up,0.682872776006515,0.010881050706353
6042,Ms4a4d,Visium,Spleen,Up,0.660038519145481,0.010908937246963
6043,Arl11,Visium,Spleen,Up,1.0405770978768,0.0110118049567522
6044,Rflnb,Visium,Spleen,Down,-0.65586056133201,0.0110786579217609
6045,Socs1,Visium,Spleen,Up,0.592697709375305,0.0114632378339285
6046,Slc15a3,Visium,Spleen,Up,0.603318013544904,0.0116560010196944
6047,Ddb2,Visium,Spleen,Down,-0.525052068352748,0.0116885520196473
6048,Naip2,Visium,Spleen,Up,0.658150702409156,0.0116976337564617
6049,Entpd1,Visium,Spleen,Up,0.546483760414725,0.0117269389152164
6050,Cep55,Visium,Spleen,Up,1.20222079608545,0.0118164551033176
6051,Nr3c2,Visium,Spleen,Up,1.10575061144575,0.0118164551033176
6052,Junb,Visium,Spleen,Up,0.452571070517088,0.0118164551033176
6053,Prg4,Visium,Spleen,Up,1.29264606010234,0.012026820785401
6054,Cyp4v3,Visium,Spleen,Up,0.626556074136278,0.0124482216322779
6055,Rbp1,Visium,Spleen,Up,0.82549453630136,0.0124898572672225
6056,Ubr4,Visium,Spleen,Down,-0.466972696939241,0.0126847549740654
6057,Soat2,Visium,Spleen,Up,0.905382707040383,0.0127606876067322
6058,Ctdp1,Visium,Spleen,Up,0.518603549987061,0.013037977451971
6059,Tnfrsf9,Visium,Spleen,Up,0.845820295727041,0.0131474891788917
6060,Manf,Visium,Spleen,Up,0.592077814053943,0.013363300979457
6061,Gm13431,Visium,Spleen,Up,1.41531153630886,0.013363300979457
6062,Gm13391,Visium,Spleen,Up,1.04309011422736,0.013363300979457
6063,Eml6,Visium,Spleen,Up,1.11375980249438,0.0134488819084925
6064,Ccdc28b,Visium,Spleen,Up,0.584685982605272,0.0135871630095106
6065,Brf1,Visium,Spleen,Down,-0.489166839679266,0.0135871630095106
6066,Dedd2,Visium,Spleen,Down,-0.542756158909958,0.0136020052420511
6067,Arl4c,Visium,Spleen,Down,-0.571125915967484,0.0136634710984892
6068,Mat2a,Visium,Spleen,Down,-0.469233150664888,0.0137396805599126
6069,Chst12,Visium,Spleen,Up,0.528651026980489,0.0137396805599126
6070,Slc7a7,Visium,Spleen,Up,0.501944860854207,0.0137753366287768
6071,Grhl1,Visium,Spleen,Up,1.24131817123696,0.0140496635255939
6072,Ccdc80,Visium,Spleen,Down,-0.64279969548113,0.0141088241318884
6073,Tmem248,Visium,Spleen,Up,0.478549754425394,0.0142338209013033
6074,Clk2,Visium,Spleen,Down,-0.435445032788097,0.0144652414668431
6075,Palm,Visium,Spleen,Up,0.879578273582904,0.0147071521347617
6076,Atat1,Visium,Spleen,Up,0.539789944362377,0.0147669296226455
6077,Naip6,Visium,Spleen,Up,0.863831817031975,0.015132819678998
6078,Kdelr3,Visium,Spleen,Up,1.70408328355913,0.015132819678998
6079,Evl,Visium,Spleen,Down,-0.459208246012232,0.015234479646628
6080,Lman1,Visium,Spleen,Up,0.526333814927909,0.0152844243213227
6081,Impa2,Visium,Spleen,Up,0.645570368338911,0.0162211364366969
6082,Sil1,Visium,Spleen,Up,0.561805382331713,0.0162211364366969
6083,Zfyve28,Visium,Spleen,Up,1.25201224593033,0.0163735335151154
6084,Casp12,Visium,Spleen,Up,0.764928234066847,0.0164479708385065
6085,Gga2,Visium,Spleen,Down,-0.466736648743898,0.0167823693754482
6086,Madcam1,Visium,Spleen,Up,0.625426322711918,0.0168959352852762
6087,Scfd2,Visium,Spleen,Up,0.778973941749506,0.0171674393881244
6088,Iqcb1,Visium,Spleen,Up,0.629660055732621,0.017213836882115
6089,Uba7,Visium,Spleen,Down,-0.486521750222059,0.017422578262811
6090,Cd200r4,Visium,Spleen,Up,0.8832341666187,0.017422578262811
6091,Crip3,Visium,Spleen,Down,-0.702497003723342,0.0175329263377616
6092,Herc1,Visium,Spleen,Down,-0.463422396301484,0.0176305220470296
6093,F3,Visium,Spleen,Up,1.12550848798467,0.0176305220470296
6094,D430019H16Rik,Visium,Spleen,Up,0.926363045764085,0.0176892732657321
6095,Ppm1e,Visium,Spleen,Down,-0.928857007620443,0.0178982258394014
6096,Utrn,Visium,Spleen,Down,-0.519096399829034,0.017912910002709
6097,Sh3gl3,Visium,Spleen,Up,1.22240955732958,0.017912910002709
6098,Gfi1,Visium,Spleen,Up,0.768967504525117,0.017912910002709
6099,Nfatc1,Visium,Spleen,Up,0.464885152209458,0.0179308356553494
6100,Tlr12,Visium,Spleen,Up,0.662478729067752,0.0181062544047529
6101,Ern1,Visium,Spleen,Up,0.538271286901384,0.0181062544047529
6102,R74862,Visium,Spleen,Up,0.851744570558605,0.0181345248594729
6103,H2-Eb2,Visium,Spleen,Up,0.520896260456254,0.0181345248594729
6104,Ly75,Visium,Spleen,Up,0.64768056263525,0.0181728157476546
6105,Cpne7,Visium,Spleen,Up,1.19527788720014,0.0181728157476546
6106,S1pr5,Visium,Spleen,Up,0.954749725577432,0.0185572345054604
6107,Zdhhc23,Visium,Spleen,Down,-0.665880110614848,0.0186805382410016
6108,Tspan10,Visium,Spleen,Up,0.856434729680809,0.0189663071162074
6109,Glipr1,Visium,Spleen,Up,0.483584073093319,0.0190485160148392
6110,Ccr5,Visium,Spleen,Up,0.831073471637596,0.01907224552355
6111,Kbtbd11,Visium,Spleen,Down,-0.480127526294543,0.0192242663944579
6112,Akap5,Visium,Spleen,Up,1.1844155772135,0.0194251445846121
6113,Ighd,Visium,Spleen,Down,-0.462088551076224,0.0194251445846121
6114,Ccr2,Visium,Spleen,Up,0.574296601346149,0.0194251445846121
6115,Zfp52,Visium,Spleen,Up,0.687303644569995,0.0194398285594713
6116,Wls,Visium,Spleen,Up,0.5065029210442,0.0194667871046482
6117,2610037D02Rik,Visium,Spleen,Up,1.17573159584445,0.0197953441163547
6118,B4galnt1,Visium,Spleen,Down,-0.420887661010112,0.0197972989562265
6119,Ddx5,Visium,Spleen,Down,-0.573814850538305,0.0199264090400324
6120,Trpc1,Visium,Spleen,Up,1.46248659810844,0.0199264090400324
6121,Rcbtb2,Visium,Spleen,Up,0.495311912040997,0.0200599864103593
6122,F11r,Visium,Spleen,Up,0.676185051192397,0.0202515660471684
6123,Mustn1,Visium,Spleen,Up,0.751038921739873,0.0207558352068164
6124,Zfp692,Visium,Spleen,Down,-0.512234434694928,0.0208856726177075
6125,Meg3,Visium,Spleen,Up,0.933508904930772,0.020915812897401
6126,Ssr4,Visium,Spleen,Up,0.556531761993907,0.0209352458647047
6127,Pcdh18,Visium,Spleen,Down,-0.630869896251723,0.020941982546079
6128,Dzip1,Visium,Spleen,Down,-0.705410144232781,0.0209906754306139
6129,Ryk,Visium,Spleen,Up,0.565378092815623,0.0210820079106355
6130,Pycard,Visium,Spleen,Up,0.492596268402747,0.02115453539488
6131,Htra3,Visium,Spleen,Up,0.557755581546146,0.0215670569015528
6132,Pros1,Visium,Spleen,Up,0.596792446330658,0.021693208645794
6133,Mt2,Visium,Spleen,Up,0.828278448685385,0.0217092073242934
6134,Atrnl1,Visium,Spleen,Up,0.519756402510746,0.0217213452342777
6135,Myo5a,Visium,Spleen,Up,0.476686156637614,0.0219948458707766
6136,Gm15411,Visium,Spleen,Down,-0.896078443058119,0.0220182930605848
6137,Rnase4,Visium,Spleen,Up,0.587475692099467,0.0221165657400926
6138,S100a1,Visium,Spleen,Up,0.564933237277754,0.0221724286769955
6139,F13a1,Visium,Spleen,Up,0.925969604391222,0.0223961548230855
6140,Zmat3,Visium,Spleen,Up,0.5935912389035,0.0224064299817545
6141,Trim56,Visium,Spleen,Down,-0.4755057060225,0.0224487957059892
6142,Tlr1,Visium,Spleen,Down,-0.436429310835292,0.0224487957059892
6143,Tnfrsf10b,Visium,Spleen,Up,1.42203317156225,0.0224878532748845
6144,Alox5,Visium,Spleen,Up,1.08292621144658,0.0227144498120918
6145,Atp9a,Visium,Spleen,Up,0.714050553731126,0.0227349776271105
6146,Pgap1,Visium,Spleen,Down,-0.487101769159853,0.0227349776271105
6147,Rarres1,Visium,Spleen,Up,1.28248905093822,0.0227349776271105
6148,Stra6,Visium,Spleen,Up,1.33507525792326,0.0232141819487386
6149,Srpk1,Visium,Spleen,Down,-0.432604816065529,0.0232604914610514
6150,Pecr,Visium,Spleen,Up,0.76842747811094,0.0232604914610514
6151,Avpr1a,Visium,Spleen,Up,1.2669233158271,0.0233678534915512
6152,Sh3pxd2a,Visium,Spleen,Down,-0.481578977119536,0.0233678534915512
6153,Lyz1,Visium,Spleen,Up,0.969961362729025,0.0235125578887334
6154,Whrn,Visium,Spleen,Down,-0.576333181407515,0.0236644276703679
6155,H2-Q10,Visium,Spleen,Up,0.635885896598383,0.0237214013988803
6156,Fendrr,Visium,Spleen,Up,1.34097762476273,0.0238709192992638
6157,Fhl2,Visium,Spleen,Up,1.05986097082653,0.0238709192992638
6158,Cebpa,Visium,Spleen,Up,0.632308464887833,0.0239157791472018
6159,Rexo5,Visium,Spleen,Down,-0.642833480367193,0.0239204140080224
6160,Mboat2,Visium,Spleen,Down,-1.16356230402276,0.0239532651933877
6161,Gmip,Visium,Spleen,Down,-0.436824066846351,0.0242102012053681
6162,Vill,Visium,Spleen,Up,0.781020709098752,0.0243172117349781
6163,Sept6,Visium,Spleen,Down,-0.469797362191714,0.0244185248117826
6164,Crybg3,Visium,Spleen,Up,0.6916012474706,0.0244185248117826
6165,Hoxb7,Visium,Spleen,Up,1.24033434541492,0.0250198530699992
6166,Sec24a,Visium,Spleen,Up,0.539196268659634,0.025040240787578
6167,Ms4a4b,Visium,Spleen,Down,-0.539708519981272,0.0255898096553449
6168,P4hb,Visium,Spleen,Up,0.431764452880841,0.0261657726405309
6169,Clec5a,Visium,Spleen,Up,1.1595609060068,0.0263050769408
6170,Wipi2,Visium,Spleen,Down,-0.466954350414148,0.0263808561023908
6171,Mir142hg,Visium,Spleen,Down,-0.561887086155444,0.0266771304556044
6172,Ier2,Visium,Spleen,Down,-0.432497442236081,0.0268187926748041
6173,Ifitm6,Visium,Spleen,Up,0.718724618203807,0.0269349645901346
6174,Prg3,Visium,Spleen,Up,0.800992703019623,0.0270930862028305
6175,Plin3,Visium,Spleen,Up,0.516502347138283,0.0271463337764758
6176,Mapkapk2,Visium,Spleen,Up,0.440359641872516,0.0274281915971241
6177,Nuggc,Visium,Spleen,Up,1.35731662768557,0.0275962969311121
6178,Ubl3,Visium,Spleen,Up,0.431358327941411,0.0276883339343403
6179,Nek7,Visium,Spleen,Up,0.446481331558146,0.0278744517810873
6180,Irs2,Visium,Spleen,Up,0.540482336326045,0.0278744517810873
6181,Anxa4,Visium,Spleen,Up,0.478568229223467,0.0280088691688181
6182,Ackr2,Visium,Spleen,Up,0.658126727753634,0.0283080394416902
6183,Rgs18,Visium,Spleen,Up,0.60732072678558,0.0283287923293971
6184,Mmp25,Visium,Spleen,Up,1.10477119644787,0.0283287923293971
6185,Ryr1,Visium,Spleen,Up,0.625650667785164,0.0283985782137935
6186,Bspry,Visium,Spleen,Up,1.06512500738895,0.0284227181636595
6187,Ggh,Visium,Spleen,Up,0.63625979634582,0.0284227181636595
6188,Srprb,Visium,Spleen,Up,0.490804201103849,0.0284227181636595
6189,Cyb561a3,Visium,Spleen,Down,-0.420662159000536,0.0286533796932109
6190,Lrrc8d,Visium,Spleen,Up,0.593959036060791,0.0289748351727901
6191,1700006J14Rik,Visium,Spleen,Down,-1.14979145556809,0.02940724442517
6192,Lysmd2,Visium,Spleen,Up,0.593646549682083,0.02940724442517
6193,Aebp1,Visium,Spleen,Up,0.576373119903053,0.02940724442517
6194,Slc7a10,Visium,Spleen,Up,1.19690107205304,0.02940724442517
6195,Usp18,Visium,Spleen,Down,-0.616329081901827,0.0297541287377439
6196,Sirt7,Visium,Spleen,Down,-0.448779030692447,0.0297541287377439
6197,Apoe,Visium,Spleen,Up,0.465040289188848,0.0297541287377439
6198,Padi4,Visium,Spleen,Up,1.09361822790307,0.0299719489272914
6199,Themis,Visium,Spleen,Down,-0.766638051060781,0.0301861979744096
6200,Arhgef18,Visium,Spleen,Down,-0.430833298333886,0.0305724881216501
6201,Nod2,Visium,Spleen,Up,0.761544165107417,0.0308613139113347
6202,Ccpg1,Visium,Spleen,Up,0.456225463625001,0.0310286031753311
6203,Alpl,Visium,Spleen,Up,0.847819368214238,0.031139736964089
6204,Fxyd6,Visium,Spleen,Up,0.686563310753448,0.031139736964089
6205,Spice1,Visium,Spleen,Down,-0.548311497736169,0.031139736964089
6206,Mphosph6,Visium,Spleen,Up,0.524537380987896,0.031194940902585
6207,Zcchc14,Visium,Spleen,Up,0.637316923511417,0.0312247688662483
6208,Pold1,Visium,Spleen,Down,-0.432101637475573,0.0315773626174512
6209,Nav2,Visium,Spleen,Up,0.901113001167126,0.0319759028842029
6210,Ptger2,Visium,Spleen,Up,0.866803599788189,0.032087043782267
6211,Cd300c,Visium,Spleen,Down,-0.859994872602083,0.032087043782267
6212,Ypel2,Visium,Spleen,Up,0.643063198898209,0.0322061656168113
6213,St8sia1,Visium,Spleen,Down,-0.902373556804839,0.0322061656168113
6214,Ildr2,Visium,Spleen,Up,1.28600796811448,0.0322143077118297
6215,Cep152,Visium,Spleen,Down,-0.564127111621387,0.0322312932028369
6216,Ccr9,Visium,Spleen,Down,-0.733031075540008,0.0323095514636658
6217,Ifi213,Visium,Spleen,Down,-0.444079476533855,0.0331779233833955
6218,Ninj1,Visium,Spleen,Up,0.452169944757325,0.0332393149606404
6219,Gpr132,Visium,Spleen,Down,-0.42401767990707,0.033400131479667
6220,Carmil2,Visium,Spleen,Down,-0.495358341213519,0.0336557699610411
6221,Zfp280b,Visium,Spleen,Up,0.594873188903644,0.033754055879644
6222,Fam217b,Visium,Spleen,Up,0.891924670563537,0.0338998615637945
6223,Cish,Visium,Spleen,Up,0.582285888905428,0.0339915738904526
6224,Wdr95,Visium,Spleen,Up,1.0534456855973,0.0341836049841088
6225,Gcsam,Visium,Spleen,Up,0.649166490896891,0.0342115330450734
6226,Sp100,Visium,Spleen,Down,-0.412923186668138,0.0343716988348485
6227,Arrdc2,Visium,Spleen,Down,-0.45732494432992,0.0344468484465026
6228,Sqstm1,Visium,Spleen,Up,0.415294906841595,0.0345102486487486
6229,Fam102a,Visium,Spleen,Down,-0.434148946470515,0.0346060031960303
6230,Pik3cg,Visium,Spleen,Up,0.497131020625436,0.0347720743052052
6231,March9,Visium,Spleen,Up,0.89373753603342,0.0351766780478386
6232,Aicda,Visium,Spleen,Up,1.71827508863589,0.0352010375933542
6233,Smc6,Visium,Spleen,Down,-0.414202996069824,0.0352010375933542
6234,Clec4d,Visium,Spleen,Up,0.814868627253117,0.0352010375933542
6235,Tcrg-C4,Visium,Spleen,Down,-0.846553344144668,0.0352010375933542
6236,Baiap3,Visium,Spleen,Up,0.636333672419301,0.0353051478530726
6237,Pdgfc,Visium,Spleen,Up,0.77472334078686,0.0353378888096429
6238,Chst11,Visium,Spleen,Up,0.599987853651591,0.0356606547530966
6239,Mturn,Visium,Spleen,Down,-0.598553854739426,0.0360373162808469
6240,Lyz2,Visium,Spleen,Up,0.447195743328145,0.0361992271170819
6241,Myb,Visium,Spleen,Down,-0.547194627301195,0.0366907579039815
6242,Coch,Visium,Spleen,Down,-0.547787197490574,0.0366923025467715
6243,Atp1b3,Visium,Spleen,Down,-0.402520959806869,0.0368139880495732
6244,Hspa8,Visium,Spleen,Down,-0.474302452900473,0.0368139880495732
6245,Ms4a1,Visium,Spleen,Down,-0.425969575453216,0.0370386774834325
6246,Bcat1,Visium,Spleen,Up,1.56857848266589,0.0370386774834325
6247,Ift140,Visium,Spleen,Down,-0.589481595491551,0.0373350095934135
6248,Zfp773,Visium,Spleen,Up,0.726136677916378,0.0378339029716651
6249,Ikbkb,Visium,Spleen,Down,-0.646882407405978,0.0378448285872945
6250,Slc46a1,Visium,Spleen,Up,1.0758316658157,0.0378448285872945
6251,Cp,Visium,Spleen,Up,0.528346152519538,0.0382877013619346
6252,Mir22hg,Visium,Spleen,Up,0.566138965432919,0.038527168319912
6253,Acyp1,Visium,Spleen,Down,-0.4712058887693,0.0386247196366401
6254,Mdp1,Visium,Spleen,Down,-0.43201165843621,0.0389083234272692
6255,Gstm1,Visium,Spleen,Up,0.517922924417943,0.0390921968152713
6256,Plk3,Visium,Spleen,Up,0.576154320506805,0.0391647834545405
6257,L1cam,Visium,Spleen,Down,-0.768048371922554,0.0391647834545405
6258,Hs3st1,Visium,Spleen,Up,0.702532746817638,0.0392872457162632
6259,Socs2,Visium,Spleen,Up,0.643531427158555,0.0394085255155637
6260,9930111J21Rik2,Visium,Spleen,Down,-1.06996753639886,0.0394160529883817
6261,Dennd2d,Visium,Spleen,Down,-0.44571849960765,0.0394160529883817
6262,Rnf166,Visium,Spleen,Down,-0.44130559343884,0.0397193693570018
6263,Ly6k,Visium,Spleen,Up,0.973065029642116,0.0402090410983381
6264,Ptgr1,Visium,Spleen,Up,0.720872895571555,0.0402943951975672
6265,Evc2,Visium,Spleen,Up,0.846122967266074,0.0405761126879007
6266,Htra1,Visium,Spleen,Up,0.471004695155812,0.0408602252244002
6267,Ptpre,Visium,Spleen,Up,0.483694716119183,0.040865064783298
6268,Prodh,Visium,Spleen,Up,0.634997511921795,0.040865064783298
6269,Kcne4,Visium,Spleen,Up,0.899953939938013,0.0410897724691673
6270,Ly6d,Visium,Spleen,Down,-0.428576441297041,0.0412445606056074
6271,S1pr1,Visium,Spleen,Down,-0.434209861688338,0.0414080756550668
6272,Itgax,Visium,Spleen,Up,0.42263019444852,0.0416286403301493
6273,Pcdh15,Visium,Spleen,Up,0.947300888443516,0.0416286403301493
6274,Srsf6,Visium,Spleen,Down,-0.478860591573044,0.0416595919836635
6275,Parp8,Visium,Spleen,Down,-0.457097630683993,0.0417897582968846
6276,Lck,Visium,Spleen,Down,-0.426801392485983,0.0420298347069621
6277,Sesn1,Visium,Spleen,Down,-0.422383342560419,0.0422474990973747
6278,Sh2b1,Visium,Spleen,Down,-0.428796124340952,0.0422474990973747
6279,Apeh,Visium,Spleen,Down,-0.433805109510403,0.0428368668324458
6280,Sntb1,Visium,Spleen,Up,0.735933050487845,0.0432419431885849
6281,Tox,Visium,Spleen,Up,0.720442860575283,0.0433347759590631
6282,Ifi35,Visium,Spleen,Down,-0.414727588118276,0.0436350818599784
6283,Tmed3,Visium,Spleen,Up,0.431124382667725,0.0436350818599784
6284,Gbp9,Visium,Spleen,Down,-0.500691955198385,0.0436450047954591
6285,Itgb7,Visium,Spleen,Down,-0.401145232548573,0.0437722189697459
6286,Dtx1,Visium,Spleen,Down,-0.448300411990384,0.0437722189697459
6287,Wfs1,Visium,Spleen,Up,0.6844130536395,0.0439473371979991
6288,Stap1,Visium,Spleen,Down,-0.441837271886403,0.0440205952006263
6289,Ttn,Visium,Spleen,Up,0.614300909628358,0.0447522646556327
6290,Adgrl2,Visium,Spleen,Up,0.671631903496381,0.0451361758373976
6291,Setd6,Visium,Spleen,Down,-0.544011742122513,0.045278622034335
6292,Nt5c,Visium,Spleen,Down,-0.420064502660777,0.045286806353509
6293,Lpcat1,Visium,Spleen,Down,-0.512121679573395,0.04534326727121
6294,Entpd7,Visium,Spleen,Up,0.797567360472134,0.045808294517547
6295,Erp27,Visium,Spleen,Down,-0.77976777955311,0.0458637462732467
6296,Sdf2l1,Visium,Spleen,Up,0.735922907728299,0.0459139796416514
6297,Cd9,Visium,Spleen,Up,0.477404358409813,0.0461396895515091
6298,Tmem104,Visium,Spleen,Up,0.595301293457318,0.046335485801409
6299,Txn1,Visium,Spleen,Up,0.420723812612204,0.046399783325841
6300,Pim1,Visium,Spleen,Up,0.546627317088709,0.0469008379077233
6301,Smco4,Visium,Spleen,Up,0.546399332934128,0.0472883960425295
6302,C3,Visium,Spleen,Up,0.403708882553841,0.0472883960425295
6303,Icam2,Visium,Spleen,Down,-0.429267236147244,0.0476202119611661
6304,Dusp11,Visium,Spleen,Down,-0.408027056872886,0.0476949758633934
6305,Mocos,Visium,Spleen,Up,0.861768204624915,0.0480345384508766
6306,Dact1,Visium,Spleen,Up,0.641679247356061,0.0482019140579591
6307,Igf1r,Visium,Spleen,Up,0.537746726583633,0.048228863359477
6308,Tbcel,Visium,Spleen,Down,-0.702097089332432,0.0482608720465003
6309,Scube1,Visium,Spleen,Up,0.933354466324815,0.0483885582016553
6310,Fzd7,Visium,Spleen,Up,0.80611455318521,0.0484888882831847
6311,Fgf11,Visium,Spleen,Up,1.02482827900315,0.0484888882831847
6312,Man1b1,Visium,Spleen,Up,0.411052488742704,0.0488346949344529
6313,Parp6,Visium,Spleen,Down,-0.44201566710686,0.0488809731298902
6314,Slc28a2,Visium,Spleen,Down,-0.42339114410515,0.0490688339789433
6315,Il33,Visium,Spleen,Up,0.714939937168792,0.0491343971467405
6316,Col15a1,Visium,Spleen,Up,0.883865957493673,0.0491343971467405
6317,Slc9a7,Visium,Spleen,Up,1.03969779539034,0.0491610496607756
6318,Mybl1,Visium,Spleen,Up,1.02663497865162,0.0492266964242729
6319,Cxcl9,Visium,Spleen,Up,0.644027920915887,0.0495131770465514
6320,Trim7,Visium,Spleen,Down,-0.429832154146894,0.0495131770465514
6321,Pacs2,Visium,Spleen,Down,-0.520780129156149,0.0496351426488243
6322,Pcyt2,Visium,Spleen,Down,-0.417596941305047,0.0498958412365636
6323,Xist,Visium,Spleen,Down,-0.442479186040747,0.0499542787882503
6324,Jchain,STomics,Spleen,Up,2.40343040465376,9.62089576806368e-08
6325,Edem1,STomics,Spleen,Up,1.18237668006513,0.0001462714781328
6326,Ccl21a,STomics,Spleen,Down,-0.911114239881528,0.0001462714781328
6327,Hsp90b1,STomics,Spleen,Up,1.04704218634678,0.0001462714781328
6328,Ighg2b,STomics,Spleen,Up,2.106281680529,0.0002584346075003
6329,Mzb1,STomics,Spleen,Up,1.25981691134189,0.0005811191862349
6330,Ighg3,STomics,Spleen,Up,1.64635735362687,0.0006366852713287
6331,Spcs1,STomics,Spleen,Up,1.14819171844515,0.0008937022152131
6332,Gm15564,STomics,Spleen,Down,-0.905263808095653,0.0029662784153741
6333,Lars2,STomics,Spleen,Down,-1.17453412829658,0.0034127840188335
6334,Prrc2c,STomics,Spleen,Down,-0.707524123522542,0.004298939948457
6335,Gphn,STomics,Spleen,Down,-1.2355372460285,0.0044965962145718
6336,Ndufs6,STomics,Spleen,Up,0.804510423305464,0.0044965962145718
6337,Bmp2k,STomics,Spleen,Down,-0.727891559551142,0.0046775645810977
6338,Xbp1,STomics,Spleen,Up,1.04967644650004,0.0049194919206567
6339,Manf,STomics,Spleen,Up,0.829570010287785,0.0050825700829703
6340,Iglc3,STomics,Spleen,Up,2.66353143677777,0.0067504803453637
6341,Arhgap21,STomics,Spleen,Down,-1.14034781547296,0.0067504803453637
6342,Igfbp3,STomics,Spleen,Down,-1.18102691456359,0.0067504803453637
6343,Filip1l,STomics,Spleen,Down,-1.15775831980882,0.0067504803453637
6344,Eif3i,STomics,Spleen,Up,0.683149368341431,0.0095534346151058
6345,Bud31,STomics,Spleen,Up,0.831366627143566,0.01033571779796
6346,Sec11c,STomics,Spleen,Up,0.651033062701191,0.0111519600053853
6347,Herpud1,STomics,Spleen,Up,1.04429469447356,0.0114557012914599
6348,Clu,STomics,Spleen,Down,-0.79907423148172,0.0117590625865634
6349,Sypl,STomics,Spleen,Up,0.672593806531718,0.0126953576284508
6350,Sec61b,STomics,Spleen,Up,0.750698316579333,0.0147515098625365
6351,Tmed2,STomics,Spleen,Up,0.720213273990193,0.0148471292063465
6352,Pdia6,STomics,Spleen,Up,0.79958485894019,0.0148471292063465
6353,Hebp1,STomics,Spleen,Up,0.959575215157687,0.0148471292063465
6354,Psmd13,STomics,Spleen,Up,0.90456989174871,0.0148471292063465
6355,Irf4,STomics,Spleen,Up,0.851175193249967,0.0162591854217471
6356,Mfge8,STomics,Spleen,Down,-0.586276345063008,0.0184377424270907
6357,Ndufb6,STomics,Spleen,Up,0.727589409377171,0.0184377424270907
6358,Rtraf,STomics,Spleen,Up,0.627206246283194,0.0207900672806171
6359,Trbc2,STomics,Spleen,Down,-0.823206015890795,0.0237574931855934
6360,Igha,STomics,Spleen,Up,2.57046948322232,0.0243083231201482
6361,Id3,STomics,Spleen,Down,-0.574201618309371,0.0256485140789282
6362,Reep5,STomics,Spleen,Up,0.557592870417257,0.0264903012694274
6363,S100a6,STomics,Spleen,Up,0.854898623846445,0.0264903012694274
6364,Trp53inp1,STomics,Spleen,Up,0.76343958696422,0.0271470425227492
6365,Jarid2,STomics,Spleen,Down,-1.18412809166672,0.0301426719071959
6366,C1qa,STomics,Spleen,Up,0.546839830317806,0.0329999761952978
6367,Sel1l,STomics,Spleen,Up,0.736707581305819,0.0329999761952978
6368,H2-Eb2,STomics,Spleen,Up,0.666891183098989,0.0329999761952978
6369,Runx1,STomics,Spleen,Down,-0.668398248773462,0.0329999761952978
6370,Bhlhe40,STomics,Spleen,Up,0.671801477855775,0.0329999761952978
6371,Hspa5,STomics,Spleen,Up,0.5167394275706,0.0359942903666023
6372,Gm10076,STomics,Spleen,Up,0.980521242395481,0.0359942903666023
6373,Psmc1,STomics,Spleen,Up,0.597121335146709,0.0364544386498214
6374,Kat6a,STomics,Spleen,Down,-0.785417174570022,0.0364544386498214
6375,Mcts1,STomics,Spleen,Up,0.578901880082658,0.0384953551367041
6376,Vti1b,STomics,Spleen,Up,0.68646174409225,0.0394333097562477
6377,Helz2,STomics,Spleen,Down,-0.650261961554181,0.0404103513753889
6378,D130009I18Rik,STomics,Spleen,Down,-1.10270931120545,0.0409562706871108
6379,Ptp4a3,STomics,Spleen,Down,-0.519168362529559,0.0437888265511949
6380,Degs1,STomics,Spleen,Up,0.696788147146523,0.0461623122146669
6381,Ssr3,STomics,Spleen,Up,0.699522124174295,0.0461858351197771
