,genes,Tech,organ,cell_type,regulate,logFC,FDR
0,Lgals3bp,ST,Brain,Ependymal,Up,1.50222508437559,9.808836697107102e-10
1,AC149090.1,ST,Brain,Ependymal,Up,1.07234551946928,0.0001078409233196
2,Cox8b,ST,Brain,Ependymal,Up,1.13378544779654,0.0064541023594273
3,Trf,ST,Brain,Ependymal,Up,0.630324657087939,0.0247039914694188
4,C1qa,ST,Brain,Ependymal,Up,0.827655529885029,0.0257676593583806
5,Lyz2,ST,Brain,Neuron,Up,1.68337970649766,3.0110930051345503e-09
6,C4b,ST,Brain,Neuron,Up,2.30500224062233,1.85226652611728e-06
7,Gm21887,ST,Brain,Neuron,Down,-3.63797445631487,3.56290946572041e-06
8,Gpr17,ST,Brain,Neuron,Down,-1.33535189163457,3.56290946572041e-06
9,C1qa,ST,Brain,Neuron,Up,0.634451089082368,6.68927799126722e-06
10,Cd52,ST,Brain,Neuron,Up,1.06896063396166,1.52953366604008e-05
11,Mpeg1,ST,Brain,Neuron,Up,0.793081599483018,5.64278885062308e-05
12,Gm47283,ST,Brain,Neuron,Down,-2.68201715041033,7.60033300015676e-05
13,Abca8a,ST,Brain,Neuron,Up,0.963207954242867,7.79882065217436e-05
14,Opalin,ST,Brain,Neuron,Down,-0.81425733303919,8.88592717440548e-05
15,9630013A20Rik,ST,Brain,Neuron,Down,-2.7694314352234,0.0001305671674885
16,H2-K1,ST,Brain,Neuron,Up,0.55075402086559,0.0003373236830023
17,Tmem267,ST,Brain,Neuron,Down,-1.13426265401461,0.0003373236830023
18,Pcdhb8,ST,Brain,Neuron,Up,1.07467481286828,0.0004306236902431
19,Pcdhb9,ST,Brain,Neuron,Up,0.76832853884753,0.0004785542131348
20,Gpnmb,ST,Brain,Neuron,Up,1.32543982761008,0.0005585005133132
21,Sgk1,ST,Brain,Neuron,Up,0.782437643117167,0.0006988950161985
22,Cxcl16,ST,Brain,Neuron,Up,1.20610374741348,0.0007242980097087
23,AC149090.1,ST,Brain,Neuron,Up,1.05667122220254,0.0007242980097087
24,Fcgr2b,ST,Brain,Neuron,Up,0.890325775373744,0.0007602880830496
25,Serpina3n,ST,Brain,Neuron,Up,1.07615063762616,0.0021123965363735
26,Zc3hav1,ST,Brain,Neuron,Up,0.829463403412683,0.0021915190891091
27,Pcdhb6,ST,Brain,Neuron,Up,1.35717288958478,0.0032288449590889
28,Cd68,ST,Brain,Neuron,Up,0.6000062560229,0.004186193999989
29,H2-Q7,ST,Brain,Neuron,Up,1.55893381115431,0.0046112516828592
30,Spag6,ST,Brain,Neuron,Up,1.05779506891249,0.0046112516828592
31,Pcdhb14,ST,Brain,Neuron,Up,0.908198005930088,0.0053153257307884
32,Capg,ST,Brain,Neuron,Up,0.799822776118462,0.0081233424356569
33,Pcdhb3,ST,Brain,Neuron,Up,0.713157183338825,0.0093089138620068
34,Lgals3bp,ST,Brain,Neuron,Up,0.592432106286599,0.0122080174162984
35,Ccl6,ST,Brain,Neuron,Up,0.796115143505069,0.0122080174162984
36,Ctss,ST,Brain,Neuron,Up,0.428568268528933,0.0171960737002206
37,AU020206,ST,Brain,Neuron,Up,0.969646329306565,0.0196116857299674
38,Nrep,ST,Brain,Neuron,Down,-0.557566218834177,0.0196116857299674
39,Enpp6,ST,Brain,Neuron,Down,-0.769008297417217,0.0261095373418749
40,Slc11a1,ST,Brain,Neuron,Up,0.969471583167223,0.0305501792315184
41,Mia,ST,Brain,Neuron,Down,-0.881716012134489,0.0344787972923915
42,1700047M11Rik,ST,Brain,Neuron,Down,-0.616543761874662,0.0392327169277856
43,Smyd1,ST,Brain,Neuron,Down,-0.807036480092062,0.0392327169277856
44,H2-D1,ST,Brain,Neuron,Up,0.417478634638709,0.0393160730289795
45,Pcdhb13,ST,Brain,Neuron,Up,0.580405835259526,0.0429187015732147
46,C4b,ST,Brain,Oligodendrocytes,Up,3.66837819701669,2.96767726237049e-28
47,Lyz2,ST,Brain,Oligodendrocytes,Up,3.40727424441006,3.53341851656121e-22
48,Ctsd,ST,Brain,Oligodendrocytes,Up,1.65555417632757,1.67755862848294e-16
49,C1qa,ST,Brain,Oligodendrocytes,Up,1.86297998690162,1.5796971530138302e-15
50,Serpina3n,ST,Brain,Oligodendrocytes,Up,3.56542858004683,2.0348895006526703e-15
51,Vim,ST,Brain,Oligodendrocytes,Up,1.81232943785229,3.4540317571381404e-14
52,Cd52,ST,Brain,Oligodendrocytes,Up,1.91591852441666,4.28107507422016e-13
53,Itgb5,ST,Brain,Oligodendrocytes,Up,1.53561243203731,5.82684867314249e-13
54,Gpnmb,ST,Brain,Oligodendrocytes,Up,2.94512617233312,2.54270699653982e-12
55,S100a6,ST,Brain,Oligodendrocytes,Up,1.48906232458918,2.54270699653982e-12
56,Lgals3,ST,Brain,Oligodendrocytes,Up,3.12283007868243,2.54270699653982e-12
57,C1qb,ST,Brain,Oligodendrocytes,Up,1.56037513829392,2.54270699653982e-12
58,Ctsz,ST,Brain,Oligodendrocytes,Up,1.40401581683938,4.5287768614990895e-12
59,Ctss,ST,Brain,Oligodendrocytes,Up,1.17549992537756,6.08222724086793e-12
60,Spp1,ST,Brain,Oligodendrocytes,Up,2.33117389180495,1.6523253356848898e-11
61,Mpeg1,ST,Brain,Oligodendrocytes,Up,1.85150457233651,2.6078215578617597e-11
62,Nupr1,ST,Brain,Oligodendrocytes,Up,2.12355715640407,3.33768971242619e-11
63,Laptm5,ST,Brain,Oligodendrocytes,Up,1.34905861186865,8.00485033237646e-11
64,Abca8a,ST,Brain,Oligodendrocytes,Up,1.5704787233665,8.00485033237646e-11
65,Lpl,ST,Brain,Oligodendrocytes,Up,2.57278663698953,1.1746608443079501e-10
66,Capg,ST,Brain,Oligodendrocytes,Up,2.3220859840757,2.71033253357654e-10
67,Trem2,ST,Brain,Oligodendrocytes,Up,1.8780482711075,8.05574077038175e-10
68,Flnc,ST,Brain,Oligodendrocytes,Up,2.68717938427265,3.07180685897062e-09
69,Fcer1g,ST,Brain,Oligodendrocytes,Up,1.3935457782272,3.4841120897090805e-09
70,Cyba,ST,Brain,Oligodendrocytes,Up,1.62457432277252,1.10795133175103e-08
71,Cd68,ST,Brain,Oligodendrocytes,Up,1.81574924722543,1.13960930915662e-08
72,Gngt2,ST,Brain,Oligodendrocytes,Up,1.69471942119718,1.13960930915662e-08
73,C1qc,ST,Brain,Oligodendrocytes,Up,1.47632946823129,1.29174290427226e-08
74,Mafb,ST,Brain,Oligodendrocytes,Up,1.67067045586709,2.40220106029972e-08
75,A2m,ST,Brain,Oligodendrocytes,Up,1.54650735235866,2.69388133518972e-08
76,Ogdhl,ST,Brain,Oligodendrocytes,Up,1.68144604117483,1.18283868876201e-07
77,Irf8,ST,Brain,Oligodendrocytes,Up,1.750397962217,1.18283868876201e-07
78,Fcgr3,ST,Brain,Oligodendrocytes,Up,1.19522608449789,2.94320374060435e-07
79,Apoe,ST,Brain,Oligodendrocytes,Up,0.927880389067921,4.37676436399646e-07
80,Hexa,ST,Brain,Oligodendrocytes,Up,0.878416425470778,5.08467134925574e-07
81,Aif1,ST,Brain,Oligodendrocytes,Up,1.45272889276183,6.45050664475812e-07
82,Fam107a,ST,Brain,Oligodendrocytes,Up,0.828342755935121,9.44496021184392e-07
83,Cela1,ST,Brain,Oligodendrocytes,Up,1.46165026787318,1.25249934476827e-06
84,Fcrls,ST,Brain,Oligodendrocytes,Up,1.33645039986104,2.77153467391236e-06
85,Ctsh,ST,Brain,Oligodendrocytes,Up,1.29179394393631,3.11728232124655e-06
86,Ccl6,ST,Brain,Oligodendrocytes,Up,1.62997942660846,3.54434830978636e-06
87,Ctsb,ST,Brain,Oligodendrocytes,Up,0.763259219766941,3.54434830978636e-06
88,Tmem163,ST,Brain,Oligodendrocytes,Down,-1.26863826847832,4.97240132076844e-06
89,Sh3gl3,ST,Brain,Oligodendrocytes,Down,-0.830718762136501,5.60863684414285e-06
90,Grn,ST,Brain,Oligodendrocytes,Up,0.857713636698341,7.91758565831566e-06
91,Tmeff2,ST,Brain,Oligodendrocytes,Down,-0.772795014055962,8.50926081622469e-06
92,Anxa3,ST,Brain,Oligodendrocytes,Up,1.28220754890109,9.34439475136634e-06
93,Tyrobp,ST,Brain,Oligodendrocytes,Up,1.53295477785895,2.54925634648519e-05
94,Cebpd,ST,Brain,Oligodendrocytes,Up,1.41369443876726,5.86717508734596e-05
95,Gpr17,ST,Brain,Oligodendrocytes,Down,-1.41047359280436,7.62514348492036e-05
96,Grb14,ST,Brain,Oligodendrocytes,Down,-0.805943996313883,0.0002392447135312
97,Tmem176a,ST,Brain,Oligodendrocytes,Up,1.15297537087787,0.0003050808528664
98,Rab33a,ST,Brain,Oligodendrocytes,Down,-1.01933796102375,0.000306642775144
99,Cd300c2,ST,Brain,Oligodendrocytes,Up,1.40031927346072,0.0007421934208846
100,Pkp4,ST,Brain,Oligodendrocytes,Up,0.634605349571882,0.0010719148388536
101,Gpr34,ST,Brain,Oligodendrocytes,Up,1.08557333720876,0.0013563659110462
102,9630013A20Rik,ST,Brain,Oligodendrocytes,Down,-2.42212884658044,0.0033257899702768
103,Cd37,ST,Brain,Oligodendrocytes,Up,1.35997360961184,0.0041553288131665
104,Ftl1,ST,Brain,Oligodendrocytes,Up,0.630869838529567,0.0041553288131665
105,Itgb2,ST,Brain,Oligodendrocytes,Up,1.36633226020512,0.004284076716988
106,Sgk1,ST,Brain,Oligodendrocytes,Up,1.52500494777271,0.0054195220854275
107,Gfap,ST,Brain,Oligodendrocytes,Up,1.12930370619958,0.0054465062825429
108,Wfdc18,ST,Brain,Oligodendrocytes,Down,-1.0206914726151,0.0278576368225033
109,Cotl1,ST,Brain,Oligodendrocytes,Up,0.567817076668646,0.0330562613482531
110,Dhrs1,ST,Brain,Oligodendrocytes,Up,0.737674455337261,0.0383298809887576
111,Mt2,ST,Brain,Oligodendrocytes,Up,0.486378359202288,0.0409510005228577
112,C4b,Vis,Brain,Oligodendrocytes,Up,3.07189916468811,9.32225027293032e-10
113,Serpina3n,Vis,Brain,Oligodendrocytes,Up,4.56615292998363,1.97827370862409e-08
114,Lyz2,Vis,Brain,Oligodendrocytes,Up,3.60147466782827,7.42634532700004e-08
115,S100a6,Vis,Brain,Oligodendrocytes,Up,1.25575889643782,2.41143605586519e-07
116,Ctsz,Vis,Brain,Oligodendrocytes,Up,1.06919657157336,2.41143605586519e-07
117,Tyrobp,Vis,Brain,Oligodendrocytes,Up,1.31667992958247,2.41143605586519e-07
118,Gfap,Vis,Brain,Oligodendrocytes,Up,1.4844303470277,5.98223044199241e-07
119,Ctsd,Vis,Brain,Oligodendrocytes,Up,1.30397004864444,5.98223044199241e-07
120,Vim,Vis,Brain,Oligodendrocytes,Up,1.91449030237539,3.68546972657e-06
121,Cd52,Vis,Brain,Oligodendrocytes,Up,1.51489398715357,8.63954302215601e-06
122,C1qc,Vis,Brain,Oligodendrocytes,Up,1.29686189653055,1.17687411257309e-05
123,Lgals3,Vis,Brain,Oligodendrocytes,Up,2.65093414870727,1.82617273271981e-05
124,Itgb5,Vis,Brain,Oligodendrocytes,Up,1.0984533652981,1.94286116373436e-05
125,Cebpd,Vis,Brain,Oligodendrocytes,Up,2.0210552831857,1.94286116373436e-05
126,C1qa,Vis,Brain,Oligodendrocytes,Up,1.31665672124006,1.94286116373436e-05
127,Fcrls,Vis,Brain,Oligodendrocytes,Up,1.86174245247081,3.1779624014739e-05
128,Trem2,Vis,Brain,Oligodendrocytes,Up,1.82531258938427,3.1779624014739e-05
129,Nupr1,Vis,Brain,Oligodendrocytes,Up,1.74270267355727,3.26274621947501e-05
130,C1qb,Vis,Brain,Oligodendrocytes,Up,1.16372204462475,8.21017695331787e-05
131,Apoe,Vis,Brain,Oligodendrocytes,Up,0.929797987341289,9.52937232167619e-05
132,Fcer1g,Vis,Brain,Oligodendrocytes,Up,1.29820953759684,9.56971623581928e-05
133,Itgb2,Vis,Brain,Oligodendrocytes,Up,2.0066811855587,0.000113954781305
134,Grn,Vis,Brain,Oligodendrocytes,Up,0.730078730139094,0.0001264005401274
135,Sh3gl3,Vis,Brain,Oligodendrocytes,Down,-0.774609491636661,0.0001360092838457
136,Gpr34,Vis,Brain,Oligodendrocytes,Up,1.68253097227882,0.0002123007448448
137,Mpeg1,Vis,Brain,Oligodendrocytes,Up,1.81040823747291,0.0002154306380053
138,Hexa,Vis,Brain,Oligodendrocytes,Up,0.738863188224359,0.0002260661183442
139,Cd68,Vis,Brain,Oligodendrocytes,Up,2.0262229798904,0.0002260661183442
140,Gpnmb,Vis,Brain,Oligodendrocytes,Up,2.34339459794232,0.0002826346838477
141,Lpl,Vis,Brain,Oligodendrocytes,Up,2.04733307766134,0.000336808843004
142,Spp1,Vis,Brain,Oligodendrocytes,Up,2.57317795680184,0.0007381623037544
143,Tmem176a,Vis,Brain,Oligodendrocytes,Up,1.18804508056447,0.0007381623037544
144,Ctsb,Vis,Brain,Oligodendrocytes,Up,0.522502092591007,0.0007392669958049
145,Dhrs1,Vis,Brain,Oligodendrocytes,Up,0.662480501398288,0.0008261839090884
146,Mt2,Vis,Brain,Oligodendrocytes,Up,0.623766217168719,0.0008489266374595
147,Capg,Vis,Brain,Oligodendrocytes,Up,1.96066997666554,0.0009337841415389
148,Mafb,Vis,Brain,Oligodendrocytes,Up,1.67049465610723,0.001002980585825
149,Flnc,Vis,Brain,Oligodendrocytes,Up,1.9797781063501,0.0010541473283245
150,Grb14,Vis,Brain,Oligodendrocytes,Down,-0.596561458937623,0.001165581317743
151,Cd300c2,Vis,Brain,Oligodendrocytes,Up,1.62082817140104,0.0014090470070994
152,9630013A20Rik,Vis,Brain,Oligodendrocytes,Down,-1.99621647339818,0.001599476597406
153,Wfdc18,Vis,Brain,Oligodendrocytes,Down,-1.63998521609379,0.0018705274315256
154,Fam107a,Vis,Brain,Oligodendrocytes,Up,0.582284849153609,0.0022405046987336
155,Ctss,Vis,Brain,Oligodendrocytes,Up,0.994777547439259,0.004487559948827
156,Cotl1,Vis,Brain,Oligodendrocytes,Up,0.683108454182981,0.004685732122934
157,Gpr17,Vis,Brain,Oligodendrocytes,Down,-1.38177095291483,0.0049595426380106
158,Fcgr3,Vis,Brain,Oligodendrocytes,Up,1.08572086116843,0.0078025116369473
159,Aif1,Vis,Brain,Oligodendrocytes,Up,1.03863384695003,0.0079297565790588
160,Laptm5,Vis,Brain,Oligodendrocytes,Up,1.20070842851975,0.0099608103470252
161,Cela1,Vis,Brain,Oligodendrocytes,Up,1.43762588533832,0.0108163245014232
162,Cd37,Vis,Brain,Oligodendrocytes,Up,1.51659955320044,0.0109045381629995
163,Tmem163,Vis,Brain,Oligodendrocytes,Down,-1.33779436980252,0.0112096507328902
164,Gngt2,Vis,Brain,Oligodendrocytes,Up,1.15854985904887,0.0133108625443687
165,Pkp4,Vis,Brain,Oligodendrocytes,Up,0.496553419733672,0.0157355866038454
166,Sgk1,Vis,Brain,Oligodendrocytes,Up,1.16295355971661,0.0161662275792185
167,Ftl1,Vis,Brain,Oligodendrocytes,Up,0.472587594972537,0.0164299072154477
168,Ogdhl,Vis,Brain,Oligodendrocytes,Up,1.27360797350083,0.019869143891916
169,A2m,Vis,Brain,Oligodendrocytes,Up,1.64994250665372,0.0227513147230129
170,Rab33a,Vis,Brain,Oligodendrocytes,Down,-0.966373030238959,0.0255374298083203
171,Ccl6,Vis,Brain,Oligodendrocytes,Up,1.45760308929727,0.0261483385454351
172,Tmeff2,Vis,Brain,Oligodendrocytes,Down,-0.594543873352368,0.02816269748236
173,Cyba,Vis,Brain,Oligodendrocytes,Up,1.16917103753781,0.02816269748236
174,Ctsh,Vis,Brain,Oligodendrocytes,Up,1.15896402816512,0.0283515460901736
175,Irf8,Vis,Brain,Oligodendrocytes,Up,1.26641067733496,0.0363646759938961
176,Abca8a,Vis,Brain,Oligodendrocytes,Up,0.958919850445201,0.042594915829825
177,Anxa3,Vis,Brain,Oligodendrocytes,Up,1.18388799493661,0.0486517333456607
178,Lyz2,Vis,Brain,Neuron,Up,2.30393289530804,3.36318128181518e-13
179,C4b,Vis,Brain,Neuron,Up,2.6471309500367,3.36318128181518e-13
180,Pcdhb9,Vis,Brain,Neuron,Up,0.929650217774713,2.77234029911985e-12
181,Abca8a,Vis,Brain,Neuron,Up,0.989781624883522,8.199591744141709e-11
182,Mpeg1,Vis,Brain,Neuron,Up,1.03147816340372,6.59928534112433e-10
183,Cd52,Vis,Brain,Neuron,Up,1.24645516356242,1.7485102314874e-09
184,Serpina3n,Vis,Brain,Neuron,Up,1.55836160877,1.7485102314874e-09
185,H2-D1,Vis,Brain,Neuron,Up,0.729141195762486,1.786206742505e-09
186,Fcgr2b,Vis,Brain,Neuron,Up,1.32019929708715,1.786206742505e-09
187,AC149090.1,Vis,Brain,Neuron,Up,0.865891587127704,5.97966335483804e-09
188,Spag6,Vis,Brain,Neuron,Up,1.17509702357772,6.611408240410531e-09
189,Ctss,Vis,Brain,Neuron,Up,0.888457987456793,6.611408240410531e-09
190,9630013A20Rik,Vis,Brain,Neuron,Down,-2.63925174609995,7.13365515540267e-09
191,Nrep,Vis,Brain,Neuron,Down,-0.621615897874457,2.05248558990295e-08
192,H2-Q7,Vis,Brain,Neuron,Up,1.84568795878512,5.14987786372718e-08
193,Capg,Vis,Brain,Neuron,Up,1.22287866723089,7.01332250553878e-08
194,Cd68,Vis,Brain,Neuron,Up,0.833563030925595,7.01332250553878e-08
195,Gpr17,Vis,Brain,Neuron,Down,-0.832901858752758,1.46009655691875e-07
196,Gm21887,Vis,Brain,Neuron,Down,-2.16250637466372,1.81636926727466e-07
197,H2-K1,Vis,Brain,Neuron,Up,0.585484830590503,2.83562083992173e-07
198,Gpnmb,Vis,Brain,Neuron,Up,1.59108870851318,5.63491569610206e-07
199,C1qa,Vis,Brain,Neuron,Up,0.844891499854399,5.89909862373909e-07
200,Cxcl16,Vis,Brain,Neuron,Up,1.54686025751541,1.04664248551157e-06
201,Pcdhb14,Vis,Brain,Neuron,Up,0.709978991277529,1.27105725399654e-06
202,Pcdhb6,Vis,Brain,Neuron,Up,0.855512814331517,1.45741779511401e-06
203,Slc11a1,Vis,Brain,Neuron,Up,1.17216274277254,1.45741779511401e-06
204,Ccl6,Vis,Brain,Neuron,Up,1.02899867474561,1.57437557647539e-06
205,Mia,Vis,Brain,Neuron,Down,-1.51650416640771,1.12985761486976e-05
206,Pcdhb8,Vis,Brain,Neuron,Up,0.979846517971148,1.75195940811961e-05
207,AU020206,Vis,Brain,Neuron,Up,0.919473726912333,5.11909266428928e-05
208,Opalin,Vis,Brain,Neuron,Down,-0.66165648143068,6.09813735182312e-05
209,Pcdhb3,Vis,Brain,Neuron,Up,0.726768405580822,0.0001039449414343
210,Zc3hav1,Vis,Brain,Neuron,Up,0.663662538709482,0.0002019207613407
211,Gm47283,Vis,Brain,Neuron,Down,-1.67595899417146,0.0004562839207759
212,Tmem267,Vis,Brain,Neuron,Down,-0.58904209446543,0.0004619994548595
213,1700047M11Rik,Vis,Brain,Neuron,Down,-0.585149791117132,0.0013090551559382
214,Sgk1,Vis,Brain,Neuron,Up,0.988632266094879,0.0031239653009547
215,Enpp6,Vis,Brain,Neuron,Down,-0.586726230567069,0.0087406401856596
216,Lgals3bp,Vis,Brain,Neuron,Up,0.644327404526889,0.0204927913939276
217,Pcdhb13,Vis,Brain,Neuron,Up,0.645758616509528,0.0296550086585122
218,Smyd1,Vis,Brain,Neuron,Down,-0.902889917255175,0.0403316315969047
219,Trf,Vis,Brain,Ependymal,Up,1.50275694297174,9.25080261567738e-05
220,C1qa,Vis,Brain,Ependymal,Up,1.44380331397484,0.0001708264099586
221,Cox8b,Vis,Brain,Ependymal,Up,1.23878746641466,0.0040319950076507
222,AC149090.1,Vis,Brain,Ependymal,Up,0.852596174456432,0.024876254784639
223,Lgals3bp,Vis,Brain,Ependymal,Up,0.881642403397685,0.027273491295643
224,Myot,ST,Heart,Cardiomyocytes,Up,1.70943305062409,5.25662667513512e-10
225,Gm40457,ST,Heart,Cardiomyocytes,Up,2.02848389331248,8.289323574697421e-09
226,Serpina3n,ST,Heart,Cardiomyocytes,Up,1.59139137887224,8.289323574697421e-09
227,Gm47283,ST,Heart,Cardiomyocytes,Down,-1.71373835419561,8.289323574697421e-09
228,Mmp3,ST,Heart,Cardiomyocytes,Up,1.79258274541487,1.13623396344622e-08
229,Cdh4,ST,Heart,Cardiomyocytes,Up,1.73693295009901,2.98559129734802e-08
230,Col3a1,ST,Heart,Cardiomyocytes,Down,-0.908190454614987,7.58542201157952e-08
231,Kcnip2,ST,Heart,Cardiomyocytes,Down,-1.20772877250378,2.28546746856117e-07
232,C4b,ST,Heart,Cardiomyocytes,Up,1.92563395300266,3.57083977035883e-07
233,Ano10,ST,Heart,Cardiomyocytes,Down,-1.26896067402344,5.52428430910347e-07
234,Cdkn1a,ST,Heart,Cardiomyocytes,Up,1.0658229174043,8.17073183277628e-07
235,S100a8,ST,Heart,Cardiomyocytes,Up,2.16038040834949,1.26011487925076e-06
236,Scn4b,ST,Heart,Cardiomyocytes,Up,1.30168250300514,1.50053585404117e-06
237,Gck,ST,Heart,Cardiomyocytes,Up,1.21115298942565,2.69033068450693e-06
238,Fkbp5,ST,Heart,Cardiomyocytes,Up,1.57965463191019,3.77617781047225e-06
239,Oas2,ST,Heart,Cardiomyocytes,Up,0.886279138947908,7.98049650638891e-06
240,C3,ST,Heart,Cardiomyocytes,Up,0.859495353182954,9.68763492425493e-06
241,Sult1a1,ST,Heart,Cardiomyocytes,Up,0.80571833606334,1.01211200923549e-05
242,Trnp1,ST,Heart,Cardiomyocytes,Up,1.1654984217592,1.01211200923549e-05
243,Nmrk2,ST,Heart,Cardiomyocytes,Up,1.4712978456324,1.27841386690682e-05
244,Ifi205,ST,Heart,Cardiomyocytes,Up,1.9122649111349,1.27841386690682e-05
245,Cds1,ST,Heart,Cardiomyocytes,Up,1.64718174049045,1.64284106986168e-05
246,Mpeg1,ST,Heart,Cardiomyocytes,Up,0.883496249356854,1.85313225853648e-05
247,Itgb6,ST,Heart,Cardiomyocytes,Down,-0.969801896338949,2.20334613564517e-05
248,Icam1,ST,Heart,Cardiomyocytes,Up,0.925760535936692,2.25364957595118e-05
249,Kcne1,ST,Heart,Cardiomyocytes,Down,-1.22658859415458,2.88632883144762e-05
250,Ccl5,ST,Heart,Cardiomyocytes,Up,1.56975792206627,2.90935777943695e-05
251,Fmo2,ST,Heart,Cardiomyocytes,Up,0.845340149730565,2.92632160435654e-05
252,Pth1r,ST,Heart,Cardiomyocytes,Up,0.858140196835406,4.09219164853911e-05
253,Prune2,ST,Heart,Cardiomyocytes,Up,0.695569455771177,4.69626423143897e-05
254,Pirb,ST,Heart,Cardiomyocytes,Up,0.956140912454914,5.11732801715009e-05
255,2310002L09Rik,ST,Heart,Cardiomyocytes,Up,0.906004234003206,5.38739018130466e-05
256,Dpep1,ST,Heart,Cardiomyocytes,Up,1.0033795859076,9.65084609874331e-05
257,Sgk1,ST,Heart,Cardiomyocytes,Up,0.674044216927636,0.0001094144741867
258,Apbb1ip,ST,Heart,Cardiomyocytes,Up,1.05268793366965,0.0001474793218591
259,Cp,ST,Heart,Cardiomyocytes,Up,0.667690388247749,0.0001653115738473
260,Slc43a2,ST,Heart,Cardiomyocytes,Up,0.797934930960224,0.0001776984150421
261,Gpnmb,ST,Heart,Cardiomyocytes,Up,1.53082727640171,0.0001947797823925
262,Csrnp1,ST,Heart,Cardiomyocytes,Up,0.945224763595676,0.0002118949486146
263,Cpxm2,ST,Heart,Cardiomyocytes,Up,1.44747058234633,0.0002950215391353
264,Acta1,ST,Heart,Cardiomyocytes,Up,1.95131513318807,0.0003258763831107
265,St8sia6,ST,Heart,Cardiomyocytes,Up,0.833909603437317,0.0003627618252151
266,Cnksr1,ST,Heart,Cardiomyocytes,Up,1.08943050009837,0.0003958013476831
267,Nova1,ST,Heart,Cardiomyocytes,Up,0.837889789031147,0.0003958013476831
268,Mal,ST,Heart,Cardiomyocytes,Up,0.827568656826455,0.0004156075655823
269,Sdf2l1,ST,Heart,Cardiomyocytes,Down,-0.909208782494051,0.0004494884517652
270,Hsd11b1,ST,Heart,Cardiomyocytes,Up,0.848705353168699,0.0004562576391585
271,Lyve1,ST,Heart,Cardiomyocytes,Up,0.748970739295094,0.0004562576391585
272,Cyp4b1,ST,Heart,Cardiomyocytes,Up,0.828303210157281,0.0004824558840339
273,Lgr6,ST,Heart,Cardiomyocytes,Down,-0.784550891889063,0.0004843903139176
274,Pla1a,ST,Heart,Cardiomyocytes,Up,0.822789278751307,0.000493294187883
275,Dnaja1,ST,Heart,Cardiomyocytes,Down,-0.571600115208435,0.000538908130245
276,Rassf9,ST,Heart,Cardiomyocytes,Up,0.631956052445545,0.0005636176679877
277,Ttll7,ST,Heart,Cardiomyocytes,Up,1.07514638028752,0.0006727772843305
278,Ankrd1,ST,Heart,Cardiomyocytes,Up,0.851003641117667,0.0006727772843305
279,Prkcq,ST,Heart,Cardiomyocytes,Up,1.35256219956558,0.0007319717862053
280,Pdlim1,ST,Heart,Cardiomyocytes,Up,0.535973587357877,0.0007462231795363
281,Abcb4,ST,Heart,Cardiomyocytes,Up,0.83825602355379,0.0007593053527592
282,Impa2,ST,Heart,Cardiomyocytes,Down,-0.765064378154,0.000807064201847
283,Manf,ST,Heart,Cardiomyocytes,Down,-0.5810667984962,0.000929183235239
284,Tmem267,ST,Heart,Cardiomyocytes,Down,-0.964605202732462,0.0011018961784969
285,Tgm2,ST,Heart,Cardiomyocytes,Up,0.534525086235861,0.0012656514869523
286,Efnb3,ST,Heart,Cardiomyocytes,Down,-0.97949505377774,0.0014486082745085
287,Ifi204,ST,Heart,Cardiomyocytes,Up,1.00782159929816,0.0015687992286288
288,Itgb2,ST,Heart,Cardiomyocytes,Up,0.751479604926213,0.0019453117630828
289,Pirt,ST,Heart,Cardiomyocytes,Down,-0.906694733963023,0.002002986474845
290,Galnt15,ST,Heart,Cardiomyocytes,Up,0.610461848601978,0.0023492728897461
291,Spock2,ST,Heart,Cardiomyocytes,Up,0.725997917373107,0.0025226649992301
292,Slc6a6,ST,Heart,Cardiomyocytes,Up,0.485711548673384,0.0025732330819643
293,Fam107a,ST,Heart,Cardiomyocytes,Up,1.5880080276748,0.0031041526922909
294,Ccnd1,ST,Heart,Cardiomyocytes,Up,0.664622968207743,0.0032051927862265
295,Tlr7,ST,Heart,Cardiomyocytes,Up,0.933619815921249,0.0035821538588126
296,Lrrc17,ST,Heart,Cardiomyocytes,Down,-0.89084057748145,0.0039618923094489
297,Helz2,ST,Heart,Cardiomyocytes,Up,0.754591578783995,0.0046144336550593
298,Casq1,ST,Heart,Cardiomyocytes,Down,-1.09027513654649,0.0046144336550593
299,Ighm,ST,Heart,Cardiomyocytes,Up,3.63799539087001,0.0046144336550593
300,Slc1a1,ST,Heart,Cardiomyocytes,Up,0.87885520108593,0.0047849283901111
301,Skap2,ST,Heart,Cardiomyocytes,Up,0.69775206803667,0.0050107372274051
302,Cd84,ST,Heart,Cardiomyocytes,Up,0.796928752962355,0.0055989858063442
303,Col1a2,ST,Heart,Cardiomyocytes,Down,-0.568360638434294,0.0055998642767972
304,Krt80,ST,Heart,Cardiomyocytes,Up,1.31147496203566,0.0056688354307136
305,Gfpt2,ST,Heart,Cardiomyocytes,Up,0.603517163375571,0.0058765323603006
306,Gm12167,ST,Heart,Cardiomyocytes,Down,-0.696928796957413,0.006081796557729
307,Ift81,ST,Heart,Cardiomyocytes,Down,-0.60802147548045,0.0065415092999974
308,Serpinh1,ST,Heart,Cardiomyocytes,Down,-0.49525904642738,0.0074488263443516
309,Ifi207,ST,Heart,Cardiomyocytes,Up,0.773059128682064,0.0078279097203313
310,Olfr1033,ST,Heart,Cardiomyocytes,Up,0.706866155705602,0.0084559874389581
311,Qsox1,ST,Heart,Cardiomyocytes,Up,0.482546382045176,0.0087724662047645
312,Fam124a,ST,Heart,Cardiomyocytes,Up,0.715398169075478,0.0087724662047645
313,Nrep,ST,Heart,Cardiomyocytes,Down,-0.664057196753282,0.0092110426185174
314,Acsl6,ST,Heart,Cardiomyocytes,Up,0.747886451865347,0.0097033806975329
315,Man2a1,ST,Heart,Cardiomyocytes,Up,0.559393047883681,0.0104071224022625
316,Abat,ST,Heart,Cardiomyocytes,Up,0.625112679946825,0.0105654944957034
317,Fstl3,ST,Heart,Cardiomyocytes,Up,0.635834773017473,0.0111544219801128
318,Ugp2,ST,Heart,Cardiomyocytes,Up,0.48267181543894,0.0114633768377797
319,Bdh1,ST,Heart,Cardiomyocytes,Up,0.992936831967084,0.0116986181712006
320,Prkcz,ST,Heart,Cardiomyocytes,Up,1.03469034289692,0.0118483280639653
321,Trim54,ST,Heart,Cardiomyocytes,Up,0.518536493391826,0.011899257057284
322,Lgals3bp,ST,Heart,Cardiomyocytes,Up,0.566958607059142,0.0129405802924109
323,C5ar1,ST,Heart,Cardiomyocytes,Up,0.651157422044536,0.0129714219912092
324,Cyb561,ST,Heart,Cardiomyocytes,Up,0.626316535926148,0.0136690992153798
325,Adamts7,ST,Heart,Cardiomyocytes,Down,-0.544914352829676,0.0158796299910352
326,Clec4a1,ST,Heart,Cardiomyocytes,Up,0.710658218838218,0.0159824387304054
327,Pfkfb1,ST,Heart,Cardiomyocytes,Up,0.583907281938872,0.0164621507850199
328,Creld2,ST,Heart,Cardiomyocytes,Down,-0.551278409094765,0.0168188661751474
329,Thy1,ST,Heart,Cardiomyocytes,Up,0.995231738824569,0.017319159981782
330,Gm31659,ST,Heart,Cardiomyocytes,Down,-0.731009370151635,0.018119755679375
331,Fbxw7,ST,Heart,Cardiomyocytes,Down,-0.490298672808349,0.0202750367141149
332,Acot1,ST,Heart,Cardiomyocytes,Down,-1.38531810633486,0.024119736790857
333,Six5,ST,Heart,Cardiomyocytes,Down,-0.608960706894579,0.0251635436637145
334,Ppp1r1b,ST,Heart,Cardiomyocytes,Down,-0.966954006694866,0.025215629178881
335,Pde1c,ST,Heart,Cardiomyocytes,Down,-0.546175191372067,0.025215629178881
336,Ms4a6c,ST,Heart,Cardiomyocytes,Up,0.780433490812008,0.0257561066833173
337,Lrrcc1,ST,Heart,Cardiomyocytes,Up,0.626345199143878,0.0270810807678405
338,Ccr2,ST,Heart,Cardiomyocytes,Up,0.757688594250853,0.0270810807678405
339,Epha4,ST,Heart,Cardiomyocytes,Down,-0.477667002511375,0.0277281332407593
340,Ppp1r3d,ST,Heart,Cardiomyocytes,Down,-0.606309544011703,0.0277281332407593
341,Mgat4a,ST,Heart,Cardiomyocytes,Up,0.578738362534035,0.0299372217421216
342,Epha2,ST,Heart,Cardiomyocytes,Up,0.657793933808584,0.030039663993629
343,Rasl10b,ST,Heart,Cardiomyocytes,Up,0.448088462586386,0.0354822689523066
344,Pced1b,ST,Heart,Cardiomyocytes,Up,0.644180651495759,0.0355533788413865
345,Abcd2,ST,Heart,Cardiomyocytes,Up,0.780825275123936,0.0390186579669711
346,Adh1,ST,Heart,Cardiomyocytes,Up,1.01471055982833,0.0427455972235906
347,Cacna1g,ST,Heart,Cardiomyocytes,Down,-0.63494979404653,0.0439183007392924
348,Hspb6,ST,Heart,Cardiomyocytes,Up,0.503190973562799,0.0442399539414569
349,Pamr1,ST,Heart,Cardiomyocytes,Up,0.544870335099806,0.0464341002327019
350,Ptpru,ST,Heart,Cardiomyocytes,Up,0.65515218123368,0.0468677794610552
351,Smtnl2,ST,Heart,Cardiomyocytes,Down,-0.533067456556922,0.0473720930685853
352,F13a1,ST,Heart,Cardiomyocytes,Up,0.45993053816444,0.0485144085833956
353,Ly6a,ST,Heart,Fibroblast,Up,1.72012498366807,6.32246373999967e-07
354,Egr1,ST,Heart,Fibroblast,Down,-1.81617759797072,0.0018867582806417
355,Dpt,ST,Heart,Fibroblast,Down,-1.37516131851514,0.0062543480990944
356,Vim,ST,Heart,Fibroblast,Down,-1.29702080142545,0.0069492963148735
357,Ccdc80,ST,Heart,Fibroblast,Down,-0.977322920390264,0.0069492963148735
358,Lyz2,ST,Heart,Fibroblast,Up,1.23507583528435,0.04576599367262
359,Cygb,ST,Heart,Fibroblast,Up,0.923714395774152,0.04576599367262
360,Pltp,ST,Heart,Fibroblast,Up,1.39910858942331,0.0458218963369094
361,Myot,Vis,Heart,Cardiomyocytes,Up,1.99147984433064,2.90984755827533e-09
362,2310002L09Rik,Vis,Heart,Cardiomyocytes,Up,1.15652966191835,4.4879818223025e-08
363,Scn4b,Vis,Heart,Cardiomyocytes,Up,1.68743562264613,4.4879818223025e-08
364,Casq1,Vis,Heart,Cardiomyocytes,Down,-1.77990277531702,5.12963259995407e-08
365,Acta1,Vis,Heart,Cardiomyocytes,Up,2.04810605963198,7.67135825465844e-08
366,Bdh1,Vis,Heart,Cardiomyocytes,Up,1.16953954120668,7.67135825465844e-08
367,Serpina3n,Vis,Heart,Cardiomyocytes,Up,1.71606445656327,7.67135825465844e-08
368,Ano10,Vis,Heart,Cardiomyocytes,Down,-1.49546377920916,1.28412383311124e-07
369,Prune2,Vis,Heart,Cardiomyocytes,Up,1.10044688681466,2.27248921262728e-07
370,Fkbp5,Vis,Heart,Cardiomyocytes,Up,1.7138127040741,2.31742885516296e-06
371,Tgm2,Vis,Heart,Cardiomyocytes,Up,0.75095472418079,7.16014111675161e-06
372,Efnb3,Vis,Heart,Cardiomyocytes,Down,-1.04641493021385,7.77953011546819e-06
373,Gm47283,Vis,Heart,Cardiomyocytes,Down,-1.7607797424294,7.77953011546819e-06
374,Ugp2,Vis,Heart,Cardiomyocytes,Up,0.846980823807356,8.2624362973856e-06
375,Cpxm2,Vis,Heart,Cardiomyocytes,Up,1.58774146735466,1.188467183339e-05
376,Kcnip2,Vis,Heart,Cardiomyocytes,Down,-1.13296649625733,1.188467183339e-05
377,C4b,Vis,Heart,Cardiomyocytes,Up,1.56953029144105,1.188467183339e-05
378,Gck,Vis,Heart,Cardiomyocytes,Up,1.31819049086695,1.36730620683683e-05
379,Mal,Vis,Heart,Cardiomyocytes,Up,1.08622133407271,3.5095579976897e-05
380,Cds1,Vis,Heart,Cardiomyocytes,Up,1.79637285243083,4.51094936660026e-05
381,Col3a1,Vis,Heart,Cardiomyocytes,Down,-0.716683309865304,4.98002339744875e-05
382,Gm40457,Vis,Heart,Cardiomyocytes,Up,1.6141428887923,5.73817437776818e-05
383,Abat,Vis,Heart,Cardiomyocytes,Up,0.967116608159786,7.32499224888528e-05
384,Prkcz,Vis,Heart,Cardiomyocytes,Up,1.35221775234627,7.84146131128075e-05
385,C3,Vis,Heart,Cardiomyocytes,Up,0.919250216239279,7.88211941621499e-05
386,Trim54,Vis,Heart,Cardiomyocytes,Up,0.866113836654788,8.05112943768954e-05
387,Cdkn1a,Vis,Heart,Cardiomyocytes,Up,1.21823568606165,8.29438967343182e-05
388,Cp,Vis,Heart,Cardiomyocytes,Up,0.784157717390141,8.47603740085553e-05
389,Cyp4b1,Vis,Heart,Cardiomyocytes,Up,0.623883999143937,9.98461420446152e-05
390,Prkcq,Vis,Heart,Cardiomyocytes,Up,1.83232110816145,0.0001079867485259
391,Fmo2,Vis,Heart,Cardiomyocytes,Up,1.22727897735358,0.0001119690746258
392,Lrrcc1,Vis,Heart,Cardiomyocytes,Up,1.10102370159687,0.0001845642858516
393,Cacna1g,Vis,Heart,Cardiomyocytes,Down,-1.10689147803422,0.0001845642858516
394,Cnksr1,Vis,Heart,Cardiomyocytes,Up,1.28347515600983,0.0002468270469503
395,Ifi205,Vis,Heart,Cardiomyocytes,Up,1.67056414131421,0.0002506226762209
396,Apbb1ip,Vis,Heart,Cardiomyocytes,Up,1.23436828488304,0.0002601924114338
397,Ifi207,Vis,Heart,Cardiomyocytes,Up,1.2008807979587,0.0002777172994524
398,Ankrd1,Vis,Heart,Cardiomyocytes,Up,1.05407949412018,0.0002789528589787
399,Cdh4,Vis,Heart,Cardiomyocytes,Up,1.81212040856492,0.0004338840310445
400,Sult1a1,Vis,Heart,Cardiomyocytes,Up,0.681377005706174,0.0004338840310445
401,Impa2,Vis,Heart,Cardiomyocytes,Down,-0.900347403938351,0.0004837731219778
402,Pth1r,Vis,Heart,Cardiomyocytes,Up,0.784911448064054,0.0005185089388303
403,Skap2,Vis,Heart,Cardiomyocytes,Up,1.08041667117059,0.0006670662171851
404,Qsox1,Vis,Heart,Cardiomyocytes,Up,0.609346072834575,0.0007531732415132
405,Sdf2l1,Vis,Heart,Cardiomyocytes,Down,-0.979691710451953,0.0007666284583868
406,Gfpt2,Vis,Heart,Cardiomyocytes,Up,0.77181740409389,0.0007711925494315
407,Ttll7,Vis,Heart,Cardiomyocytes,Up,1.48927618313609,0.0008014803483288
408,F13a1,Vis,Heart,Cardiomyocytes,Up,0.798149808206622,0.0008411260270371
409,Mmp3,Vis,Heart,Cardiomyocytes,Up,1.21763202350905,0.0008661644767486
410,Hspb6,Vis,Heart,Cardiomyocytes,Up,0.853554620421469,0.0008661644767486
411,Gm31659,Vis,Heart,Cardiomyocytes,Down,-1.15576953974417,0.0008661644767486
412,Olfr1033,Vis,Heart,Cardiomyocytes,Up,1.08256754680787,0.0009730968641721
413,Slc43a2,Vis,Heart,Cardiomyocytes,Up,0.755050686368432,0.0009730968641721
414,Dpep1,Vis,Heart,Cardiomyocytes,Up,0.837144008383819,0.0010311743566562
415,Ccr2,Vis,Heart,Cardiomyocytes,Up,1.62498459376684,0.0010407692363254
416,Ift81,Vis,Heart,Cardiomyocytes,Down,-0.688926304152435,0.0011262071922419
417,Pla1a,Vis,Heart,Cardiomyocytes,Up,0.654024795691864,0.0014375432936698
418,Fbxw7,Vis,Heart,Cardiomyocytes,Down,-0.60950186507852,0.0015940484017196
419,Sgk1,Vis,Heart,Cardiomyocytes,Up,0.692221953881012,0.0018635528142684
420,Trnp1,Vis,Heart,Cardiomyocytes,Up,0.916500091961482,0.0019241535249387
421,Rasl10b,Vis,Heart,Cardiomyocytes,Up,0.715722744944048,0.0021495346167552
422,Ccl5,Vis,Heart,Cardiomyocytes,Up,0.950440279855399,0.0021495346167552
423,C5ar1,Vis,Heart,Cardiomyocytes,Up,1.06305627145854,0.0024576315712431
424,Nrep,Vis,Heart,Cardiomyocytes,Down,-0.906910967556181,0.0024659225860914
425,Creld2,Vis,Heart,Cardiomyocytes,Down,-0.674298239469014,0.0024980190410814
426,Slc1a1,Vis,Heart,Cardiomyocytes,Up,1.045365068884,0.0028010302266314
427,Abcb4,Vis,Heart,Cardiomyocytes,Up,0.96656097582296,0.0032295938350508
428,Pde1c,Vis,Heart,Cardiomyocytes,Down,-0.68482834222922,0.0038465665442103
429,Pirb,Vis,Heart,Cardiomyocytes,Up,0.890003452688754,0.0038465665442103
430,Ppp1r3d,Vis,Heart,Cardiomyocytes,Down,-0.655795009173623,0.0043158887619618
431,Fam124a,Vis,Heart,Cardiomyocytes,Up,0.931457988075,0.004785062185965
432,Dnaja1,Vis,Heart,Cardiomyocytes,Down,-0.513377537074595,0.0053636217366132
433,Slc6a6,Vis,Heart,Cardiomyocytes,Up,1.13800956806246,0.0056580164351639
434,S100a8,Vis,Heart,Cardiomyocytes,Up,1.37109663724864,0.005665852461969
435,Acot1,Vis,Heart,Cardiomyocytes,Down,-1.14161541603515,0.005957555929475
436,Pfkfb1,Vis,Heart,Cardiomyocytes,Up,0.903846141580534,0.0060877000556453
437,Smtnl2,Vis,Heart,Cardiomyocytes,Down,-0.689378604057487,0.0066546962466387
438,Six5,Vis,Heart,Cardiomyocytes,Down,-0.631362656703309,0.0068246720287417
439,Fstl3,Vis,Heart,Cardiomyocytes,Up,0.646849650096504,0.0068246720287417
440,Krt80,Vis,Heart,Cardiomyocytes,Up,1.31240549211302,0.0068246720287417
441,Lrrc17,Vis,Heart,Cardiomyocytes,Down,-0.95724461184446,0.0077315596945482
442,Itgb6,Vis,Heart,Cardiomyocytes,Down,-1.05953501041645,0.0079072062919058
443,Ppp1r1b,Vis,Heart,Cardiomyocytes,Down,-1.20283356370242,0.0083978416725684
444,Col1a2,Vis,Heart,Cardiomyocytes,Down,-0.516072999493724,0.0088620627898093
445,Ptpru,Vis,Heart,Cardiomyocytes,Up,0.720648019035642,0.0092683018071654
446,Lyve1,Vis,Heart,Cardiomyocytes,Up,0.688629762958051,0.0093113283989718
447,Lgr6,Vis,Heart,Cardiomyocytes,Down,-0.776521958925839,0.0106979612363432
448,Serpinh1,Vis,Heart,Cardiomyocytes,Down,-0.477588489598253,0.0114095524419836
449,Helz2,Vis,Heart,Cardiomyocytes,Up,0.690184709627493,0.0114946919870758
450,Nova1,Vis,Heart,Cardiomyocytes,Up,1.63520135338477,0.0124939712714492
451,Icam1,Vis,Heart,Cardiomyocytes,Up,0.82116483737296,0.0124939712714492
452,Oas2,Vis,Heart,Cardiomyocytes,Up,0.99882459259718,0.0132170979251694
453,Ccnd1,Vis,Heart,Cardiomyocytes,Up,0.595966849864648,0.0135443989982935
454,Pamr1,Vis,Heart,Cardiomyocytes,Up,0.808008908636211,0.0135975301838653
455,Pirt,Vis,Heart,Cardiomyocytes,Down,-1.03006886379301,0.0138270702842704
456,Cd84,Vis,Heart,Cardiomyocytes,Up,1.28184665247926,0.0138673329391879
457,Adamts7,Vis,Heart,Cardiomyocytes,Down,-0.558148670103554,0.0140699207468317
458,Hsd11b1,Vis,Heart,Cardiomyocytes,Up,0.57240927174071,0.014131669574623
459,Mpeg1,Vis,Heart,Cardiomyocytes,Up,1.08053308086318,0.0162868361761345
460,Thy1,Vis,Heart,Cardiomyocytes,Up,0.554024219259007,0.0172874978010826
461,Lgals3bp,Vis,Heart,Cardiomyocytes,Up,0.57386109771711,0.0191354208407844
462,Manf,Vis,Heart,Cardiomyocytes,Down,-0.864815831225581,0.0203285755887115
463,Acsl6,Vis,Heart,Cardiomyocytes,Up,0.792838737356443,0.0206246682738009
464,Pdlim1,Vis,Heart,Cardiomyocytes,Up,0.441157426404757,0.0220666981111622
465,St8sia6,Vis,Heart,Cardiomyocytes,Up,1.12064278437619,0.0223101882499449
466,Ms4a6c,Vis,Heart,Cardiomyocytes,Up,0.819367845873297,0.0228307880874316
467,Nmrk2,Vis,Heart,Cardiomyocytes,Up,1.80001512566196,0.0237057976933846
468,Clec4a1,Vis,Heart,Cardiomyocytes,Up,0.720609434491622,0.0237057976933846
469,Gpnmb,Vis,Heart,Cardiomyocytes,Up,1.04117628851845,0.0265445711548124
470,Csrnp1,Vis,Heart,Cardiomyocytes,Up,0.952929388954581,0.0280822384673383
471,Tmem267,Vis,Heart,Cardiomyocytes,Down,-0.652180204043957,0.028874850194926
472,Ighm,Vis,Heart,Cardiomyocytes,Up,0.737228111430911,0.0306705431072547
473,Cyb561,Vis,Heart,Cardiomyocytes,Up,0.82152739038764,0.0319369923199856
474,Gm12167,Vis,Heart,Cardiomyocytes,Down,-0.960380864569249,0.0326662844728318
475,Man2a1,Vis,Heart,Cardiomyocytes,Up,0.961692569473709,0.0345726869687219
476,Adh1,Vis,Heart,Cardiomyocytes,Up,1.16154491899545,0.0353144105128534
477,Ifi204,Vis,Heart,Cardiomyocytes,Up,0.913359766027324,0.0363965327408212
478,Pced1b,Vis,Heart,Cardiomyocytes,Up,0.929240686803967,0.0381409952195053
479,Kcne1,Vis,Heart,Cardiomyocytes,Down,-1.22854752729941,0.0385329105656748
480,Epha4,Vis,Heart,Cardiomyocytes,Down,-0.471165587496395,0.0385334089630588
481,Spock2,Vis,Heart,Cardiomyocytes,Up,0.666586221915464,0.039066574865635
482,Tlr7,Vis,Heart,Cardiomyocytes,Up,0.877073920361542,0.0402117903007713
483,Epha2,Vis,Heart,Cardiomyocytes,Up,0.598326434017153,0.0402588558935745
484,Itgb2,Vis,Heart,Cardiomyocytes,Up,0.78082105683595,0.0405636071182788
485,Mgat4a,Vis,Heart,Cardiomyocytes,Up,0.663435603135403,0.0427460796166344
486,Galnt15,Vis,Heart,Cardiomyocytes,Up,0.692003528714435,0.0462514411169226
487,Rassf9,Vis,Heart,Cardiomyocytes,Up,0.725127492885342,0.0466321655797811
488,Abcd2,Vis,Heart,Cardiomyocytes,Up,0.761611847690239,0.0487655424129255
489,Fam107a,Vis,Heart,Cardiomyocytes,Up,1.9761999332444,0.0489524329019692
490,Ccdc80,Vis,Heart,Fibroblast,Down,-0.981316047511943,0.0067459197598911
491,Ly6a,Vis,Heart,Fibroblast,Up,1.02439258333034,0.0143110194584093
492,Pltp,Vis,Heart,Fibroblast,Up,1.36226511105813,0.0190222348799939
493,Vim,Vis,Heart,Fibroblast,Down,-0.865399885969097,0.0190222348799939
494,Cygb,Vis,Heart,Fibroblast,Up,1.08314878944063,0.0305840850816675
495,Dpt,Vis,Heart,Fibroblast,Down,-0.814378565947762,0.0305840850816675
496,Egr1,Vis,Heart,Fibroblast,Down,-1.55624366488319,0.0305840850816675
497,Lyz2,Vis,Heart,Fibroblast,Up,0.909370357559335,0.0461689177930157
498,Akr1c21,ST,Kidney,Collecting_Duct_Epi,Down,-2.17593075254022,4.22086953003605e-06
499,Acsm2,ST,Kidney,Collecting_Duct_Epi,Down,-1.70029739136721,3.39595313533247e-05
500,Kcne1,ST,Kidney,Collecting_Duct_Epi,Down,-2.06715029171213,4.47603498931014e-05
501,Car12,ST,Kidney,Collecting_Duct_Epi,Down,-1.78227124357451,7.26114178379378e-05
502,Pah,ST,Kidney,Collecting_Duct_Epi,Down,-1.74370859662041,0.0001943756361738
503,Hdc,ST,Kidney,Collecting_Duct_Epi,Up,1.7471798838098,0.0002362909692828
504,Lyz2,ST,Kidney,Collecting_Duct_Epi,Up,1.73872292426307,0.0002865697969409
505,Car2,ST,Kidney,Collecting_Duct_Epi,Down,-1.32631183186407,0.000297681018861
506,Serpinb1a,ST,Kidney,Collecting_Duct_Epi,Down,-1.62876065432726,0.0005131464109559
507,Hsd11b2,ST,Kidney,Collecting_Duct_Epi,Down,-1.65479871632264,0.0006999402218175
508,Kl,ST,Kidney,Collecting_Duct_Epi,Down,-1.70553452085351,0.0026933451137866
509,Csf1r,ST,Kidney,Collecting_Duct_Epi,Up,1.31194942574662,0.0027968062406067
510,Miox,ST,Kidney,Collecting_Duct_Epi,Down,-1.32171199485319,0.0029753560165592
511,Cav1,ST,Kidney,Collecting_Duct_Epi,Down,-1.31081781912666,0.0035537455737635
512,Pipox,ST,Kidney,Collecting_Duct_Epi,Down,-1.98053978026987,0.0043417855467682
513,C1qa,ST,Kidney,Collecting_Duct_Epi,Up,1.5255364522187,0.0044850988770361
514,Krt8,ST,Kidney,Collecting_Duct_Epi,Up,1.05111310609206,0.0046973368038047
515,Glyat,ST,Kidney,Collecting_Duct_Epi,Down,-1.30690061204163,0.0049084782242203
516,Cystm1,ST,Kidney,Collecting_Duct_Epi,Down,-1.25583650285328,0.0059849692020677
517,Nat8f1,ST,Kidney,Collecting_Duct_Epi,Down,-1.1955699030998,0.0064597287944766
518,Apoe,ST,Kidney,Collecting_Duct_Epi,Up,0.840217307253744,0.0088738030908123
519,Gata2,ST,Kidney,Collecting_Duct_Epi,Down,-1.00888454978986,0.0107178428386713
520,Atp6v0d2,ST,Kidney,Collecting_Duct_Epi,Down,-1.05457071172308,0.011335894913139
521,C1qb,ST,Kidney,Collecting_Duct_Epi,Up,1.18675904695201,0.0115102387471602
522,Ass1,ST,Kidney,Collecting_Duct_Epi,Down,-1.4583059551366,0.0121093730372036
523,Cyp2d12,ST,Kidney,Collecting_Duct_Epi,Up,1.41837682961163,0.0123971086115557
524,Serpinb6a,ST,Kidney,Collecting_Duct_Epi,Up,1.24910423042421,0.0136665585357009
525,Slc9a8,ST,Kidney,Collecting_Duct_Epi,Up,1.35945921272783,0.013743049956231
526,Slc16a5,ST,Kidney,Collecting_Duct_Epi,Down,-1.18998562109336,0.0158555356907883
527,Slc4a9,ST,Kidney,Collecting_Duct_Epi,Down,-1.00415950821692,0.0169444603849535
528,Serping1,ST,Kidney,Collecting_Duct_Epi,Up,0.969366043357539,0.0180143022483475
529,Atp6v1g3,ST,Kidney,Collecting_Duct_Epi,Down,-0.772110059295724,0.0186247738330206
530,Cd24a,ST,Kidney,Collecting_Duct_Epi,Up,0.991020397669936,0.0214364758530217
531,Insrr,ST,Kidney,Collecting_Duct_Epi,Down,-0.958696078322484,0.0217600258851241
532,Slc4a4,ST,Kidney,Collecting_Duct_Epi,Down,-0.866877018797855,0.0239839851131971
533,Bgn,ST,Kidney,Collecting_Duct_Epi,Up,0.924471731273914,0.0239904840019253
534,Lrp1,ST,Kidney,Collecting_Duct_Epi,Up,0.987113071276963,0.0252213935788444
535,Cd74,ST,Kidney,Collecting_Duct_Epi,Up,0.946727204872117,0.0257108373141379
536,Exoc3l4,ST,Kidney,Collecting_Duct_Epi,Down,-1.05252873291867,0.0309286887460421
537,Inmt,ST,Kidney,Collecting_Duct_Epi,Down,-1.21981013283718,0.0315409002413828
538,Il6st,ST,Kidney,Collecting_Duct_Epi,Up,0.9130664101479,0.0369489264700873
539,Cyp2j6,ST,Kidney,Collecting_Duct_Epi,Down,-0.88368094549826,0.0369489264700873
540,Rhcg,ST,Kidney,Collecting_Duct_Epi,Down,-0.769781528108609,0.0378284928430799
541,Aebp1,ST,Kidney,Collecting_Duct_Epi,Up,0.778024412828972,0.0393318845334251
542,Eps8,ST,Kidney,Collecting_Duct_Epi,Down,-0.711304951562379,0.0416552302789171
543,Abr,ST,Kidney,Collecting_Duct_Epi,Down,-0.751764529281681,0.045598424356716
544,Ighm,ST,Kidney,Collecting_Duct_Epi,Up,1.72158171253377,0.0462093369336767
545,Pigr,ST,Kidney,Distal_Conv_Epi,Up,2.10379686066337,6.02986054287007e-05
546,Hdc,ST,Kidney,Distal_Conv_Epi,Up,1.99046297473275,8.54191536353693e-05
547,Cyp2d12,ST,Kidney,Distal_Conv_Epi,Up,2.24675398323367,0.0001339873473332
548,Vegfd,ST,Kidney,Distal_Conv_Epi,Up,1.46948948852348,0.0035746832445689
549,Capg,ST,Kidney,Distal_Conv_Epi,Up,1.45919040379083,0.0042222493846241
550,Lyz2,ST,Kidney,Distal_Conv_Epi,Up,1.47813476596775,0.009250525551565
551,Aebp1,ST,Kidney,Distal_Conv_Epi,Up,1.04970901339207,0.0124869566993029
552,Fxyd5,ST,Kidney,Distal_Conv_Epi,Up,1.73094044316142,0.0124869566993029
553,C1qa,ST,Kidney,Distal_Conv_Epi,Up,1.31192140774785,0.017908494604768
554,Serping1,ST,Kidney,Distal_Conv_Epi,Up,1.0479577828591,0.0189623964242158
555,Cd74,ST,Kidney,Distal_Conv_Epi,Up,1.37969278325888,0.0209312678489253
556,Bgn,ST,Kidney,Distal_Conv_Epi,Up,1.12564446396795,0.0263286947998092
557,Fgf1,ST,Kidney,Distal_Conv_Epi,Up,1.02241950348342,0.0264363843123423
558,Agrn,ST,Kidney,Distal_Conv_Epi,Up,1.13585638659706,0.0314080595795436
559,Cd24a,ST,Kidney,Distal_Conv_Epi,Up,0.910276810831854,0.034936688181294
560,Timp2,ST,Kidney,Distal_Conv_Epi,Up,0.966505068063114,0.0372614845019962
561,Slc6a18,ST,Kidney,Distal_Conv_Epi,Up,1.27342285889217,0.0407884331813497
562,C1qb,ST,Kidney,Distal_Conv_Epi,Up,1.41820905682735,0.0462362252048732
563,Car3,ST,Kidney,Fibroblast,Down,-2.39204832647932,0.0040644854901201
564,Fabp4,ST,Kidney,Fibroblast,Down,-2.27251252080117,0.0045212498942578
565,Hba-a2,ST,Kidney,Fibroblast,Down,-1.49251684733344,0.0078759348858356
566,Dbi,ST,Kidney,Fibroblast,Down,-1.41357607389597,0.015359206541636
567,Hba-a1,ST,Kidney,Fibroblast,Down,-1.41763525201819,0.0171758516905288
568,Scd1,ST,Kidney,Fibroblast,Down,-1.99047658482993,0.0226029135411162
569,Cfh,ST,Kidney,Fibroblast,Up,1.18099805590309,0.0290519561966485
570,Fmc1,ST,Kidney,Fibroblast,Down,-1.38447853701645,0.0399250604731218
571,Aqp2,ST,Kidney,Fibroblast,Up,1.27684125075308,0.0400605716830271
572,Tkt,ST,Kidney,Fibroblast,Down,-1.22974462498477,0.0435745333364061
573,Atp1a1,ST,Kidney,Fibroblast,Up,1.11052148147284,0.0469962159177938
574,Cox6b1,ST,Kidney,Messangial_cells,Down,-1.0424143875022,0.0418458787765813
575,Lcn2,ST,Kidney,Podocytes,Up,4.55256082019655,8.77577551077225e-09
576,Ugt2b38,ST,Kidney,Podocytes,Down,-3.89284605986567,1.30559442906295e-08
577,Akr1c21,ST,Kidney,Podocytes,Down,-2.81220956305276,5.88119469636993e-07
578,Enpp6,ST,Kidney,Podocytes,Down,-1.73329763980591,7.73968860619019e-07
579,Slc22a28,ST,Kidney,Podocytes,Down,-3.16384259105193,1.30650569880521e-06
580,Nat8f6,ST,Kidney,Podocytes,Down,-3.53987374674937,4.07258696166909e-06
581,Hebp1,ST,Kidney,Podocytes,Down,-1.19423770456484,7.89719927880449e-06
582,Hdc,ST,Kidney,Podocytes,Up,1.89396407870101,1.06642606305031e-05
583,Slc2a2,ST,Kidney,Podocytes,Down,-1.5571764717667,1.06642606305031e-05
584,Fabp7,ST,Kidney,Podocytes,Down,-2.1250238172597,1.18050966069137e-05
585,D630023F18Rik,ST,Kidney,Podocytes,Down,-1.60003089321463,1.18050966069137e-05
586,Hacl1,ST,Kidney,Podocytes,Down,-1.4394561322962,1.26675491876272e-05
587,Stab1,ST,Kidney,Podocytes,Up,1.32456357242285,1.56996957704305e-05
588,Cndp1,ST,Kidney,Podocytes,Down,-1.43856428550009,1.86609696406906e-05
589,C3,ST,Kidney,Podocytes,Up,1.6009411457326,2.2317655789807e-05
590,Dleu7,ST,Kidney,Podocytes,Down,-2.57976123720119,2.63744054966112e-05
591,Cmbl,ST,Kidney,Podocytes,Down,-1.42301300289131,2.85685052389186e-05
592,Camk2b,ST,Kidney,Podocytes,Up,1.78551772477281,3.57597801653967e-05
593,Fam107b,ST,Kidney,Podocytes,Down,-1.07193716960575,3.6896996513621e-05
594,Osmr,ST,Kidney,Podocytes,Up,1.31643666721106,4.00562817313117e-05
595,Aebp1,ST,Kidney,Podocytes,Up,0.952579398442043,4.05570907590153e-05
596,Cyth4,ST,Kidney,Podocytes,Up,1.32329298507417,4.28759728874377e-05
597,Mxra7,ST,Kidney,Podocytes,Up,1.05077483854865,5.35103665956853e-05
598,Pah,ST,Kidney,Podocytes,Down,-2.06325255185271,5.38143287931393e-05
599,Lsp1,ST,Kidney,Podocytes,Up,1.06482380787899,5.5468736872659e-05
600,Idh1,ST,Kidney,Podocytes,Down,-1.73878282637413,5.92186926530499e-05
601,Aldh1a1,ST,Kidney,Podocytes,Up,1.2861770026608,6.2513723772643e-05
602,Laptm5,ST,Kidney,Podocytes,Up,1.60033396949032,6.28341095379437e-05
603,Slc22a22,ST,Kidney,Podocytes,Down,-2.14230951044429,6.28341095379437e-05
604,Stap2,ST,Kidney,Podocytes,Up,1.16909056326081,6.52316535290247e-05
605,1190007I07Rik,ST,Kidney,Podocytes,Down,-1.46151077532903,6.56057671225323e-05
606,Myo9b,ST,Kidney,Podocytes,Up,0.904399211423487,7.06389511777809e-05
607,Sucnr1,ST,Kidney,Podocytes,Down,-2.26214199956754,7.33713906514615e-05
608,Nox4,ST,Kidney,Podocytes,Down,-1.97934778794861,7.85308183781769e-05
609,Nat8f1,ST,Kidney,Podocytes,Down,-1.51888658370835,8.63186840667133e-05
610,Cers4,ST,Kidney,Podocytes,Up,1.39328894083091,8.85990811155598e-05
611,Gata2,ST,Kidney,Podocytes,Down,-1.19660049642946,9.14095435824305e-05
612,Tubb2b,ST,Kidney,Podocytes,Up,1.30804855717544,9.3915552974315e-05
613,Arhgdib,ST,Kidney,Podocytes,Up,1.11070025619904,9.56075525947419e-05
614,Naaladl2,ST,Kidney,Podocytes,Up,1.76597441219108,0.0001003688483832
615,Dnm1,ST,Kidney,Podocytes,Up,1.73103957903191,0.0001021475740565
616,Mogat2,ST,Kidney,Podocytes,Down,-3.06014199893409,0.0001021475740565
617,Ildr2,ST,Kidney,Podocytes,Down,-1.07467661621629,0.0001085526413028
618,Dhfr,ST,Kidney,Podocytes,Down,-0.857252514940286,0.0001085526413028
619,Il34,ST,Kidney,Podocytes,Up,1.17724098966442,0.0001120064293896
620,Cdkn1a,ST,Kidney,Podocytes,Up,1.0759653340002,0.0001290278568212
621,Cygb,ST,Kidney,Podocytes,Up,1.26950577859714,0.0001369781137788
622,Krt10,ST,Kidney,Podocytes,Down,-2.22940038645658,0.0001381532338276
623,Acsm2,ST,Kidney,Podocytes,Down,-1.74710019432907,0.000149376435937
624,Car14,ST,Kidney,Podocytes,Down,-1.9378127548537,0.0001523427790368
625,Nbl1,ST,Kidney,Podocytes,Up,0.988436447235839,0.0001526901698819
626,Acmsd,ST,Kidney,Podocytes,Down,-1.96690110956288,0.0001536072261923
627,Agrn,ST,Kidney,Podocytes,Up,0.823269192023532,0.0001536072261923
628,Bex4,ST,Kidney,Podocytes,Down,-1.68353764260949,0.0001695280918225
629,Gm44386,ST,Kidney,Podocytes,Down,-1.0858204737461,0.0001695280918225
630,C4b,ST,Kidney,Podocytes,Up,2.29450660522464,0.0001695280918225
631,Erlin1,ST,Kidney,Podocytes,Down,-1.06174347718221,0.000180752566922
632,C1qa,ST,Kidney,Podocytes,Up,1.36948990844668,0.0002107352554635
633,Alpl,ST,Kidney,Podocytes,Down,-1.63073255143287,0.000212043277184
634,Vsir,ST,Kidney,Podocytes,Up,1.04832259205258,0.0002204478068291
635,Car12,ST,Kidney,Podocytes,Down,-1.65153063964681,0.0002258868520794
636,AU020206,ST,Kidney,Podocytes,Up,1.08203228059352,0.0002370864121077
637,Pigr,ST,Kidney,Podocytes,Up,1.28630034719429,0.0002399740993442
638,Cryl1,ST,Kidney,Podocytes,Down,-1.24693216875625,0.0002458302735882
639,Kynu,ST,Kidney,Podocytes,Down,-1.64715629219453,0.0002734780479289
640,Cyfip2,ST,Kidney,Podocytes,Up,1.01124610823715,0.000281640976895
641,Ube2u,ST,Kidney,Podocytes,Down,-0.885994775252692,0.0002824926987289
642,Lig1,ST,Kidney,Podocytes,Up,1.24933607021109,0.0002824926987289
643,Folh1,ST,Kidney,Podocytes,Down,-1.92167454041289,0.0002900556171029
644,Prelp,ST,Kidney,Podocytes,Up,0.771717770049733,0.0003154840552663
645,Rtn1,ST,Kidney,Podocytes,Up,1.73600616076751,0.000316183493947
646,Plekho2,ST,Kidney,Podocytes,Up,1.09764280140015,0.0003188398016161
647,Bnip2,ST,Kidney,Podocytes,Up,0.873516685964836,0.0003258727653321
648,Vegfd,ST,Kidney,Podocytes,Up,1.0069070006146,0.0003258727653321
649,Hmx2,ST,Kidney,Podocytes,Down,-2.34077340763686,0.0003258727653321
650,Vwf,ST,Kidney,Podocytes,Up,1.86332652429004,0.0003258727653321
651,Kcne1,ST,Kidney,Podocytes,Down,-1.78265354570921,0.0003285226942423
652,Gatm,ST,Kidney,Podocytes,Down,-1.32480139928145,0.000333809926811
653,0610006L08Rik,ST,Kidney,Podocytes,Down,-1.20239604288871,0.0003345589122577
654,Lyz2,ST,Kidney,Podocytes,Up,1.40605202132598,0.0003365987303686
655,Pkd1,ST,Kidney,Podocytes,Up,1.1823528437545,0.0003365987303686
656,Rnaseh2b,ST,Kidney,Podocytes,Down,-1.09335692852346,0.000338810655856
657,Apoe,ST,Kidney,Podocytes,Up,0.835442305380695,0.0003564903739409
658,Csf1r,ST,Kidney,Podocytes,Up,1.02439286732744,0.0003713713308965
659,Iqcg,ST,Kidney,Podocytes,Down,-1.07112503471458,0.0003733151215271
660,Car4,ST,Kidney,Podocytes,Down,-1.12501675945798,0.0003801081258471
661,S1pr2,ST,Kidney,Podocytes,Up,1.31868995800285,0.0003862789050535
662,Ccdc58,ST,Kidney,Podocytes,Down,-0.803742276043107,0.0004241412946671
663,Pld4,ST,Kidney,Podocytes,Up,1.48785951372722,0.0004550224389401
664,Fxyd5,ST,Kidney,Podocytes,Up,1.38525800053939,0.0004870508784026
665,Tbc1d9,ST,Kidney,Podocytes,Up,1.3351666583906,0.000497701838433
666,Inf2,ST,Kidney,Podocytes,Up,1.18780616096232,0.0005053122148679
667,Asb9,ST,Kidney,Podocytes,Down,-1.12255869431701,0.0005184897666419
668,Oxgr1,ST,Kidney,Podocytes,Down,-1.66243156909607,0.0005246168791572
669,Miox,ST,Kidney,Podocytes,Down,-1.5341227947941,0.0005374208900928
670,Tnfaip8,ST,Kidney,Podocytes,Down,-0.993039738905112,0.0005407406441782
671,Ptgds,ST,Kidney,Podocytes,Up,2.83722358490044,0.0005791290234251
672,Col18a1,ST,Kidney,Podocytes,Up,0.69412170426197,0.0005829447787244
673,Hcls1,ST,Kidney,Podocytes,Up,1.41778280093425,0.0005950506456105
674,Slc34a3,ST,Kidney,Podocytes,Down,-1.82004937665065,0.0006167954228207
675,Flna,ST,Kidney,Podocytes,Up,0.796432812872435,0.0006167954228207
676,Atp6v1g3,ST,Kidney,Podocytes,Down,-0.716225467076554,0.000624833696863
677,Spon1,ST,Kidney,Podocytes,Up,1.83917591496419,0.0006263219524893
678,Serpinb6a,ST,Kidney,Podocytes,Up,1.38389261423913,0.0006263219524893
679,Acvrl1,ST,Kidney,Podocytes,Up,0.814925793740987,0.0006534917909896
680,Fbln7,ST,Kidney,Podocytes,Up,0.745871855145645,0.0006538362835517
681,H2-DMb1,ST,Kidney,Podocytes,Up,1.00200591368486,0.0006538362835517
682,Slc7a8,ST,Kidney,Podocytes,Down,-1.48130461379585,0.0006538362835517
683,Cela1,ST,Kidney,Podocytes,Down,-1.30888871394019,0.0006569175025537
684,Ces1e,ST,Kidney,Podocytes,Down,-1.76950885148461,0.0006772569986679
685,Krt19,ST,Kidney,Podocytes,Up,2.31435281973531,0.0006906452401569
686,Lfng,ST,Kidney,Podocytes,Up,1.42024849201863,0.0007082985319306
687,Lst1,ST,Kidney,Podocytes,Up,1.22574812164227,0.0007282171878097
688,Fbln1,ST,Kidney,Podocytes,Up,1.46616610410658,0.0007940859877285
689,Snhg11,ST,Kidney,Podocytes,Up,1.24884542560651,0.0008074631642269
690,Slc22a29,ST,Kidney,Podocytes,Down,-1.06500098921399,0.0008223753970707
691,Dclk2,ST,Kidney,Podocytes,Up,1.20507658001013,0.0008490864968764
692,Sema3f,ST,Kidney,Podocytes,Up,1.04788852257805,0.0008490864968764
693,Olfm3,ST,Kidney,Podocytes,Down,-1.0237379210597,0.0008646520550421
694,Mgat3,ST,Kidney,Podocytes,Down,-0.977701204539148,0.0008716715559175
695,Slc16a12,ST,Kidney,Podocytes,Down,-0.876681571719853,0.0008878630648881
696,Echdc1,ST,Kidney,Podocytes,Down,-0.705462828077328,0.0008878630648881
697,Stard4,ST,Kidney,Podocytes,Down,-0.825885928640078,0.0009265107586693
698,Jchain,ST,Kidney,Podocytes,Up,2.12104412162779,0.0009588604715901
699,Cks2,ST,Kidney,Podocytes,Down,-1.53892265334082,0.0010170324941931
700,Nmrk1,ST,Kidney,Podocytes,Down,-1.44020132447464,0.0010170324941931
701,Fes,ST,Kidney,Podocytes,Up,1.00224553106051,0.0010170324941931
702,Dtx4,ST,Kidney,Podocytes,Up,0.771289583931228,0.0010480511212621
703,Pdgfc,ST,Kidney,Podocytes,Down,-0.817925837899238,0.0010825078762362
704,Sytl4,ST,Kidney,Podocytes,Up,1.15513400203897,0.0010899024399692
705,Aldh1a2,ST,Kidney,Podocytes,Up,0.866834559965914,0.0010976479961269
706,Plekha2,ST,Kidney,Podocytes,Up,0.73632130237784,0.0011057315249834
707,Gm1673,ST,Kidney,Podocytes,Up,1.60770930493918,0.0011212925981273
708,D030045P18Rik,ST,Kidney,Podocytes,Up,1.59854721371994,0.0011833293815887
709,Bcam,ST,Kidney,Podocytes,Up,0.904027395492937,0.0012173875387211
710,Trim30a,ST,Kidney,Podocytes,Up,1.58802114293578,0.0012578124324227
711,Rasa4,ST,Kidney,Podocytes,Up,0.921502986630859,0.0012612097835674
712,Thy1,ST,Kidney,Podocytes,Up,1.2538179951134,0.0012700411974954
713,Litaf,ST,Kidney,Podocytes,Up,1.0241621249006,0.0012707220020495
714,Elf4,ST,Kidney,Podocytes,Up,1.30126915006258,0.0012707220020495
715,Cd24a,ST,Kidney,Podocytes,Up,1.0714450332303,0.0012950005987035
716,Flt3l,ST,Kidney,Podocytes,Up,1.00541752824977,0.0013473235850683
717,Arhgap45,ST,Kidney,Podocytes,Up,1.19535741171845,0.0013675833710971
718,Frzb,ST,Kidney,Podocytes,Up,1.99262478833784,0.0014114982643045
719,Coro1a,ST,Kidney,Podocytes,Up,0.905837746249396,0.0014915351099859
720,Cpxm1,ST,Kidney,Podocytes,Up,0.945728494872938,0.0015721525402039
721,Birc3,ST,Kidney,Podocytes,Up,0.899583842614697,0.0015886601251858
722,Itpr3,ST,Kidney,Podocytes,Up,1.19616977903458,0.0015886601251858
723,Arrb1,ST,Kidney,Podocytes,Up,0.816582554054783,0.0015961960834728
724,Igha,ST,Kidney,Podocytes,Up,3.09527444866274,0.0016599194745658
725,Igkc,ST,Kidney,Podocytes,Up,2.90079783427319,0.0017120963319739
726,Neat1,ST,Kidney,Podocytes,Up,0.843154953551537,0.0017470060232119
727,Nat8f3,ST,Kidney,Podocytes,Down,-1.42678642572019,0.0017767424639524
728,Ropn1l,ST,Kidney,Podocytes,Down,-0.89608038039291,0.001787983845133
729,Yars2,ST,Kidney,Podocytes,Down,-1.08632739274067,0.00180194365928
730,Axl,ST,Kidney,Podocytes,Up,0.68716918300261,0.0018321819476717
731,Bgn,ST,Kidney,Podocytes,Up,1.12756383525411,0.0018647030127028
732,Sphk1,ST,Kidney,Podocytes,Up,1.27574339506544,0.001895216464978
733,Tnip1,ST,Kidney,Podocytes,Up,0.717723953173735,0.0019007928046244
734,Mpzl2,ST,Kidney,Podocytes,Down,-0.723161731010811,0.0019349778196859
735,Slc26a4,ST,Kidney,Podocytes,Down,-1.15654993940598,0.0019477505571025
736,Acot3,ST,Kidney,Podocytes,Down,-1.13957904143142,0.0019957162159781
737,Sectm1b,ST,Kidney,Podocytes,Down,-1.48842729855287,0.0020005031959583
738,Tgfbi,ST,Kidney,Podocytes,Up,0.710567525410711,0.0020624707563342
739,Icosl,ST,Kidney,Podocytes,Up,0.820311400004321,0.0022267350951585
740,Map1b,ST,Kidney,Podocytes,Up,1.21604726082365,0.0023709652950835
741,Pdss1,ST,Kidney,Podocytes,Down,-0.995870293464166,0.0025246856557521
742,Pou2f2,ST,Kidney,Podocytes,Up,2.02628992133242,0.0025375348194811
743,Slc4a11,ST,Kidney,Podocytes,Up,2.82053408581395,0.0025805080818127
744,Aoc1,ST,Kidney,Podocytes,Up,1.25893119456939,0.0026298864281062
745,Arrdc1,ST,Kidney,Podocytes,Up,0.873486455758953,0.0026364962641622
746,Afmid,ST,Kidney,Podocytes,Down,-1.26023500997302,0.0026470098237914
747,Atp6v1b1,ST,Kidney,Podocytes,Down,-0.633438864733508,0.0027312867312118
748,Spag5,ST,Kidney,Podocytes,Up,1.96647021681002,0.0028777861642043
749,Lpar3,ST,Kidney,Podocytes,Down,-1.46219569648515,0.0029222061250937
750,Fkbp5,ST,Kidney,Podocytes,Up,0.896440434899887,0.003070912926813
751,Hmgn2,ST,Kidney,Podocytes,Down,-1.51162521147802,0.0030880296418025
752,Htr1b,ST,Kidney,Podocytes,Up,2.22735497563377,0.0031098797060405
753,Mttp,ST,Kidney,Podocytes,Down,-0.829519816961663,0.0031381544428353
754,Serpina10,ST,Kidney,Podocytes,Up,2.24199256529782,0.003146416035099
755,Igsf11,ST,Kidney,Podocytes,Down,-0.857482948615475,0.0031603058674558
756,Dhrs7,ST,Kidney,Podocytes,Down,-0.883527970294254,0.003162556301923
757,Rrbp1,ST,Kidney,Podocytes,Up,0.660341348012017,0.0032061343850309
758,Mpeg1,ST,Kidney,Podocytes,Up,0.710400652209236,0.0032362965242989
759,Efemp2,ST,Kidney,Podocytes,Up,0.757502665219874,0.0032390106758872
760,Slc51a,ST,Kidney,Podocytes,Down,-1.03592705620486,0.0032390106758872
761,Adra1b,ST,Kidney,Podocytes,Up,1.43005373781018,0.0032704203724973
762,Defb42,ST,Kidney,Podocytes,Up,1.86463551191552,0.003279017921645
763,Psph,ST,Kidney,Podocytes,Down,-0.866407836583552,0.0033158495740806
764,Grem2,ST,Kidney,Podocytes,Up,1.79051172977578,0.0033308906263214
765,Sms,ST,Kidney,Podocytes,Down,-0.778816296334604,0.0035872676008782
766,Rcsd1,ST,Kidney,Podocytes,Up,0.811220437465395,0.0036257675845062
767,Wbp1l,ST,Kidney,Podocytes,Up,0.647175838817142,0.0036560960312627
768,Angptl3,ST,Kidney,Podocytes,Up,1.01265500489528,0.0037148382604958
769,Rac2,ST,Kidney,Podocytes,Up,0.75772161682078,0.0037522773165179
770,Serping1,ST,Kidney,Podocytes,Up,0.879854183363243,0.003756977847693
771,Slfn2,ST,Kidney,Podocytes,Up,0.675120837133916,0.0039070668738013
772,Adamts2,ST,Kidney,Podocytes,Up,1.04118373012306,0.0039806332280132
773,Osr2,ST,Kidney,Podocytes,Down,-0.933617995174466,0.0040235491227321
774,Plec,ST,Kidney,Podocytes,Up,0.798389022672148,0.0041028640901142
775,1810024B03Rik,ST,Kidney,Podocytes,Down,-0.823399432114235,0.0042607998928589
776,Dpysl3,ST,Kidney,Podocytes,Up,1.19184455316735,0.0042793632318278
777,Atp23,ST,Kidney,Podocytes,Down,-1.10241063324083,0.004287145212089
778,Ifitm1,ST,Kidney,Podocytes,Up,1.3638712765359,0.0043825593763871
779,Sytl2,ST,Kidney,Podocytes,Up,0.773479746784373,0.0044450740643815
780,Apoa2,ST,Kidney,Podocytes,Down,-0.70085855166454,0.004485847672924
781,Akr1e1,ST,Kidney,Podocytes,Down,-0.567925610183984,0.0048936817748127
782,Slc5a2,ST,Kidney,Podocytes,Down,-1.36029417294182,0.0048936817748127
783,Tmem45a,ST,Kidney,Podocytes,Up,1.21962471440883,0.0049729903119684
784,Cav1,ST,Kidney,Podocytes,Down,-0.974866589019051,0.0050756182890032
785,Arhgef25,ST,Kidney,Podocytes,Up,0.800636459889997,0.0050756182890032
786,H2-Ab1,ST,Kidney,Podocytes,Up,0.820315058790842,0.0051162470330617
787,Fut8,ST,Kidney,Podocytes,Down,-0.660830524015942,0.0051425312470321
788,Mob3a,ST,Kidney,Podocytes,Up,0.809886886852057,0.0051868589162067
789,Ighm,ST,Kidney,Podocytes,Up,2.69958052065476,0.0052155720056284
790,Pcdh12,ST,Kidney,Podocytes,Up,0.655048702092071,0.0052355053550815
791,Cxcl16,ST,Kidney,Podocytes,Up,0.755153885642729,0.0052660222297434
792,Muc20,ST,Kidney,Podocytes,Up,2.17949078160772,0.0053402505478051
793,Scin,ST,Kidney,Podocytes,Up,1.07437827032478,0.0054219510984535
794,Tcirg1,ST,Kidney,Podocytes,Up,1.37599963458953,0.0054219510984535
795,Ptpn18,ST,Kidney,Podocytes,Up,0.855713527735548,0.0055435712642388
796,Hacd1,ST,Kidney,Podocytes,Down,-0.934759862540593,0.0055638349217841
797,Smoc2,ST,Kidney,Podocytes,Up,1.32898910432053,0.0055678253629607
798,Mrc1,ST,Kidney,Podocytes,Up,0.945842448499758,0.0055952954128612
799,Vldlr,ST,Kidney,Podocytes,Down,-0.672937838548273,0.0056573115041582
800,Col15a1,ST,Kidney,Podocytes,Up,0.580447660733397,0.0056635248740474
801,Rcn3,ST,Kidney,Podocytes,Up,0.631836888283402,0.0060168487424209
802,Rnf152,ST,Kidney,Podocytes,Down,-0.700270016337403,0.0061315716098454
803,Slc22a8,ST,Kidney,Podocytes,Down,-1.58800188391571,0.0061389500810614
804,Il4ra,ST,Kidney,Podocytes,Up,0.805538697120206,0.0061833537108645
805,Sp110,ST,Kidney,Podocytes,Up,1.02079798586395,0.0062883073935066
806,Timm9,ST,Kidney,Podocytes,Down,-1.03813575447151,0.0063457553005058
807,Glipr2,ST,Kidney,Podocytes,Up,0.800793964338928,0.0064295821390811
808,Dnajc6,ST,Kidney,Podocytes,Down,-0.620120811631636,0.0065747375285129
809,Uba7,ST,Kidney,Podocytes,Up,0.76148504833975,0.0066539472282984
810,Ace2,ST,Kidney,Podocytes,Down,-0.880348763069421,0.0066539472282984
811,Ripor3,ST,Kidney,Podocytes,Up,0.785611477719052,0.0067284517132206
812,B4galnt1,ST,Kidney,Podocytes,Up,1.5605393310683,0.0069438984176199
813,Agxt2,ST,Kidney,Podocytes,Down,-0.945239253928377,0.0071970536299977
814,Prkcb,ST,Kidney,Podocytes,Up,1.27748980073649,0.0072024537025488
815,S100a4,ST,Kidney,Podocytes,Up,1.33018051613795,0.0072715920001202
816,1700016C15Rik,ST,Kidney,Podocytes,Up,1.13380326717728,0.0073422989175959
817,Apobec3,ST,Kidney,Podocytes,Up,0.720378502620473,0.007392220495114
818,Lamb2,ST,Kidney,Podocytes,Up,0.763140484416505,0.0076323759515954
819,Fat1,ST,Kidney,Podocytes,Up,1.10120895017805,0.0076328200203217
820,Relb,ST,Kidney,Podocytes,Up,0.842561521398504,0.0076328200203217
821,Fam185a,ST,Kidney,Podocytes,Down,-0.707273153548854,0.0076364425053939
822,Cyp2d12,ST,Kidney,Podocytes,Up,1.40904559009392,0.0079183860223152
823,Rgs19,ST,Kidney,Podocytes,Up,1.03272103894671,0.0080168450842073
824,Cd44,ST,Kidney,Podocytes,Up,1.52794046475194,0.0082085358955919
825,Tmem42,ST,Kidney,Podocytes,Down,-0.800010285793324,0.0083957975582024
826,Cyp2d9,ST,Kidney,Podocytes,Up,1.46407001298933,0.0083970366600272
827,Trf,ST,Kidney,Podocytes,Up,0.746098235907883,0.008605561739932
828,Ubash3b,ST,Kidney,Podocytes,Up,0.955428429043542,0.008700537351942
829,Scn1b,ST,Kidney,Podocytes,Up,0.798676795092369,0.0087192997232606
830,Lum,ST,Kidney,Podocytes,Up,1.49957510129583,0.0087590600070881
831,Xrcc5,ST,Kidney,Podocytes,Down,-0.758352503141111,0.0088909564954408
832,Icam1,ST,Kidney,Podocytes,Up,0.648160544295792,0.0089239162273218
833,Arrb2,ST,Kidney,Podocytes,Up,0.694386121734896,0.0089418405442099
834,Hlf,ST,Kidney,Podocytes,Down,-0.573393242219222,0.0090369737084487
835,Skap1,ST,Kidney,Podocytes,Up,1.65778623593172,0.009146789931012
836,Flot1,ST,Kidney,Podocytes,Up,0.569601098423604,0.0095552369852308
837,Lox,ST,Kidney,Podocytes,Up,1.41013900126805,0.0096483520713197
838,Tbx2,ST,Kidney,Podocytes,Down,-0.649072096667182,0.0098345403542409
839,Ccl19,ST,Kidney,Podocytes,Up,1.00057172633935,0.0107387100288707
840,Phyhipl,ST,Kidney,Podocytes,Down,-0.743997144645726,0.0108168689627488
841,C1qb,ST,Kidney,Podocytes,Up,1.06737129424246,0.0108557779031129
842,Degs2,ST,Kidney,Podocytes,Down,-0.846155281590244,0.0108557779031129
843,Gm42067,ST,Kidney,Podocytes,Down,-0.612966213617096,0.0109280196415506
844,Inpp5d,ST,Kidney,Podocytes,Up,1.15873939796384,0.0110107434297405
845,Tnxb,ST,Kidney,Podocytes,Up,1.12998859915449,0.0110389785201698
846,Serpinb1a,ST,Kidney,Podocytes,Down,-0.83416470463778,0.0110389785201698
847,Fam136a,ST,Kidney,Podocytes,Down,-0.533116186050791,0.011226385158118
848,Ciita,ST,Kidney,Podocytes,Up,1.3515100196374,0.0113048308882084
849,Acss1,ST,Kidney,Podocytes,Down,-0.775176421832193,0.0119634633509727
850,Tagln,ST,Kidney,Podocytes,Up,0.725538167389669,0.0119786662335071
851,Habp2,ST,Kidney,Podocytes,Down,-0.954311866146592,0.0120809729951484
852,Atp8b4,ST,Kidney,Podocytes,Up,1.14172072180408,0.0122813364092362
853,Ccl5,ST,Kidney,Podocytes,Up,0.685962617997829,0.0125032938220473
854,Ptpre,ST,Kidney,Podocytes,Up,0.950630195892807,0.0126237271854579
855,Atf5,ST,Kidney,Podocytes,Up,0.585386967747702,0.0128927932038924
856,Hoxb5os,ST,Kidney,Podocytes,Down,-0.788759907830649,0.0130750530827161
857,Fyb,ST,Kidney,Podocytes,Up,0.514182110712639,0.0131528367061969
858,Ptgis,ST,Kidney,Podocytes,Up,0.814726501853683,0.0131655451134952
859,Rrad,ST,Kidney,Podocytes,Up,0.770719850633711,0.0135207925815927
860,Uchl1,ST,Kidney,Podocytes,Up,1.06240482848622,0.0135219952999703
861,Lamc3,ST,Kidney,Podocytes,Up,0.728035479327685,0.0135895410430597
862,Pla2g15,ST,Kidney,Podocytes,Up,0.78555554658311,0.0137181224890165
863,Setd4,ST,Kidney,Podocytes,Up,1.03688752404906,0.0137287286732593
864,Matn2,ST,Kidney,Podocytes,Up,0.787633759369825,0.0142006054158294
865,Npy1r,ST,Kidney,Podocytes,Up,1.81189510360132,0.0142224154862348
866,Pkm,ST,Kidney,Podocytes,Up,1.00002972731827,0.0143549111451552
867,Fzd5,ST,Kidney,Podocytes,Down,-0.782830136974021,0.0145257191086418
868,Acyp1,ST,Kidney,Podocytes,Down,-1.27254936621257,0.0145850467359702
869,Oasl2,ST,Kidney,Podocytes,Up,0.868541082818905,0.0147079578955736
870,Csrp1,ST,Kidney,Podocytes,Up,0.583074872778295,0.0147331436342277
871,Dync1h1,ST,Kidney,Podocytes,Up,0.678858874875906,0.0147956965054859
872,Glrx,ST,Kidney,Podocytes,Down,-0.927553299020361,0.014862920684137
873,Runx1,ST,Kidney,Podocytes,Up,1.35245534711499,0.0150619763273427
874,Rasgef1b,ST,Kidney,Podocytes,Up,1.37736742134937,0.0157786048618288
875,Lrrk1,ST,Kidney,Podocytes,Up,0.759362760890003,0.015898989615844
876,Sulf1,ST,Kidney,Podocytes,Up,1.02245280146747,0.0163409275454175
877,Fcgr4,ST,Kidney,Podocytes,Up,1.29262268796773,0.0166062940015471
878,Nisch,ST,Kidney,Podocytes,Up,0.541116971551152,0.0176049142005043
879,Timp2,ST,Kidney,Podocytes,Up,0.627399619702208,0.017791578866787
880,Hsd11b2,ST,Kidney,Podocytes,Down,-1.38543653340513,0.0178333242032351
881,Cd74,ST,Kidney,Podocytes,Up,1.2706886387204,0.0178333242032351
882,Tnc,ST,Kidney,Podocytes,Up,1.54841309136636,0.0178611471462812
883,Cd93,ST,Kidney,Podocytes,Up,0.724209731609366,0.0179222472644643
884,Slc34a1,ST,Kidney,Podocytes,Down,-0.798244823154307,0.0183640071172964
885,Mrps31,ST,Kidney,Podocytes,Down,-0.641353925190547,0.0184211710661393
886,Galnt15,ST,Kidney,Podocytes,Up,0.934684154105842,0.0184543985953507
887,Crlf1,ST,Kidney,Podocytes,Up,2.04847070881463,0.0184645252953326
888,Esam,ST,Kidney,Podocytes,Up,0.803662194433415,0.0188123056369984
889,Abca7,ST,Kidney,Podocytes,Up,1.11272772186066,0.0188123056369984
890,Bmp1,ST,Kidney,Podocytes,Up,0.801744981441523,0.0190513208405703
891,Gpihbp1,ST,Kidney,Podocytes,Up,0.938791178336247,0.0190513208405703
892,Kl,ST,Kidney,Podocytes,Down,-1.57242710826312,0.0190513208405703
893,Spidr,ST,Kidney,Podocytes,Up,0.543114350593558,0.0191451821391234
894,Cmtm8,ST,Kidney,Podocytes,Down,-0.650514543645967,0.0198319241133466
895,Cpm,ST,Kidney,Podocytes,Down,-0.539836895837547,0.0198854510268323
896,Pltp,ST,Kidney,Podocytes,Up,0.615462232488169,0.0198854510268323
897,Wfdc17,ST,Kidney,Podocytes,Up,0.883695124082686,0.0201140947153932
898,Dnajc28,ST,Kidney,Podocytes,Down,-0.702346268606342,0.0203183454569138
899,Slc18a1,ST,Kidney,Podocytes,Down,-0.695355484249385,0.020769886169535
900,Lrg1,ST,Kidney,Podocytes,Up,1.20064441422259,0.020769886169535
901,Cx3cr1,ST,Kidney,Podocytes,Up,0.91337524787069,0.0214362817747314
902,Hsd17b14,ST,Kidney,Podocytes,Up,1.04884877976965,0.0219386258215181
903,Ddr2,ST,Kidney,Podocytes,Up,0.964976262686896,0.0224977938283003
904,Dcdc2a,ST,Kidney,Podocytes,Up,0.964766097848637,0.0229273591229832
905,Pvalb,ST,Kidney,Podocytes,Down,-0.801441189232724,0.0232418061601075
906,Ces2e,ST,Kidney,Podocytes,Up,1.15509592840706,0.0236259400881953
907,Clec2h,ST,Kidney,Podocytes,Down,-1.10760128675092,0.0239011044645143
908,Mrpl47,ST,Kidney,Podocytes,Down,-0.623972617857105,0.0239011044645143
909,Uroc1,ST,Kidney,Podocytes,Down,-0.753642607408522,0.0239011044645143
910,Apip,ST,Kidney,Podocytes,Down,-0.648654354289223,0.0241364262658991
911,Samd4,ST,Kidney,Podocytes,Up,0.938604772702611,0.0241421198074975
912,Cybb,ST,Kidney,Podocytes,Up,0.674749759265547,0.0241912916343492
913,Egfl7,ST,Kidney,Podocytes,Up,0.572256443413986,0.0243181067521966
914,St3gal5,ST,Kidney,Podocytes,Up,0.558996368424967,0.0246959815140201
915,Arhgap15,ST,Kidney,Podocytes,Up,1.44442163950135,0.0250968382619592
916,Il33,ST,Kidney,Podocytes,Up,0.550395926199472,0.0251051466551716
917,Slc22a23,ST,Kidney,Podocytes,Down,-0.65045835621466,0.0251514049780511
918,Fcgr3,ST,Kidney,Podocytes,Up,0.734193007122558,0.0260653432267391
919,Trp53i11,ST,Kidney,Podocytes,Up,0.675625337657925,0.0261321612065423
920,Sult1c2,ST,Kidney,Podocytes,Down,-0.51496889240679,0.027107137609616
921,Ptger4,ST,Kidney,Podocytes,Up,0.782896521383347,0.027107137609616
922,Kcnab1,ST,Kidney,Podocytes,Up,1.43382400107388,0.0273709879339424
923,Man1c1,ST,Kidney,Podocytes,Up,0.755660802538971,0.0275462047486368
924,Tmem39b,ST,Kidney,Podocytes,Down,-0.679995236325146,0.0278950049707048
925,Slc6a6,ST,Kidney,Podocytes,Up,1.23984842594853,0.0278950049707048
926,Kctd10,ST,Kidney,Podocytes,Up,0.529705827645533,0.0281984039594845
927,Rpf2,ST,Kidney,Podocytes,Down,-0.734427585075948,0.0285218983521332
928,Wdr72,ST,Kidney,Podocytes,Down,-0.535740137935376,0.0285666354469505
929,Hrct1,ST,Kidney,Podocytes,Up,0.844615425293563,0.0291837893033588
930,Gpr182,ST,Kidney,Podocytes,Up,0.752406887153266,0.0293421642136692
931,Fosl2,ST,Kidney,Podocytes,Up,0.751951135095358,0.0305682196554467
932,Ehmt2,ST,Kidney,Podocytes,Up,0.789073790192593,0.0311738554085209
933,Rftn1,ST,Kidney,Podocytes,Up,0.851414585124758,0.0314947935098554
934,Bok,ST,Kidney,Podocytes,Up,0.545995096801868,0.032108575851647
935,Emc10,ST,Kidney,Podocytes,Up,1.3397742958794,0.032108575851647
936,Ift57,ST,Kidney,Podocytes,Down,-0.639355644977447,0.0327151772399841
937,Gm42047,ST,Kidney,Podocytes,Up,1.97290790636283,0.0327151772399841
938,Stat3,ST,Kidney,Podocytes,Up,0.581573265249215,0.0328297237634735
939,B3galnt1,ST,Kidney,Podocytes,Down,-0.738517638869133,0.0331957792023749
940,Avpr1a,ST,Kidney,Podocytes,Down,-0.873648444233299,0.0332673608645446
941,Ccl6,ST,Kidney,Podocytes,Up,0.753025918656989,0.0339589904607799
942,Alg2,ST,Kidney,Podocytes,Down,-0.753990848487774,0.0342661302036566
943,Asl,ST,Kidney,Podocytes,Down,-0.630587638929072,0.0352861325805468
944,Nudt2,ST,Kidney,Podocytes,Down,-0.812710131214209,0.0352962039811451
945,St6galnac4,ST,Kidney,Podocytes,Up,0.917326366336142,0.0353325144044382
946,Gdf15,ST,Kidney,Podocytes,Up,1.67410571928874,0.0367544810390724
947,C1ra,ST,Kidney,Podocytes,Up,0.511162301368848,0.0368245840963366
948,Tstd3,ST,Kidney,Podocytes,Down,-0.672062526173521,0.0369373906290568
949,Ppp1r18,ST,Kidney,Podocytes,Up,0.604947537859584,0.037974707349091
950,Pdlim7,ST,Kidney,Podocytes,Up,0.696442971422745,0.0380429550639028
951,Nabp1,ST,Kidney,Podocytes,Down,-0.591804725214687,0.038101080122987
952,Eif6,ST,Kidney,Podocytes,Up,1.07370422374907,0.0381779667526563
953,Insrr,ST,Kidney,Podocytes,Down,-1.13385141646958,0.0385459110817186
954,Eln,ST,Kidney,Podocytes,Up,0.638672839967115,0.0389346246487309
955,Tyrobp,ST,Kidney,Podocytes,Up,0.654001168349711,0.0390300662427976
956,Negr1,ST,Kidney,Podocytes,Up,1.05660858835369,0.0396567220075892
957,Pdp2,ST,Kidney,Podocytes,Down,-0.620704051577717,0.0403202328904621
958,Ass1,ST,Kidney,Podocytes,Down,-1.23851342140816,0.0404230863939792
959,Sprr1a,ST,Kidney,Podocytes,Up,1.91966367808819,0.0407482000143368
960,Cpne8,ST,Kidney,Podocytes,Up,1.02117617125813,0.0414254614458032
961,Slc4a9,ST,Kidney,Podocytes,Down,-1.07541752984133,0.0414487481290612
962,Ahnak,ST,Kidney,Podocytes,Up,0.778976711962279,0.0416301646584859
963,Tor3a,ST,Kidney,Podocytes,Up,0.718385370593163,0.0417164881438518
964,Gng2,ST,Kidney,Podocytes,Up,0.736674017121809,0.0421016777253285
965,Suox,ST,Kidney,Podocytes,Down,-0.883890758027716,0.0421327935972157
966,Sap30,ST,Kidney,Podocytes,Down,-0.776006423861329,0.0421580443495641
967,Clca3a1,ST,Kidney,Podocytes,Up,0.611296872950025,0.042424179000861
968,Pim1,ST,Kidney,Podocytes,Up,0.826762024000283,0.0425041259035896
969,Cp,ST,Kidney,Podocytes,Up,0.455340979820233,0.0436927650690857
970,Synpo2,ST,Kidney,Podocytes,Up,1.18433773357816,0.0440907119563507
971,H2-DMa,ST,Kidney,Podocytes,Up,0.455655476324562,0.044372501922448
972,Mical1,ST,Kidney,Podocytes,Up,0.695709365208266,0.0450662023263885
973,Kcnip3,ST,Kidney,Podocytes,Up,0.920889347178891,0.0454823618493182
974,Ly6e,ST,Kidney,Podocytes,Up,0.65984220676935,0.0455244818396543
975,Acsl3,ST,Kidney,Podocytes,Down,-0.598738854577553,0.0455244818396543
976,Ifi35,ST,Kidney,Podocytes,Up,0.508774611225527,0.0457643814187756
977,Cited1,ST,Kidney,Podocytes,Up,1.11126174524055,0.0457648267959643
978,Wdfy4,ST,Kidney,Podocytes,Up,1.32795870581676,0.0481765288881819
979,S100g,ST,Kidney,Podocytes,Down,-0.628279660268378,0.0483893612200593
980,Adamtsl1,ST,Kidney,Podocytes,Up,1.2639235763257,0.0484137857141544
981,Pea15a,ST,Kidney,Podocytes,Up,0.42323683528876,0.0484137857141544
982,Lyrm4,ST,Kidney,Podocytes,Down,-0.48001175228195,0.0484180475475248
983,Egr1,ST,Kidney,Podocytes,Up,0.963088666453952,0.0489617917978901
984,Ctla2a,ST,Kidney,Podocytes,Up,0.970638406750212,0.0489840840275775
985,Rnasek,ST,Kidney,Podocytes,Down,-1.52119472332738,0.0491066143600526
986,Cd72,ST,Kidney,Podocytes,Up,0.793875209750151,0.0498253194291314
987,Apoe,ST,,,Up,1.190515036554,0.0050766807856422
988,Akr1c18,ST,,,Down,-2.12880654327269,0.0074274535569798
989,Bgn,ST,,,Up,0.890960584121702,0.0485087088161501
990,C3,ST,,,Up,1.76282039597969,0.0158192800868406
991,Tyrobp,Vis,Kidney,Podocytes,Up,2.24476862692349,1.08404276532049e-08
992,C1qb,Vis,Kidney,Podocytes,Up,2.49280268101113,3.66212445102299e-08
993,Wfdc17,Vis,Kidney,Podocytes,Up,2.26578170592713,3.66212445102299e-08
994,Cd74,Vis,Kidney,Podocytes,Up,1.93903968531779,1.50774902493254e-07
995,Cdkn1a,Vis,Kidney,Podocytes,Up,1.57698328248509,1.50774902493254e-07
996,Hdc,Vis,Kidney,Podocytes,Up,2.27739963251267,2.14786445969671e-07
997,Lst1,Vis,Kidney,Podocytes,Up,1.57572057653246,3.42623198215757e-07
998,H2-Ab1,Vis,Kidney,Podocytes,Up,1.92674015149799,3.92372458946397e-07
999,Aldh1a1,Vis,Kidney,Podocytes,Up,1.67546816349032,4.13135288500506e-07
1000,Sprr1a,Vis,Kidney,Podocytes,Up,5.31190208475914,5.38683778561431e-07
1001,C1qa,Vis,Kidney,Podocytes,Up,2.44820008565486,5.61629674610731e-07
1002,Cd72,Vis,Kidney,Podocytes,Up,2.11146156694797,6.47140399489927e-07
1003,Rac2,Vis,Kidney,Podocytes,Up,1.81675106672523,7.95183647747052e-07
1004,Crlf1,Vis,Kidney,Podocytes,Up,3.25727216335839,1.52856596597722e-06
1005,Lyz2,Vis,Kidney,Podocytes,Up,3.15227811032895,1.52856596597722e-06
1006,Ptgds,Vis,Kidney,Podocytes,Up,1.99749506060731,1.99895648095079e-06
1007,Slc6a6,Vis,Kidney,Podocytes,Up,1.05860033200693,2.30559070539133e-06
1008,Coro1a,Vis,Kidney,Podocytes,Up,1.84533603876801,2.3889608095353e-06
1009,Ifitm1,Vis,Kidney,Podocytes,Up,2.04660030351412,2.58384788734416e-06
1010,1700016C15Rik,Vis,Kidney,Podocytes,Up,1.14980041096312,3.66703463276978e-06
1011,Pld4,Vis,Kidney,Podocytes,Up,2.09871218043786,3.91450298490062e-06
1012,Mogat2,Vis,Kidney,Podocytes,Down,-1.98269817579176,5.69671836487305e-06
1013,Hmx2,Vis,Kidney,Podocytes,Down,-2.32489828810494,7.95207880417638e-06
1014,Ighm,Vis,Kidney,Podocytes,Up,6.61719808186901,8.50392232955736e-06
1015,Arhgap45,Vis,Kidney,Podocytes,Up,1.76095545637617,1.04731437781724e-05
1016,Apobec3,Vis,Kidney,Podocytes,Up,1.48776276659176,1.0745518654172e-05
1017,Ces2e,Vis,Kidney,Podocytes,Up,1.19112546070538,1.29179811478513e-05
1018,Bgn,Vis,Kidney,Podocytes,Up,1.73704026026097,1.29179811478513e-05
1019,H2-DMa,Vis,Kidney,Podocytes,Up,1.51357459097123,1.3835785847127e-05
1020,Igkc,Vis,Kidney,Podocytes,Up,6.15441855838222,1.55933731257383e-05
1021,Ptpn18,Vis,Kidney,Podocytes,Up,1.08758550353279,1.74531882308209e-05
1022,Insrr,Vis,Kidney,Podocytes,Down,-1.95262631097745,1.99932072376252e-05
1023,Serping1,Vis,Kidney,Podocytes,Up,1.80898920852723,2.06574316368709e-05
1024,Mpeg1,Vis,Kidney,Podocytes,Up,2.24135919515547,2.10644895159238e-05
1025,Fcgr4,Vis,Kidney,Podocytes,Up,1.69253063333823,2.48822909645085e-05
1026,Fcgr3,Vis,Kidney,Podocytes,Up,1.94057982733076,2.86345641338448e-05
1027,Angptl3,Vis,Kidney,Podocytes,Up,1.46903979293015,2.92965966701582e-05
1028,Cyth4,Vis,Kidney,Podocytes,Up,2.07307495349676,2.94444971054276e-05
1029,Fxyd5,Vis,Kidney,Podocytes,Up,1.58308608922692,3.26054401574865e-05
1030,Pdp2,Vis,Kidney,Podocytes,Down,-1.06159771351637,3.39531356160015e-05
1031,Cd44,Vis,Kidney,Podocytes,Up,2.52606827315441,3.4567301297528e-05
1032,Scin,Vis,Kidney,Podocytes,Up,1.11170071052218,3.53451633477817e-05
1033,Dcdc2a,Vis,Kidney,Podocytes,Up,1.19790043000923,4.03630489487138e-05
1034,Cybb,Vis,Kidney,Podocytes,Up,1.71497879593772,4.14023772812123e-05
1035,Laptm5,Vis,Kidney,Podocytes,Up,2.10187004620971,4.71402076419151e-05
1036,Krt19,Vis,Kidney,Podocytes,Up,2.95756619966011,5.11355872933562e-05
1037,Vsir,Vis,Kidney,Podocytes,Up,1.84082976222806,5.74210618123733e-05
1038,Bok,Vis,Kidney,Podocytes,Up,1.06742416168902,6.01699933520764e-05
1039,Thy1,Vis,Kidney,Podocytes,Up,2.06764162124813,6.50912846132733e-05
1040,Car14,Vis,Kidney,Podocytes,Down,-1.31956218853862,6.50951387457149e-05
1041,Ugt2b38,Vis,Kidney,Podocytes,Down,-1.95810884644444,6.54055475088121e-05
1042,Arhgdib,Vis,Kidney,Podocytes,Up,1.15253770893129,6.9101629711172e-05
1043,Lsp1,Vis,Kidney,Podocytes,Up,1.54538929310771,7.29588466541289e-05
1044,H2-DMb1,Vis,Kidney,Podocytes,Up,1.20752981325806,7.65364643139545e-05
1045,Slc26a4,Vis,Kidney,Podocytes,Down,-1.71085916899034,8.66648418034383e-05
1046,Hcls1,Vis,Kidney,Podocytes,Up,1.92050452125982,8.90343623940682e-05
1047,Lcn2,Vis,Kidney,Podocytes,Up,4.29461537670221,9.02328035702865e-05
1048,Fabp7,Vis,Kidney,Podocytes,Down,-1.17348594247164,9.12042991203473e-05
1049,C4b,Vis,Kidney,Podocytes,Up,3.19897414584718,9.44960094958128e-05
1050,Tagln,Vis,Kidney,Podocytes,Up,1.16268352142826,9.51437836901802e-05
1051,Gm1673,Vis,Kidney,Podocytes,Up,1.14797817258108,0.0001153646368839
1052,Arrb2,Vis,Kidney,Podocytes,Up,1.16023662651825,0.0001200057931536
1053,Atp6v1b1,Vis,Kidney,Podocytes,Down,-1.02668731856049,0.0001315331825102
1054,Nat8f3,Vis,Kidney,Podocytes,Down,-1.52489103389866,0.000136255593653
1055,Ly6e,Vis,Kidney,Podocytes,Up,1.24821511495916,0.0001375139111041
1056,Cygb,Vis,Kidney,Podocytes,Up,1.85834964213483,0.000140940737254
1057,S100a4,Vis,Kidney,Podocytes,Up,1.88588504087432,0.000147864362331
1058,Wdfy4,Vis,Kidney,Podocytes,Up,1.51657190614362,0.0001501617679647
1059,Ccl19,Vis,Kidney,Podocytes,Up,1.67800161361151,0.0001639050158586
1060,Nat8f6,Vis,Kidney,Podocytes,Down,-1.74797439526252,0.0001646194975719
1061,AU020206,Vis,Kidney,Podocytes,Up,1.21381841488189,0.0001686555766805
1062,Smoc2,Vis,Kidney,Podocytes,Up,2.10922355203971,0.0001845025655579
1063,Atp6v1g3,Vis,Kidney,Podocytes,Down,-1.37072215821629,0.0001850852688133
1064,Rasa4,Vis,Kidney,Podocytes,Up,1.20529753995527,0.0002030566404369
1065,Pltp,Vis,Kidney,Podocytes,Up,1.8829495563629,0.0002033067266107
1066,Flna,Vis,Kidney,Podocytes,Up,1.01066893747646,0.0002172872713028
1067,Npy1r,Vis,Kidney,Podocytes,Up,2.30351190162934,0.0002229386505365
1068,Cpxm1,Vis,Kidney,Podocytes,Up,1.50255304107017,0.0002230092147688
1069,Gdf15,Vis,Kidney,Podocytes,Up,1.67091324423263,0.0002271154478365
1070,Tgfbi,Vis,Kidney,Podocytes,Up,1.53191540810667,0.0002377778310836
1071,Neat1,Vis,Kidney,Podocytes,Up,0.877182106527624,0.0002404231281628
1072,Fyb,Vis,Kidney,Podocytes,Up,0.786383167218122,0.0002404231281628
1073,Tcirg1,Vis,Kidney,Podocytes,Up,1.02648731885264,0.000243425991988
1074,Ccl5,Vis,Kidney,Podocytes,Up,1.914967763965,0.0002873824853058
1075,Ppp1r18,Vis,Kidney,Podocytes,Up,1.19444062894251,0.0002921744840955
1076,B3galnt1,Vis,Kidney,Podocytes,Down,-0.82770341142536,0.0002931820847016
1077,Prkcb,Vis,Kidney,Podocytes,Up,1.80455731110955,0.0002945681624528
1078,Fut8,Vis,Kidney,Podocytes,Down,-0.704345410818288,0.0003095216975879
1079,Hmgn2,Vis,Kidney,Podocytes,Down,-0.580000058100587,0.000332453203502
1080,Mrc1,Vis,Kidney,Podocytes,Up,2.16629810700273,0.0003564449457157
1081,Muc20,Vis,Kidney,Podocytes,Up,1.05294608747086,0.000365077652745
1082,Cp,Vis,Kidney,Podocytes,Up,1.77982427848729,0.0003750383601874
1083,Acmsd,Vis,Kidney,Podocytes,Down,-1.67819710284885,0.0004005387957478
1084,Sytl2,Vis,Kidney,Podocytes,Up,0.969083863218764,0.0004041688440163
1085,Oxgr1,Vis,Kidney,Podocytes,Down,-1.69192439952137,0.0004041688440163
1086,Bmp1,Vis,Kidney,Podocytes,Up,0.849704621338574,0.000436491986354
1087,Il34,Vis,Kidney,Podocytes,Up,1.60083087618047,0.0004971422956577
1088,Aoc1,Vis,Kidney,Podocytes,Up,2.35077537977506,0.0004992579651564
1089,Rrad,Vis,Kidney,Podocytes,Up,1.09800668717333,0.0004999272290376
1090,Slc4a9,Vis,Kidney,Podocytes,Down,-1.74256693222361,0.0005106409516019
1091,Jchain,Vis,Kidney,Podocytes,Up,5.18740580226381,0.0005427614027463
1092,Rcn3,Vis,Kidney,Podocytes,Up,1.1856641860093,0.0005569929914916
1093,Efemp2,Vis,Kidney,Podocytes,Up,1.08124320895251,0.0005613124847712
1094,Hebp1,Vis,Kidney,Podocytes,Down,-0.645855853341994,0.0005618251544305
1095,Degs2,Vis,Kidney,Podocytes,Down,-1.20978380216544,0.0005699430840809
1096,Cyfip2,Vis,Kidney,Podocytes,Up,0.719541822764966,0.0005754971874048
1097,Fat1,Vis,Kidney,Podocytes,Up,0.753694922095719,0.0005852690140495
1098,Car12,Vis,Kidney,Podocytes,Down,-1.7301360033227,0.0005852690140495
1099,Pou2f2,Vis,Kidney,Podocytes,Up,1.97946905711201,0.0006212007231109
1100,Dnm1,Vis,Kidney,Podocytes,Up,1.05622978088399,0.0006277637486169
1101,Ccl6,Vis,Kidney,Podocytes,Up,1.83805860752754,0.0006316802311412
1102,Sphk1,Vis,Kidney,Podocytes,Up,1.52952832488109,0.0006316802311412
1103,Ciita,Vis,Kidney,Podocytes,Up,1.47616386740946,0.0006375962008449
1104,Hacl1,Vis,Kidney,Podocytes,Down,-0.498198425807078,0.0006570131560071
1105,Frzb,Vis,Kidney,Podocytes,Up,2.12522289955614,0.0006611319472128
1106,Slc18a1,Vis,Kidney,Podocytes,Down,-0.799633919661402,0.0006806424661096
1107,Bcam,Vis,Kidney,Podocytes,Up,0.728760816880281,0.0006824294722078
1108,Flt3l,Vis,Kidney,Podocytes,Up,1.03348757096283,0.0006824294722078
1109,Egfl7,Vis,Kidney,Podocytes,Up,0.664586741089013,0.0006942118254138
1110,Pvalb,Vis,Kidney,Podocytes,Down,-1.74107416798243,0.0007232058982243
1111,Tbc1d9,Vis,Kidney,Podocytes,Up,0.918417626229134,0.0007259885081949
1112,Runx1,Vis,Kidney,Podocytes,Up,2.03946332503654,0.0007835624087595
1113,Stab1,Vis,Kidney,Podocytes,Up,1.16420974490978,0.0008028811821301
1114,Gm42067,Vis,Kidney,Podocytes,Down,-1.04643316206501,0.0008091004434831
1115,Slc22a28,Vis,Kidney,Podocytes,Down,-1.97557713479992,0.0008096628721714
1116,Lum,Vis,Kidney,Podocytes,Up,2.45909068114832,0.0008104782621844
1117,C3,Vis,Kidney,Podocytes,Up,1.89332329388427,0.0008327281846076
1118,Relb,Vis,Kidney,Podocytes,Up,1.23712608336481,0.0008861367269844
1119,Litaf,Vis,Kidney,Podocytes,Up,0.909946268739729,0.0009090301976611
1120,Rnf152,Vis,Kidney,Podocytes,Down,-0.882485218132839,0.0009801793957386
1121,Prelp,Vis,Kidney,Podocytes,Up,1.07266428540364,0.0010028914615221
1122,Agxt2,Vis,Kidney,Podocytes,Down,-1.0966920794596,0.0010092342269873
1123,S100g,Vis,Kidney,Podocytes,Down,-2.41549555299327,0.0010775905280076
1124,Cav1,Vis,Kidney,Podocytes,Down,-0.843487202148966,0.0010937770042248
1125,Arhgef25,Vis,Kidney,Podocytes,Up,0.933506524731997,0.0010954635793245
1126,Ass1,Vis,Kidney,Podocytes,Down,-1.31793545374915,0.0010954635793245
1127,Timp2,Vis,Kidney,Podocytes,Up,1.17452534741759,0.0011042050246649
1128,Slc51a,Vis,Kidney,Podocytes,Down,-1.09112700556223,0.0011212637228325
1129,Tnc,Vis,Kidney,Podocytes,Up,2.61220771622967,0.0011212637228325
1130,Slc22a22,Vis,Kidney,Podocytes,Down,-1.27949285885814,0.0011500141191544
1131,Dleu7,Vis,Kidney,Podocytes,Down,-1.9778786061932,0.0011682730304066
1132,Vldlr,Vis,Kidney,Podocytes,Down,-0.644792153665282,0.0011987610906963
1133,Ahnak,Vis,Kidney,Podocytes,Up,0.80984000057375,0.0012054759280675
1134,Rgs19,Vis,Kidney,Podocytes,Up,1.00081760039777,0.0012273153230447
1135,Aebp1,Vis,Kidney,Podocytes,Up,1.01672127543136,0.0012486916778289
1136,Osmr,Vis,Kidney,Podocytes,Up,1.67363927458648,0.0013019377749517
1137,Ace2,Vis,Kidney,Podocytes,Down,-0.763138214073533,0.0013418783557086
1138,Icam1,Vis,Kidney,Podocytes,Up,1.02268509658862,0.0013602575566556
1139,Kcne1,Vis,Kidney,Podocytes,Down,-1.72258703590758,0.0013647786774716
1140,Htr1b,Vis,Kidney,Podocytes,Up,2.15417329829091,0.0013755154547416
1141,Rnaseh2b,Vis,Kidney,Podocytes,Down,-0.57969511981219,0.0013854404927434
1142,Cyp2d12,Vis,Kidney,Podocytes,Up,1.46434540040705,0.001395587050076
1143,Lpar3,Vis,Kidney,Podocytes,Down,-1.42453089018679,0.0014761252884212
1144,Scn1b,Vis,Kidney,Podocytes,Up,0.808783953643221,0.0015302645807185
1145,Fzd5,Vis,Kidney,Podocytes,Down,-0.780843176704489,0.0015343254280913
1146,Naaladl2,Vis,Kidney,Podocytes,Up,1.97085100999563,0.0015731003021449
1147,Dnajc6,Vis,Kidney,Podocytes,Down,-0.652006671107339,0.0015940238453871
1148,Echdc1,Vis,Kidney,Podocytes,Down,-0.487077427688184,0.0017000003077811
1149,Cd24a,Vis,Kidney,Podocytes,Up,0.812152956523725,0.0017461379019508
1150,Matn2,Vis,Kidney,Podocytes,Up,1.19593100120742,0.0017826713789163
1151,Cited1,Vis,Kidney,Podocytes,Up,2.05149734081868,0.0017848277034235
1152,Trf,Vis,Kidney,Podocytes,Up,1.19465755765656,0.0017969075972394
1153,Camk2b,Vis,Kidney,Podocytes,Up,1.33816004806776,0.0018211520540207
1154,Fbln1,Vis,Kidney,Podocytes,Up,1.80649122048124,0.0018371690007613
1155,Slfn2,Vis,Kidney,Podocytes,Up,1.36779382487287,0.0018373734113734
1156,Elf4,Vis,Kidney,Podocytes,Up,1.35982713171396,0.0019104450483129
1157,Lig1,Vis,Kidney,Podocytes,Up,0.913381891491078,0.0019131808610477
1158,Axl,Vis,Kidney,Podocytes,Up,1.27998198949746,0.0020390582216609
1159,Trim30a,Vis,Kidney,Podocytes,Up,1.35453203070994,0.0020728366466892
1160,Rcsd1,Vis,Kidney,Podocytes,Up,0.699224632117892,0.0020728366466892
1161,Pigr,Vis,Kidney,Podocytes,Up,0.821763917701249,0.002098142662584
1162,Gm42047,Vis,Kidney,Podocytes,Up,2.86301547439343,0.0021076573146316
1163,Hlf,Vis,Kidney,Podocytes,Down,-0.579667182041364,0.0021496489921628
1164,Csrp1,Vis,Kidney,Podocytes,Up,0.847180966354269,0.0021988698849419
1165,Tnxb,Vis,Kidney,Podocytes,Up,0.867375923430454,0.0022785696627873
1166,Il4ra,Vis,Kidney,Podocytes,Up,0.721784694151684,0.0022795085649684
1167,Kynu,Vis,Kidney,Podocytes,Down,-1.46457546375933,0.0023328960589966
1168,Stard4,Vis,Kidney,Podocytes,Down,-0.709111773496979,0.0023634021645922
1169,Acsl3,Vis,Kidney,Podocytes,Down,-0.876718911495405,0.002374509885704
1170,Gata2,Vis,Kidney,Podocytes,Down,-0.932321130631977,0.0023998895328007
1171,Serpinb6a,Vis,Kidney,Podocytes,Up,0.849595922676625,0.0024159605167628
1172,Igha,Vis,Kidney,Podocytes,Up,4.87876475238823,0.0024159605167628
1173,Kcnip3,Vis,Kidney,Podocytes,Up,1.17606054637619,0.002436709590466
1174,Car4,Vis,Kidney,Podocytes,Down,-0.673835246020382,0.0024392684401763
1175,Lrg1,Vis,Kidney,Podocytes,Up,1.49415529939982,0.0025770658324904
1176,Lamb2,Vis,Kidney,Podocytes,Up,0.674626743043501,0.0026236723204003
1177,Spag5,Vis,Kidney,Podocytes,Up,1.30093914708488,0.0027848214917963
1178,Spidr,Vis,Kidney,Podocytes,Up,1.81385073185407,0.0027848214917963
1179,Slc22a23,Vis,Kidney,Podocytes,Down,-0.94585337382568,0.0027908997267797
1180,Hrct1,Vis,Kidney,Podocytes,Up,0.945006708062984,0.002823604060506
1181,Plekho2,Vis,Kidney,Podocytes,Up,1.23771799659467,0.0028287034030665
1182,Pah,Vis,Kidney,Podocytes,Down,-1.4843889330997,0.0028465532546565
1183,Aldh1a2,Vis,Kidney,Podocytes,Up,1.56659298265616,0.0028836446718459
1184,Kl,Vis,Kidney,Podocytes,Down,-1.19863387760059,0.0028836446718459
1185,Uba7,Vis,Kidney,Podocytes,Up,0.854471801093229,0.0029560166361704
1186,Serpina10,Vis,Kidney,Podocytes,Up,2.81846097755054,0.0030959750359497
1187,Vegfd,Vis,Kidney,Podocytes,Up,1.18866500498854,0.0032006966148558
1188,Inpp5d,Vis,Kidney,Podocytes,Up,1.33787906228701,0.0032147390892757
1189,Dtx4,Vis,Kidney,Podocytes,Up,1.02496331777689,0.0032486559361278
1190,Tmem45a,Vis,Kidney,Podocytes,Up,1.4443258375289,0.0033012452666961
1191,Slc22a29,Vis,Kidney,Podocytes,Down,-0.76555644161751,0.003389687561427
1192,Adamts2,Vis,Kidney,Podocytes,Up,1.35239282242118,0.0033936746240716
1193,Cmtm8,Vis,Kidney,Podocytes,Down,-0.706118035067239,0.0034476900450672
1194,Glipr2,Vis,Kidney,Podocytes,Up,1.12536953673247,0.0034902867539707
1195,St6galnac4,Vis,Kidney,Podocytes,Up,0.909167684285088,0.0034902867539707
1196,Esam,Vis,Kidney,Podocytes,Up,0.651306574851541,0.0034902867539707
1197,Hacd1,Vis,Kidney,Podocytes,Down,-0.641787058136192,0.003548612703083
1198,Eln,Vis,Kidney,Podocytes,Up,1.27565230161784,0.0035487749628511
1199,Slc34a3,Vis,Kidney,Podocytes,Down,-1.60476401667922,0.003574674355883
1200,Ctla2a,Vis,Kidney,Podocytes,Up,0.733492235684887,0.0036577696076845
1201,Cxcl16,Vis,Kidney,Podocytes,Up,0.922056906735973,0.0037014781210061
1202,Fes,Vis,Kidney,Podocytes,Up,1.07976397935801,0.0037590437334502
1203,Dpysl3,Vis,Kidney,Podocytes,Up,1.49446336704722,0.0038256293330588
1204,Acyp1,Vis,Kidney,Podocytes,Down,-0.584979215852786,0.0039158530073638
1205,B4galnt1,Vis,Kidney,Podocytes,Up,1.04699831172055,0.0039607596981456
1206,Ube2u,Vis,Kidney,Podocytes,Down,-0.888377870805324,0.0040341788274876
1207,Pdss1,Vis,Kidney,Podocytes,Down,-0.8576563502159,0.0040341788274876
1208,Mttp,Vis,Kidney,Podocytes,Down,-0.795699297102694,0.0041186475265319
1209,Snhg11,Vis,Kidney,Podocytes,Up,1.21005724498996,0.0041555254333478
1210,Gng2,Vis,Kidney,Podocytes,Up,1.08191049897302,0.0041839443044648
1211,Grem2,Vis,Kidney,Podocytes,Up,1.27753489826693,0.0042220393282674
1212,Cx3cr1,Vis,Kidney,Podocytes,Up,1.59703396697114,0.0042220393282674
1213,Akr1c21,Vis,Kidney,Podocytes,Down,-1.34003767328109,0.0043083690394287
1214,Acsm2,Vis,Kidney,Podocytes,Down,-1.30517535289003,0.0043488283720914
1215,Tmem42,Vis,Kidney,Podocytes,Down,-0.571945954515188,0.004360204840818
1216,Krt10,Vis,Kidney,Podocytes,Down,-0.786476344399163,0.0043694062083937
1217,Spon1,Vis,Kidney,Podocytes,Up,1.60273388556685,0.0044877089072412
1218,Suox,Vis,Kidney,Podocytes,Down,-0.941896710683385,0.0047638784090737
1219,Dclk2,Vis,Kidney,Podocytes,Up,1.11166875441089,0.0049291744564023
1220,Pkd1,Vis,Kidney,Podocytes,Up,0.62654892536285,0.0049781762097344
1221,Asb9,Vis,Kidney,Podocytes,Down,-0.803594827617038,0.0049924153535682
1222,Icosl,Vis,Kidney,Podocytes,Up,0.687637553270778,0.0050278356820862
1223,Eif6,Vis,Kidney,Podocytes,Up,0.610611291494122,0.0051159668229494
1224,Fbln7,Vis,Kidney,Podocytes,Up,1.0533006514216,0.0053822511969004
1225,Apoe,Vis,Kidney,Podocytes,Up,0.900469088620622,0.0054470725393295
1226,Myo9b,Vis,Kidney,Podocytes,Up,0.684107935758759,0.0054515564219647
1227,Hsd17b14,Vis,Kidney,Podocytes,Up,1.98649052435655,0.0055775999961099
1228,Sp110,Vis,Kidney,Podocytes,Up,1.39052484337098,0.0056851658338606
1229,Ptger4,Vis,Kidney,Podocytes,Up,1.07846417686829,0.0058310904284093
1230,Wdr72,Vis,Kidney,Podocytes,Down,-0.967125844517407,0.005851722043086
1231,Ces1e,Vis,Kidney,Podocytes,Down,-1.74795181845279,0.0059552682462821
1232,Tstd3,Vis,Kidney,Podocytes,Down,-0.599660885377672,0.0060285970648886
1233,Afmid,Vis,Kidney,Podocytes,Down,-1.16465087432289,0.0060306755098933
1234,Phyhipl,Vis,Kidney,Podocytes,Down,-0.496735160540461,0.0061333639063895
1235,Itpr3,Vis,Kidney,Podocytes,Up,0.996713707432244,0.0062000565124262
1236,Arhgap15,Vis,Kidney,Podocytes,Up,1.39675093114315,0.0062228194982721
1237,Lyrm4,Vis,Kidney,Podocytes,Down,-0.644456071716987,0.0062387981281378
1238,Nmrk1,Vis,Kidney,Podocytes,Down,-0.418898532810948,0.0063655702868273
1239,Uchl1,Vis,Kidney,Podocytes,Up,1.01726449725405,0.006445900872395
1240,Ifi35,Vis,Kidney,Podocytes,Up,0.639778110075657,0.0067063271665455
1241,Ripor3,Vis,Kidney,Podocytes,Up,0.780121192277735,0.0068285069253327
1242,Erlin1,Vis,Kidney,Podocytes,Down,-0.615723353158825,0.0071329242563081
1243,Pdgfc,Vis,Kidney,Podocytes,Down,-0.780086347958191,0.0071442084216086
1244,Cks2,Vis,Kidney,Podocytes,Down,-0.738995776493152,0.0073117587718179
1245,Psph,Vis,Kidney,Podocytes,Down,-0.571880265042146,0.0073684272108996
1246,Avpr1a,Vis,Kidney,Podocytes,Down,-0.944522766523358,0.0074519326520776
1247,Mpzl2,Vis,Kidney,Podocytes,Down,-0.692405857461267,0.0075123447042807
1248,C1ra,Vis,Kidney,Podocytes,Up,0.978011777763448,0.0075873504714521
1249,Clca3a1,Vis,Kidney,Podocytes,Up,1.50484200712971,0.0078890776658743
1250,Stat3,Vis,Kidney,Podocytes,Up,0.666625619379143,0.0080084289359984
1251,Lrrk1,Vis,Kidney,Podocytes,Up,0.682354383159599,0.0085915766900696
1252,Defb42,Vis,Kidney,Podocytes,Up,1.15283882334713,0.0086203401253251
1253,Nabp1,Vis,Kidney,Podocytes,Down,-0.691844862744073,0.0086380113079692
1254,Man1c1,Vis,Kidney,Podocytes,Up,1.10612443846711,0.0086404423133016
1255,Lfng,Vis,Kidney,Podocytes,Up,1.27798029188299,0.0086458506313934
1256,Xrcc5,Vis,Kidney,Podocytes,Down,-0.53829183675309,0.008781154725904
1257,Arrb1,Vis,Kidney,Podocytes,Up,0.586410501326318,0.008796192919615
1258,Dnajc28,Vis,Kidney,Podocytes,Down,-0.689038160050643,0.0088533658960737
1259,Sms,Vis,Kidney,Podocytes,Down,-0.692444724839611,0.0088596104511877
1260,Col18a1,Vis,Kidney,Podocytes,Up,0.857110011934032,0.0088927577678166
1261,Lox,Vis,Kidney,Podocytes,Up,2.55933187413522,0.0089143986023931
1262,Il33,Vis,Kidney,Podocytes,Up,1.31253789006659,0.0090653431438501
1263,Ropn1l,Vis,Kidney,Podocytes,Down,-0.752610705433923,0.0090722180119261
1264,Emc10,Vis,Kidney,Podocytes,Up,0.542167086751183,0.0090789170087849
1265,Setd4,Vis,Kidney,Podocytes,Up,1.06334493031474,0.0090952205506406
1266,Cpm,Vis,Kidney,Podocytes,Down,-0.546306688482702,0.0091138925427171
1267,Habp2,Vis,Kidney,Podocytes,Down,-0.985273868128837,0.009339782885889
1268,Mob3a,Vis,Kidney,Podocytes,Up,0.919994473303972,0.0094402018854927
1269,Rtn1,Vis,Kidney,Podocytes,Up,1.36162866387725,0.0096431251870759
1270,Vwf,Vis,Kidney,Podocytes,Up,1.49256007214062,0.0097360716063137
1271,Abca7,Vis,Kidney,Podocytes,Up,0.48624435902198,0.0098259372357644
1272,Pim1,Vis,Kidney,Podocytes,Up,1.05415969136281,0.0103053759266486
1273,Synpo2,Vis,Kidney,Podocytes,Up,1.20640745713593,0.0104566794986809
1274,Fam107b,Vis,Kidney,Podocytes,Down,-0.54933353435031,0.0107226816428231
1275,Olfm3,Vis,Kidney,Podocytes,Down,-1.14880923793804,0.0109457297188945
1276,Hoxb5os,Vis,Kidney,Podocytes,Down,-0.729434866596523,0.0114333358245183
1277,Nat8f1,Vis,Kidney,Podocytes,Down,-0.847358963055456,0.0121927233872577
1278,Cpne8,Vis,Kidney,Podocytes,Up,0.687325513684308,0.0122079184452209
1279,Serpinb1a,Vis,Kidney,Podocytes,Down,-0.629701017748226,0.0123721918448477
1280,Csf1r,Vis,Kidney,Podocytes,Up,1.28089462625705,0.0123721918448477
1281,Enpp6,Vis,Kidney,Podocytes,Down,-1.13794733403334,0.0124387078933266
1282,Lamc3,Vis,Kidney,Podocytes,Up,0.723749716985298,0.0126199999092153
1283,Cmbl,Vis,Kidney,Podocytes,Down,-0.790826986555934,0.0126482566439854
1284,Adamtsl1,Vis,Kidney,Podocytes,Up,1.19990091542637,0.0128488960023659
1285,Cd93,Vis,Kidney,Podocytes,Up,1.01042217633756,0.0130345786862705
1286,Sucnr1,Vis,Kidney,Podocytes,Down,-1.17068185975189,0.0131206263722957
1287,Mgat3,Vis,Kidney,Podocytes,Down,-0.53064527260109,0.0132019336757447
1288,Apip,Vis,Kidney,Podocytes,Down,-0.554763978239548,0.0134279251543026
1289,1810024B03Rik,Vis,Kidney,Podocytes,Down,-0.824273192532333,0.0134279251543026
1290,Samd4,Vis,Kidney,Podocytes,Up,1.27566118430591,0.0139731999473815
1291,Glrx,Vis,Kidney,Podocytes,Down,-0.776936527763062,0.014092134141451
1292,Hsd11b2,Vis,Kidney,Podocytes,Down,-0.799642466357049,0.0142057464542257
1293,Rftn1,Vis,Kidney,Podocytes,Up,0.965956458468663,0.0142245449549279
1294,Atp8b4,Vis,Kidney,Podocytes,Up,1.20593483421366,0.0142606902751566
1295,Cela1,Vis,Kidney,Podocytes,Down,-0.924506398816047,0.0143530035349354
1296,Akr1e1,Vis,Kidney,Podocytes,Down,-0.56756564915215,0.0143646522181719
1297,Tubb2b,Vis,Kidney,Podocytes,Up,0.612761284093661,0.0146368038061538
1298,Slc34a1,Vis,Kidney,Podocytes,Down,-0.988135043225176,0.0152536404388262
1299,Pkm,Vis,Kidney,Podocytes,Up,0.525608980723742,0.0152953471565028
1300,D630023F18Rik,Vis,Kidney,Podocytes,Down,-1.32203556330637,0.0157308981811397
1301,Negr1,Vis,Kidney,Podocytes,Up,1.33365912021845,0.0160400466985139
1302,Gm44386,Vis,Kidney,Podocytes,Down,-0.642047285579567,0.0160400466985139
1303,Sulf1,Vis,Kidney,Podocytes,Up,1.22703921843464,0.0161113912567183
1304,Kcnab1,Vis,Kidney,Podocytes,Up,1.41688430225993,0.0163070089492823
1305,Fosl2,Vis,Kidney,Podocytes,Up,0.855471753857261,0.0167352082089696
1306,Ptpre,Vis,Kidney,Podocytes,Up,1.20084309094979,0.0167463800042999
1307,Ildr2,Vis,Kidney,Podocytes,Down,-0.981211638144771,0.01695286722239
1308,Oasl2,Vis,Kidney,Podocytes,Up,1.10985823607855,0.0170252190488672
1309,Acvrl1,Vis,Kidney,Podocytes,Up,0.704393405952938,0.0170829349464393
1310,Flot1,Vis,Kidney,Podocytes,Up,0.502924011306672,0.0178985039418995
1311,D030045P18Rik,Vis,Kidney,Podocytes,Up,1.82808862948508,0.0180280184919663
1312,Tnfaip8,Vis,Kidney,Podocytes,Down,-0.928727750226223,0.0180419441198667
1313,Asl,Vis,Kidney,Podocytes,Down,-0.777278356687692,0.018138148854545
1314,Atp23,Vis,Kidney,Podocytes,Down,-0.544083757533411,0.0183436651922973
1315,Mrpl47,Vis,Kidney,Podocytes,Down,-0.500301762687034,0.0184900115328143
1316,Slc4a11,Vis,Kidney,Podocytes,Up,2.20428927201999,0.0192309623670859
1317,Nbl1,Vis,Kidney,Podocytes,Up,0.939481036648872,0.019570711525443
1318,Stap2,Vis,Kidney,Podocytes,Up,0.624325815277288,0.0201532608671566
1319,Birc3,Vis,Kidney,Podocytes,Up,0.978808768976238,0.0205984524500399
1320,Acss1,Vis,Kidney,Podocytes,Down,-0.925935714969575,0.0207625285062218
1321,Slc22a8,Vis,Kidney,Podocytes,Down,-0.993341972359661,0.0207625285062218
1322,Clec2h,Vis,Kidney,Podocytes,Down,-1.44127352834108,0.020780775341234
1323,Slc5a2,Vis,Kidney,Podocytes,Down,-1.06553825367881,0.0213063972002675
1324,Ddr2,Vis,Kidney,Podocytes,Up,1.11171455311352,0.0213063972002675
1325,Yars2,Vis,Kidney,Podocytes,Down,-0.553436650734812,0.0217198425408021
1326,Nudt2,Vis,Kidney,Podocytes,Down,-0.483312596182723,0.0220223918466339
1327,Plekha2,Vis,Kidney,Podocytes,Up,0.845627233222733,0.0220766676467598
1328,Ift57,Vis,Kidney,Podocytes,Down,-0.481368192630021,0.0221346398679633
1329,Dhfr,Vis,Kidney,Podocytes,Down,-0.535545435241646,0.0224773133346172
1330,Trp53i11,Vis,Kidney,Podocytes,Up,0.775132592035929,0.0229079289931125
1331,Ehmt2,Vis,Kidney,Podocytes,Up,0.402663406334326,0.0239160226675373
1332,Slc16a12,Vis,Kidney,Podocytes,Down,-0.717568886742797,0.0239201973777101
1333,Nisch,Vis,Kidney,Podocytes,Up,0.523489237227079,0.0239395954601011
1334,Ptgis,Vis,Kidney,Podocytes,Up,0.749405619015819,0.0239721578085416
1335,Tbx2,Vis,Kidney,Podocytes,Down,-0.707169064496363,0.0242079026195114
1336,Ubash3b,Vis,Kidney,Podocytes,Up,0.824094177139571,0.0245843899838199
1337,Sectm1b,Vis,Kidney,Podocytes,Down,-1.18467915475758,0.0249800265387669
1338,Bnip2,Vis,Kidney,Podocytes,Up,0.55185913588194,0.0250185766508667
1339,Mxra7,Vis,Kidney,Podocytes,Up,0.699212896000709,0.0252483786523928
1340,Cers4,Vis,Kidney,Podocytes,Up,0.586823908632134,0.0254740094371634
1341,Egr1,Vis,Kidney,Podocytes,Up,0.658635728512638,0.0256596304017004
1342,Pcdh12,Vis,Kidney,Podocytes,Up,0.618937777922217,0.0256596304017004
1343,Fam185a,Vis,Kidney,Podocytes,Down,-0.605449789481214,0.0257401393715671
1344,Tmem39b,Vis,Kidney,Podocytes,Down,-0.551197242353332,0.0258370892817728
1345,Slc7a8,Vis,Kidney,Podocytes,Down,-1.23048311848452,0.0258370892817728
1346,Osr2,Vis,Kidney,Podocytes,Down,-1.21567986991263,0.0259442527851361
1347,Ccdc58,Vis,Kidney,Podocytes,Down,-0.499672683017306,0.026088816041208
1348,Agrn,Vis,Kidney,Podocytes,Up,0.564782244843515,0.026433630359561
1349,Cyp2d9,Vis,Kidney,Podocytes,Up,1.86515197620242,0.0264627557610736
1350,Tor3a,Vis,Kidney,Podocytes,Up,0.572315634703935,0.0271343691015788
1351,Timm9,Vis,Kidney,Podocytes,Down,-0.522466406279008,0.0274546705906401
1352,Rnasek,Vis,Kidney,Podocytes,Down,-0.885137814642308,0.0286594860763214
1353,Sap30,Vis,Kidney,Podocytes,Down,-0.453039653987649,0.0288947238650811
1354,Arrdc1,Vis,Kidney,Podocytes,Up,0.734470229843851,0.029345510016332
1355,Kctd10,Vis,Kidney,Podocytes,Up,0.554211847088865,0.0293455912499459
1356,Pla2g15,Vis,Kidney,Podocytes,Up,0.698337955413779,0.0296668076620535
1357,Dhrs7,Vis,Kidney,Podocytes,Down,-0.549268340550519,0.0300722827876983
1358,Fkbp5,Vis,Kidney,Podocytes,Up,0.620009091524556,0.03009416131987
1359,Cndp1,Vis,Kidney,Podocytes,Down,-0.874747055724684,0.0303419253474727
1360,Plec,Vis,Kidney,Podocytes,Up,0.65324262047549,0.0305283858183949
1361,Miox,Vis,Kidney,Podocytes,Down,-1.05990671869636,0.0306524285825978
1362,Iqcg,Vis,Kidney,Podocytes,Down,-0.849878066404614,0.0308376930016228
1363,Bex4,Vis,Kidney,Podocytes,Down,-1.01539229304577,0.031062335339301
1364,Fam136a,Vis,Kidney,Podocytes,Down,-0.487637640224136,0.0312448768562984
1365,Sytl4,Vis,Kidney,Podocytes,Up,0.550771915856569,0.0315448683648245
1366,Nox4,Vis,Kidney,Podocytes,Down,-1.12897374600533,0.0316978034871116
1367,Adra1b,Vis,Kidney,Podocytes,Up,0.899250703758647,0.0318121775493428
1368,Slc2a2,Vis,Kidney,Podocytes,Down,-0.772508132098933,0.0339990744207914
1369,Rasgef1b,Vis,Kidney,Podocytes,Up,0.708720554795374,0.0348981978931174
1370,Col15a1,Vis,Kidney,Podocytes,Up,0.791713559016929,0.0349054135532934
1371,0610006L08Rik,Vis,Kidney,Podocytes,Down,-0.635448810586077,0.0349842031853896
1372,Map1b,Vis,Kidney,Podocytes,Up,0.915555634699629,0.035607755081171
1373,Cryl1,Vis,Kidney,Podocytes,Down,-0.574720700792262,0.035607755081171
1374,Atf5,Vis,Kidney,Podocytes,Up,0.555453550906335,0.035977469383985
1375,Acot3,Vis,Kidney,Podocytes,Down,-0.73165016421546,0.0380439565019093
1376,Gpihbp1,Vis,Kidney,Podocytes,Up,0.880762457660868,0.0381899611819364
1377,Sult1c2,Vis,Kidney,Podocytes,Down,-0.700108110498833,0.0385971069923703
1378,Skap1,Vis,Kidney,Podocytes,Up,0.89815894153094,0.0393775491237883
1379,Mical1,Vis,Kidney,Podocytes,Up,0.751466541257625,0.0393845488992615
1380,Wbp1l,Vis,Kidney,Podocytes,Up,0.374069639390273,0.0396659349396551
1381,Dync1h1,Vis,Kidney,Podocytes,Up,0.429448039449807,0.040183097379011
1382,Alpl,Vis,Kidney,Podocytes,Down,-0.848418644659026,0.0403229536766213
1383,Galnt15,Vis,Kidney,Podocytes,Up,0.863316230245603,0.0403229536766213
1384,Alg2,Vis,Kidney,Podocytes,Down,-0.513719872525592,0.0403229536766213
1385,Apoa2,Vis,Kidney,Podocytes,Down,-0.528370085218357,0.0411174633370161
1386,Rpf2,Vis,Kidney,Podocytes,Down,-0.4605219262182,0.0419140131067203
1387,Igsf11,Vis,Kidney,Podocytes,Down,-0.821505408330169,0.0419140131067203
1388,St3gal5,Vis,Kidney,Podocytes,Up,0.743523875292015,0.0419140131067203
1389,1190007I07Rik,Vis,Kidney,Podocytes,Down,-0.564070117149178,0.0420918586331787
1390,Gatm,Vis,Kidney,Podocytes,Down,-0.946799631852983,0.0421803886085868
1391,Rrbp1,Vis,Kidney,Podocytes,Up,0.466637813450742,0.043631043357328
1392,Mrps31,Vis,Kidney,Podocytes,Down,-0.522201930565846,0.0438097107482535
1393,Folh1,Vis,Kidney,Podocytes,Down,-1.09023507888297,0.0438597034085486
1394,S1pr2,Vis,Kidney,Podocytes,Up,0.870410223524241,0.0441898399913627
1395,Gpr182,Vis,Kidney,Podocytes,Up,0.723389369920063,0.0451353760534446
1396,Pea15a,Vis,Kidney,Podocytes,Up,0.611998082483666,0.0453406866812155
1397,Inf2,Vis,Kidney,Podocytes,Up,0.81134843448548,0.0454848011406363
1398,Sema3f,Vis,Kidney,Podocytes,Up,0.594656835423016,0.0459886940277872
1399,Uroc1,Vis,Kidney,Podocytes,Down,-0.942106831153625,0.0470361516523226
1400,Idh1,Vis,Kidney,Podocytes,Down,-0.878598758009253,0.0477798184137408
1401,Pdlim7,Vis,Kidney,Podocytes,Up,0.734854048960439,0.0486893758202901
1402,Tnip1,Vis,Kidney,Podocytes,Up,0.462258349450049,0.0495452999142568
1403,C1qb,Vis,Kidney,Collecting_Duct_Epi,Up,2.55031403737846,3.84134984650031e-11
1404,Hdc,Vis,Kidney,Collecting_Duct_Epi,Up,2.7747762605586,5.71450785900959e-08
1405,Cd74,Vis,Kidney,Collecting_Duct_Epi,Up,1.7373287236501,5.66890578095781e-06
1406,Inmt,Vis,Kidney,Collecting_Duct_Epi,Down,-1.83181127145765,1.17116877214506e-05
1407,Car12,Vis,Kidney,Collecting_Duct_Epi,Down,-1.51159789466712,1.19115089578249e-05
1408,Apoe,Vis,Kidney,Collecting_Duct_Epi,Up,1.4091050110547,2.90686968163044e-05
1409,Serping1,Vis,Kidney,Collecting_Duct_Epi,Up,1.20433847632402,4.6662318507247e-05
1410,Insrr,Vis,Kidney,Collecting_Duct_Epi,Down,-1.31389713562667,8.51569961522658e-05
1411,Lrp1,Vis,Kidney,Collecting_Duct_Epi,Up,1.48204383216503,9.23532530461382e-05
1412,Hsd11b2,Vis,Kidney,Collecting_Duct_Epi,Down,-0.96447338833891,9.39880387867595e-05
1413,Ighm,Vis,Kidney,Collecting_Duct_Epi,Up,5.6120177536668,0.0001746160785677
1414,Ass1,Vis,Kidney,Collecting_Duct_Epi,Down,-1.06789100578445,0.0001814732992008
1415,Kcne1,Vis,Kidney,Collecting_Duct_Epi,Down,-1.30634905092392,0.000465107435745
1416,C1qa,Vis,Kidney,Collecting_Duct_Epi,Up,2.54532807680166,0.0005082356831198
1417,Pah,Vis,Kidney,Collecting_Duct_Epi,Down,-0.872589334366017,0.0006142705251102
1418,Eps8,Vis,Kidney,Collecting_Duct_Epi,Down,-1.0823661099887,0.0018743539670324
1419,Acsm2,Vis,Kidney,Collecting_Duct_Epi,Down,-0.88979499009482,0.0019818095938548
1420,Lyz2,Vis,Kidney,Collecting_Duct_Epi,Up,2.4996969389395,0.0020949929303419
1421,Cav1,Vis,Kidney,Collecting_Duct_Epi,Down,-0.926876339937395,0.0021033154950168
1422,Atp6v1g3,Vis,Kidney,Collecting_Duct_Epi,Down,-0.904576431411928,0.0025607281984492
1423,Akr1c21,Vis,Kidney,Collecting_Duct_Epi,Down,-0.877458616021708,0.0034695406253323
1424,Serpinb1a,Vis,Kidney,Collecting_Duct_Epi,Down,-1.1554825779819,0.0034695406253323
1425,Atp6v0d2,Vis,Kidney,Collecting_Duct_Epi,Down,-0.847049293365481,0.0042208686118976
1426,Slc4a9,Vis,Kidney,Collecting_Duct_Epi,Down,-1.08977952248894,0.0049159624891516
1427,Csf1r,Vis,Kidney,Collecting_Duct_Epi,Up,1.53777357891498,0.0053787964905857
1428,Cd24a,Vis,Kidney,Collecting_Duct_Epi,Up,0.862115262847397,0.0054588655571701
1429,Cyp2d12,Vis,Kidney,Collecting_Duct_Epi,Up,1.53227337573769,0.006223633255541
1430,Nat8f1,Vis,Kidney,Collecting_Duct_Epi,Down,-0.75034165074877,0.0072733248007131
1431,Rhcg,Vis,Kidney,Collecting_Duct_Epi,Down,-0.776286110577413,0.007541840874132
1432,Car2,Vis,Kidney,Collecting_Duct_Epi,Down,-0.751349266408158,0.0081001117601926
1433,Serpinb6a,Vis,Kidney,Collecting_Duct_Epi,Up,0.909598992501792,0.0133239488212438
1434,Bgn,Vis,Kidney,Collecting_Duct_Epi,Up,1.46167432559329,0.0133239488212438
1435,Cyp2j6,Vis,Kidney,Collecting_Duct_Epi,Down,-0.954854570045104,0.0133239488212438
1436,Slc9a8,Vis,Kidney,Collecting_Duct_Epi,Up,1.17562677845776,0.01530337416904
1437,Krt8,Vis,Kidney,Collecting_Duct_Epi,Up,0.803166788263238,0.0156570149845878
1438,Miox,Vis,Kidney,Collecting_Duct_Epi,Down,-0.73314984018873,0.0202354586026945
1439,Il6st,Vis,Kidney,Collecting_Duct_Epi,Up,0.915997060698118,0.0277252254402603
1440,Aebp1,Vis,Kidney,Collecting_Duct_Epi,Up,0.837343129405028,0.0291763905482096
1441,Cystm1,Vis,Kidney,Collecting_Duct_Epi,Down,-0.652113849231862,0.0331890801815258
1442,Glyat,Vis,Kidney,Collecting_Duct_Epi,Down,-0.659286994501645,0.0349830441428441
1443,Pipox,Vis,Kidney,Collecting_Duct_Epi,Down,-0.984099193792266,0.0371387744292856
1444,Gata2,Vis,Kidney,Collecting_Duct_Epi,Down,-0.818070429281446,0.042042440006831
1445,Abr,Vis,Kidney,Collecting_Duct_Epi,Down,-0.753846645953741,0.042042440006831
1446,Slc4a4,Vis,Kidney,Collecting_Duct_Epi,Down,-0.638850273460876,0.0455797329374427
1447,Slc16a5,Vis,Kidney,Collecting_Duct_Epi,Down,-1.06764325852139,0.0472291426421865
1448,Kl,Vis,Kidney,Collecting_Duct_Epi,Down,-0.740814664334167,0.0485480506531991
1449,Exoc3l4,Vis,Kidney,Collecting_Duct_Epi,Down,-0.799415295332008,0.0492234204355536
1450,C1qb,Vis,Kidney,Distal_Conv_Epi,Up,2.74383601477044,5.2685475309491e-07
1451,Lyz2,Vis,Kidney,Distal_Conv_Epi,Up,3.10897230303366,5.2685475309491e-07
1452,Cd74,Vis,Kidney,Distal_Conv_Epi,Up,2.21973647796107,2.21953098671249e-05
1453,C1qa,Vis,Kidney,Distal_Conv_Epi,Up,2.6873033367556,2.51855487421153e-05
1454,Bgn,Vis,Kidney,Distal_Conv_Epi,Up,2.01106774372525,8.44880278300322e-05
1455,Hdc,Vis,Kidney,Distal_Conv_Epi,Up,2.98388283369758,0.0002165973185474
1456,Serping1,Vis,Kidney,Distal_Conv_Epi,Up,1.70380528742392,0.0002337234681386
1457,Pigr,Vis,Kidney,Distal_Conv_Epi,Up,2.03942096217616,0.0009429432578677
1458,Agrn,Vis,Kidney,Distal_Conv_Epi,Up,1.66703559984771,0.0018999787562233
1459,Capg,Vis,Kidney,Distal_Conv_Epi,Up,2.24088659848853,0.0027451671527523
1460,Cyp2d12,Vis,Kidney,Distal_Conv_Epi,Up,2.34047284642752,0.0057896886961748
1461,Slc6a18,Vis,Kidney,Distal_Conv_Epi,Up,1.41869119624075,0.0100700052564604
1462,Fxyd5,Vis,Kidney,Distal_Conv_Epi,Up,1.84663057010532,0.0100700052564604
1463,Timp2,Vis,Kidney,Distal_Conv_Epi,Up,1.26303802232996,0.0231536486829528
1464,Vegfd,Vis,Kidney,Distal_Conv_Epi,Up,1.24194847640522,0.0255701180903768
1465,Cd24a,Vis,Kidney,Distal_Conv_Epi,Up,1.07331676257699,0.037926904842453
1466,Fgf1,Vis,Kidney,Distal_Conv_Epi,Up,1.1211520605835,0.0416844745013512
1467,Aebp1,Vis,Kidney,Distal_Conv_Epi,Up,0.991555686715547,0.0429739302120355
1468,C3,Vis,,,Up,8.9947204610738,0.0303104910543347
1469,Akr1c18,Vis,,,Down,-3.11055490756737,0.0021906861824333
1470,Bgn,Vis,,,Up,1.47771384816686,0.0052967941985165
1471,Apoe,Vis,,,Up,1.32735675296502,0.0105662549997781
1472,Aqp2,Vis,Kidney,Fibroblast,Up,1.89213421246488,0.0004538853933527
1473,Tkt,Vis,Kidney,Fibroblast,Down,-1.49051118443438,0.0014515798982882
1474,Scd1,Vis,Kidney,Fibroblast,Down,-2.15131966821297,0.0024369298721122
1475,Cfh,Vis,Kidney,Fibroblast,Up,1.97819038142703,0.0063071155292624
1476,Atp1a1,Vis,Kidney,Fibroblast,Up,1.08052062395325,0.008063748828554
1477,Dbi,Vis,Kidney,Fibroblast,Down,-1.04073590921198,0.0090271058387871
1478,Fabp4,Vis,Kidney,Fibroblast,Down,-2.11217707823129,0.011971355365427
1479,Car3,Vis,Kidney,Fibroblast,Down,-2.35305686176999,0.0251982366423898
1480,Fmc1,Vis,Kidney,Fibroblast,Down,-1.22221137232993,0.0277124746808786
1481,Hba-a2,Vis,Kidney,Fibroblast,Down,-2.84991121922959,0.0394079305152083
1482,Hba-a1,Vis,Kidney,Fibroblast,Down,-2.41527428234217,0.0406854495223503
1483,Cox6b1,Vis,Kidney,Messangial_cells,Down,-0.872789041006471,0.0215848078396059
1484,Sypl,ST,Spleen,Bcell,Up,-0.739577981897474,0.0021514407976882
1485,Ighg2b,ST,Spleen,Bcell,Up,-1.9760925207691,0.0032219751197298
1486,Macf1,ST,Spleen,Bcell,Down,0.674043354772773,0.0261969269712451
1487,Mzb1,ST,Spleen,Erythroblast,Up,-1.86133107363155,0.0001205739797667
1488,Jchain,ST,Spleen,Erythroblast,Up,-2.63916701384101,0.0003313653752426
1489,Herpud1,ST,Spleen,Erythroblast,Up,-1.40666431912138,0.0008121498068954
1490,Irf4,ST,Spleen,Erythroblast,Up,-1.68571124810318,0.0019680706704782
1491,Edem1,ST,Spleen,Erythroblast,Up,-1.39491807065918,0.0026501075120369
1492,Hsp90b1,ST,Spleen,Erythroblast,Up,-1.11684300321133,0.0102820774869353
1493,Xbp1,ST,Spleen,Erythroblast,Up,-1.38134749012661,0.0172613857510856
1494,Ighg2b,ST,Spleen,Erythroblast,Up,-1.79676178902703,0.0327005309609452
1495,Trp53inp1,ST,Spleen,Erythroblast,Up,-1.11258609106836,0.0336166954811226
1496,Ighm,ST,Spleen,Erythroblast,Up,-2.01024313707646,0.04937142741856
1497,Jchain,ST,Spleen,Macrophage,Up,-2.15871866389935,2.86172142889563e-06
1498,Ighg3,ST,Spleen,Macrophage,Up,-1.98090200320931,1.2724885709055e-05
1499,Mzb1,ST,Spleen,Macrophage,Up,-1.40821027403832,2.25187632461556e-05
1500,Spcs1,ST,Spleen,Macrophage,Up,-1.21660875938054,3.00961582148792e-05
1501,Ighg2b,ST,Spleen,Macrophage,Up,-2.82247562300569,4.11998823043818e-05
1502,Hsp90b1,ST,Spleen,Macrophage,Up,-0.99842717767026,0.0016443321802392
1503,Edem1,ST,Spleen,Macrophage,Up,-1.18066735280751,0.0019823877529097
1504,Manf,ST,Spleen,Macrophage,Up,-1.02427258992021,0.0019823877529097
1505,Irf4,ST,Spleen,Macrophage,Up,-0.90210081319135,0.0071407106368709
1506,Trp53inp1,ST,Spleen,Macrophage,Up,-0.913402836086796,0.0072566788846967
1507,Xbp1,ST,Spleen,Macrophage,Up,-1.09637760284319,0.0123425110278069
1508,Ighm,ST,Spleen,Macrophage,Up,-1.42167342130014,0.0176624793632508
1509,Herpud1,ST,Spleen,Macrophage,Up,-1.01870917330113,0.0243325019901156
1510,S100a9,ST,Spleen,Macrophage,Up,-1.50639041649675,0.025999398125743
1511,Slpi,ST,Spleen,Macrophage,Up,-1.98765465186817,0.0344375555833831
1512,Ssr3,ST,Spleen,Macrophage,Up,-0.707731561186479,0.0350120048552411
1513,Serp1,ST,Spleen,Macrophage,Up,-0.724242187056158,0.0387934962304418
1514,Zbtb38,ST,Spleen,Macrophage,Up,-0.828157075484315,0.0441879110844831
1515,Ighg2b,Vis,Spleen,Bcell,Up,-1.45595219952863,1.50850900305395e-05
1516,Sypl,Vis,Spleen,Bcell,Up,-0.494538591001591,0.0207904945260567
1517,Macf1,Vis,Spleen,Bcell,Down,0.497947237064874,0.0302834524120287
1518,Jchain,Vis,Spleen,Erythroblast,Up,-1.75302467167712,1.56858884498391e-10
1519,Ighm,Vis,Spleen,Erythroblast,Up,-2.03534550470917,2.28586272232411e-08
1520,Edem1,Vis,Spleen,Erythroblast,Up,-1.45294289290456,2.18881546176669e-05
1521,Xbp1,Vis,Spleen,Erythroblast,Up,-1.31747417935786,2.33319159805325e-05
1522,Mzb1,Vis,Spleen,Erythroblast,Up,-1.11547950872465,0.0007199748490526
1523,Irf4,Vis,Spleen,Erythroblast,Up,-1.73087671777694,0.0010485327834143
1524,Trp53inp1,Vis,Spleen,Erythroblast,Up,-1.29110533385341,0.0027233307552715
1525,Ighg2b,Vis,Spleen,Erythroblast,Up,-1.98629403852057,0.0028254922247036
1526,Herpud1,Vis,Spleen,Erythroblast,Up,-1.0185002931585,0.0047339661757107
1527,Hsp90b1,Vis,Spleen,Erythroblast,Up,-0.892591434740388,0.0204390748450845
1528,Edem1,Vis,Spleen,Macrophage,Up,-1.56812542922312,4.6612917446924403e-23
1529,Xbp1,Vis,Spleen,Macrophage,Up,-1.31414699713001,8.34824554975251e-20
1530,Herpud1,Vis,Spleen,Macrophage,Up,-1.35464751024668,9.38608779787797e-19
1531,Irf4,Vis,Spleen,Macrophage,Up,-1.59628188911459,2.43564311815257e-17
1532,Hsp90b1,Vis,Spleen,Macrophage,Up,-1.19054034202146,7.261113371145519e-16
1533,Mzb1,Vis,Spleen,Macrophage,Up,-1.41899131296592,3.5351250740216504e-15
1534,Trp53inp1,Vis,Spleen,Macrophage,Up,-1.28885671908646,7.10855376625798e-13
1535,Ighm,Vis,Spleen,Macrophage,Up,-1.89695952797547,6.24484123058889e-11
1536,S100a9,Vis,Spleen,Macrophage,Up,-2.39018845843367,2.16545011200873e-10
1537,Ighg2b,Vis,Spleen,Macrophage,Up,-2.40563974216869,2.11718236161805e-07
1538,Jchain,Vis,Spleen,Macrophage,Up,-1.22176256805438,2.28474741697423e-06
1539,Slpi,Vis,Spleen,Macrophage,Up,-1.47270437393461,0.0002023045574283
1540,Serp1,Vis,Spleen,Macrophage,Up,-0.573126951450568,0.0030030644031817
1541,Manf,Vis,Spleen,Macrophage,Up,-0.946804780012614,0.0056311263790734
1542,Spcs1,Vis,Spleen,Macrophage,Up,-0.598208087097106,0.0063209322993759
1543,Ighg3,Vis,Spleen,Macrophage,Up,-1.74393777640174,0.0198595566713829
1544,Zbtb38,Vis,Spleen,Macrophage,Up,-0.735897840695962,0.0220372542347174
1545,Ssr3,Vis,Spleen,Macrophage,Up,-0.550957050363671,0.0286653156197991
